{
    "@class": "com.kony.gen.viz.model.component.KVizButton",
    "DNDConfig": null,
    "__markedForDelete__": true,
    "__parentReadjusting__": false,
    "_height_": {
        "type": "string",
        "value": "48dp"
    },
    "_left_": {
        "type": "string",
        "value": "0%"
    },
    "_margin_": [
        6,
        6,
        6,
        6
    ],
    "_padding_": [
        0,
        0,
        0,
        0
    ],
    "_skin_": "s11d046c226644839b0bf25d5276306d",
    "_text_": "Cancel",
    "_top_": {
        "type": "string",
        "value": "0dp"
    },
    "_width_": {
        "type": "string",
        "value": "100%"
    },
    "canUpdateUI": true,
    "containerweight": 100,
    "contentalignment": 5,
    "displaytext": true,
    "focusskin": "sf48bb96b94f410ba1daa1ab8d1b6817",
    "id": "btnClose",
    "ide_onClick": "AS_Button_de7fb28826cf4b04b3fcc2adfa5de697",
    "info": null,
    "isvisible": true,
    "kuid": "ecb5e59c8a0a4e1cb5c1f32f41f3a70b",
    "name": "kony.ui.Button",
    "parent": "flxCancel",
    "pf": "userwidgetmodel",
    "wType": "Button",
    "zindex": 1
}