{
    "@class": "com.kony.gen.viz.model.component.KVizButton",
    "DNDConfig": null,
    "__markedForDelete__": true,
    "__parentReadjusting__": false,
    "_height_": {
        "type": "string",
        "value": "48dp"
    },
    "_left_": {
        "type": "string",
        "value": "0%"
    },
    "_margin_": [
        6,
        6,
        6,
        6
    ],
    "_padding_": [
        0,
        0,
        0,
        0
    ],
    "_skin_": "s1ebf7056e0749469740fe764dec16bc",
    "_text_": "Use Apple Maps",
    "_top_": {
        "type": "string",
        "value": "3dp"
    },
    "_width_": {
        "type": "string",
        "value": "100%"
    },
    "canUpdateUI": true,
    "containerweight": 100,
    "contentalignment": 5,
    "displaytext": true,
    "focusskin": "s2b2c7300e68484285d98d7fda88f16d",
    "id": "btnOption1",
    "ide_onClick": "AS_Button_jca4f53738964532b3d54cb7a2fcabeb",
    "info": null,
    "isvisible": true,
    "kuid": "dec9d71302194ac69b1ea8db860347cf",
    "name": "kony.ui.Button",
    "parent": "flxOptions",
    "pf": "userwidgetmodel",
    "wType": "Button",
    "zindex": 1
}