{
    "DNDConfig": null,
    "__parentReadjusting__": false,
    "_height_": {
        "type": "number",
        "value": "45"
    },
    "_left_": {
        "type": "string",
        "value": "85%"
    },
    "_margin_": [
        0,
        0,
        0,
        0
    ],
    "_orientation_": 6,
    "_padding_": [
        0,
        0,
        0,
        0
    ],
    "_percent_": true,
    "_skin_": "sb55c3efe67b44629a522514578f9c5e",
    "_width_": {
        "type": "number",
        "value": "45"
    },
    "allboxes": [],
    "autogrowmode": 0,
    "canUpdateUI": true,
    "centery": {
        "type": "string",
        "value": "8%"
    },
    "children": [
        "imgCurrentLocation"
    ],
    "clipbounds": true,
    "containerweight": 100,
    "enablescrolling": true,
    "id": "flxNavigateToCurrentLoction",
    "info": null,
    "isvisible": true,
    "kuid": "be4b9dce934e4ef5a3ce0fa6856843a7",
    "layouttype": 2,
    "name": "kony.ui.FlexContainer",
    "parent": "flxMapView",
    "pf": "userwidgetmodel",
    "snapgridsize": 10,
    "snaptogrid": true,
    "wType": "FlexContainer",
    "widgetalignment": 1,
    "zindex": 1
}