{
    "DNDConfig": null,
    "__parentReadjusting__": false,
    "_height_": {
        "type": "string",
        "value": "7%"
    },
    "_margin_": [
        0,
        0,
        0,
        0
    ],
    "_orientation_": 6,
    "_padding_": [
        0,
        0,
        0,
        0
    ],
    "_percent_": true,
    "_render_": true,
    "_skin_": "s6adbef9d68544b38694fcd05cbb40a7",
    "_top_": {
        "type": "string",
        "value": "5%"
    },
    "_width_": {
        "type": "string",
        "value": "60%"
    },
    "allboxes": [],
    "android": {
        "render": true
    },
    "autogrowmode": 0,
    "canUpdateUI": true,
    "centerx": {
        "type": "string",
        "value": "50%"
    },
    "centery": {
        "type": "string",
        "value": "8%"
    },
    "children": [
        "imgRefresh",
        "lblSearchHere"
    ],
    "clipbounds": true,
    "containerweight": 100,
    "enablescrolling": true,
    "id": "flxSearchThisArea",
    "ide_onClick": "AS_FlexContainer_b60d80d1b80546d68ea637a07334451f",
    "info": null,
    "iphone": {
        "render": true
    },
    "isvisible": true,
    "kuid": "c8581a0df7ee4f66b161f639bc1f038b",
    "layouttype": 2,
    "name": "kony.ui.FlexContainer",
    "parent": "flxMapView",
    "pf": "userwidgetmodel",
    "snapgridsize": 10,
    "snaptogrid": true,
    "spaan": {
        "render": true
    },
    "spabb": {
        "render": false
    },
    "spaip": {
        "render": true
    },
    "spawinphone8": {
        "render": false
    },
    "wType": "FlexContainer",
    "widgetalignment": 1,
    "winphone8": {
        "render": false
    },
    "zindex": 1
}