{
    "@class": "com.kony.gen.viz.model.component.KVizImage2",
    "DNDConfig": null,
    "__parentReadjusting__": false,
    "_base64_": null,
    "_height_": {
        "type": "string",
        "value": "70%"
    },
    "_margin_": [
        0,
        0,
        0,
        0
    ],
    "_padding_": [
        0,
        0,
        0,
        0
    ],
    "_skin_": "s0e8ff23147c46a2a1ba81e94e250a9b",
    "_src_": "nearby_outline_icon.png",
    "_width_": {
        "type": "string",
        "value": "65%"
    },
    "canUpdateUI": true,
    "centerx": {
        "type": "string",
        "value": "45%"
    },
    "centery": {
        "type": "string",
        "value": "50%"
    },
    "containerweight": 100,
    "context": {
        "channel": "mobile",
        "formID": "uwu10ed851c8be432abcc486da652268dd",
        "platform": "iphone",
        "templateType": "userwidgets",
        "topLevelBox": null
    },
    "id": "imgCurrentLocation",
    "imagescalemode": 1,
    "info": null,
    "isvisible": true,
    "kuid": "b08eff3555624c19ad517c80d334fac5",
    "name": "kony.ui.Image2",
    "parent": "flxNavigateToCurrentLoction",
    "pf": "userwidgetmodel",
    "srcType": 1,
    "wType": "Image",
    "widgetalignment": 5,
    "zindex": 1
}