{
    "@class": "com.kony.gen.viz.model.container.KVizSegment2",
    "DNDConfig": null,
    "__parentReadjusting__": false,
    "_data_": [
        {},
        {},
        {}
    ],
    "_height_": {
        "type": "string",
        "value": "100%"
    },
    "_indicator_": "none",
    "_left_": {
        "type": "string",
        "value": "0%"
    },
    "_margin_": [
        0,
        0,
        0,
        0
    ],
    "_orientation_": 2,
    "_padding_": [
        0,
        0,
        0,
        0
    ],
    "_top_": {
        "type": "string",
        "value": "0%"
    },
    "_width_": {
        "type": "string",
        "value": "100%"
    },
    "autogrowmode": 0,
    "canUpdateUI": true,
    "containerweight": 100,
    "counter": "04",
    "focusedindex": null,
    "focuseditem": null,
    "groupcells": false,
    "hasSections": false,
    "id": "segListView",
    "ide_onPush": "AS_Segment_g7b2863fdcb34044af7261f0603759da",
    "ide_onReachingEnd": "AS_Segment_g7265778e4ae47508609ae0db722b9eb",
    "ide_onRowClick": "AS_Segment_ccd12039e9484ce6b1c9b49a586fd24e",
    "ide_onTouchMove": "AS_Segment_a68493c65e584978a6f1d2dbf2749f29",
    "ide_onTouchStart": "AS_Segment_d2860d1168ac46e5b0a0058b15cee625",
    "info": null,
    "ipad": {
        "psp": {
            "indicator": "rowselect"
        }
    },
    "iphone": {
        "psp": {
            "indicator": "none"
        }
    },
    "isvisible": true,
    "kuid": "g12b25315b804ff7a459fac7935af3fe",
    "masterdata": {},
    "mobile": {
        "_data_": [
            {
                "img1": {
                    "@class": "com.viz.ide.model.segment.ImageSegmentData",
                    "src": "star_empty.png"
                },
                "img2": {
                    "@class": "com.viz.ide.model.segment.ImageSegmentData",
                    "src": "star_empty.png"
                },
                "img3": {
                    "@class": "com.viz.ide.model.segment.ImageSegmentData",
                    "src": "star_empty.png"
                },
                "img4": {
                    "@class": "com.viz.ide.model.segment.ImageSegmentData",
                    "src": "star_empty.png"
                },
                "img5": {
                    "@class": "com.viz.ide.model.segment.ImageSegmentData",
                    "src": "star_empty.png"
                },
                "imgCall": {
                    "@class": "com.viz.ide.model.segment.ImageSegmentData",
                    "src": "phone_icon.png"
                },
                "imgGetDirections": {
                    "@class": "com.viz.ide.model.segment.ImageSegmentData",
                    "src": "directions_icon.png"
                },
                "imgItem": {
                    "@class": "com.viz.ide.model.segment.ImageSegmentData",
                    "src": "imagedrag.png"
                },
                "lblAddress": {
                    "@class": "com.viz.ide.model.segment.SimpleTextSegmentData",
                    "text": "Address"
                },
                "lblCall": {
                    "@class": "com.viz.ide.model.segment.SimpleTextSegmentData",
                    "text": "Call"
                },
                "lblDistance": {
                    "@class": "com.viz.ide.model.segment.SimpleTextSegmentData",
                    "text": "Distance"
                },
                "lblGetDirections": {
                    "@class": "com.viz.ide.model.segment.SimpleTextSegmentData",
                    "text": "Directions"
                },
                "lblLine": {
                    "@class": "com.viz.ide.model.segment.SimpleTextSegmentData",
                    "text": ""
                },
                "lblPlaceName": {
                    "@class": "com.viz.ide.model.segment.SimpleTextSegmentData",
                    "text": "PlaceName"
                },
                "lblPlaceType": {
                    "@class": "com.viz.ide.model.segment.SimpleTextSegmentData",
                    "text": "Place Type"
                },
                "lblRate": {
                    "@class": "com.viz.ide.model.segment.SimpleTextSegmentData",
                    "text": "Rate"
                },
                "lblTiming": {
                    "@class": "com.viz.ide.model.segment.SimpleTextSegmentData",
                    "text": "Timing"
                }
            },
            {
                "img1": {
                    "@class": "com.viz.ide.model.segment.ImageSegmentData",
                    "src": "star_empty.png"
                },
                "img2": {
                    "@class": "com.viz.ide.model.segment.ImageSegmentData",
                    "src": "star_empty.png"
                },
                "img3": {
                    "@class": "com.viz.ide.model.segment.ImageSegmentData",
                    "src": "star_empty.png"
                },
                "img4": {
                    "@class": "com.viz.ide.model.segment.ImageSegmentData",
                    "src": "star_empty.png"
                },
                "img5": {
                    "@class": "com.viz.ide.model.segment.ImageSegmentData",
                    "src": "star_empty.png"
                },
                "imgCall": {
                    "@class": "com.viz.ide.model.segment.ImageSegmentData",
                    "src": "phone_icon.png"
                },
                "imgGetDirections": {
                    "@class": "com.viz.ide.model.segment.ImageSegmentData",
                    "src": "directions_icon.png"
                },
                "imgItem": {
                    "@class": "com.viz.ide.model.segment.ImageSegmentData",
                    "src": "imagedrag.png"
                },
                "lblAddress": {
                    "@class": "com.viz.ide.model.segment.SimpleTextSegmentData",
                    "text": "Address"
                },
                "lblCall": {
                    "@class": "com.viz.ide.model.segment.SimpleTextSegmentData",
                    "text": "Call"
                },
                "lblDistance": {
                    "@class": "com.viz.ide.model.segment.SimpleTextSegmentData",
                    "text": "Distance"
                },
                "lblGetDirections": {
                    "@class": "com.viz.ide.model.segment.SimpleTextSegmentData",
                    "text": "Directions"
                },
                "lblLine": {
                    "@class": "com.viz.ide.model.segment.SimpleTextSegmentData",
                    "text": ""
                },
                "lblPlaceName": {
                    "@class": "com.viz.ide.model.segment.SimpleTextSegmentData",
                    "text": "PlaceName"
                },
                "lblPlaceType": {
                    "@class": "com.viz.ide.model.segment.SimpleTextSegmentData",
                    "text": "Place Type"
                },
                "lblRate": {
                    "@class": "com.viz.ide.model.segment.SimpleTextSegmentData",
                    "text": "Rate"
                },
                "lblTiming": {
                    "@class": "com.viz.ide.model.segment.SimpleTextSegmentData",
                    "text": "Timing"
                }
            },
            {
                "img1": {
                    "@class": "com.viz.ide.model.segment.ImageSegmentData",
                    "src": "star_empty.png"
                },
                "img2": {
                    "@class": "com.viz.ide.model.segment.ImageSegmentData",
                    "src": "star_empty.png"
                },
                "img3": {
                    "@class": "com.viz.ide.model.segment.ImageSegmentData",
                    "src": "star_empty.png"
                },
                "img4": {
                    "@class": "com.viz.ide.model.segment.ImageSegmentData",
                    "src": "star_empty.png"
                },
                "img5": {
                    "@class": "com.viz.ide.model.segment.ImageSegmentData",
                    "src": "star_empty.png"
                },
                "imgCall": {
                    "@class": "com.viz.ide.model.segment.ImageSegmentData",
                    "src": "phone_icon.png"
                },
                "imgGetDirections": {
                    "@class": "com.viz.ide.model.segment.ImageSegmentData",
                    "src": "directions_icon.png"
                },
                "imgItem": {
                    "@class": "com.viz.ide.model.segment.ImageSegmentData",
                    "src": "imagedrag.png"
                },
                "lblAddress": {
                    "@class": "com.viz.ide.model.segment.SimpleTextSegmentData",
                    "text": "Address"
                },
                "lblCall": {
                    "@class": "com.viz.ide.model.segment.SimpleTextSegmentData",
                    "text": "Call"
                },
                "lblDistance": {
                    "@class": "com.viz.ide.model.segment.SimpleTextSegmentData",
                    "text": "Distance"
                },
                "lblGetDirections": {
                    "@class": "com.viz.ide.model.segment.SimpleTextSegmentData",
                    "text": "Directions"
                },
                "lblLine": {
                    "@class": "com.viz.ide.model.segment.SimpleTextSegmentData",
                    "text": ""
                },
                "lblPlaceName": {
                    "@class": "com.viz.ide.model.segment.SimpleTextSegmentData",
                    "text": "PlaceName"
                },
                "lblPlaceType": {
                    "@class": "com.viz.ide.model.segment.SimpleTextSegmentData",
                    "text": "Place Type"
                },
                "lblRate": {
                    "@class": "com.viz.ide.model.segment.SimpleTextSegmentData",
                    "text": "Rate"
                },
                "lblTiming": {
                    "@class": "com.viz.ide.model.segment.SimpleTextSegmentData",
                    "text": "Timing"
                }
            },
            {
                "img1": {
                    "@class": "com.viz.ide.model.segment.ImageSegmentData",
                    "src": "star_empty.png"
                },
                "img2": {
                    "@class": "com.viz.ide.model.segment.ImageSegmentData",
                    "src": "star_empty.png"
                },
                "img3": {
                    "@class": "com.viz.ide.model.segment.ImageSegmentData",
                    "src": "star_empty.png"
                },
                "img4": {
                    "@class": "com.viz.ide.model.segment.ImageSegmentData",
                    "src": "star_empty.png"
                },
                "img5": {
                    "@class": "com.viz.ide.model.segment.ImageSegmentData",
                    "src": "star_empty.png"
                },
                "imgCall": {
                    "@class": "com.viz.ide.model.segment.ImageSegmentData",
                    "src": "phone_icon.png"
                },
                "imgGetDirections": {
                    "@class": "com.viz.ide.model.segment.ImageSegmentData",
                    "src": "directions_icon.png"
                },
                "imgItem": {
                    "@class": "com.viz.ide.model.segment.ImageSegmentData",
                    "src": "imagedrag.png"
                },
                "lblAddress": {
                    "@class": "com.viz.ide.model.segment.SimpleTextSegmentData",
                    "text": "Address"
                },
                "lblCall": {
                    "@class": "com.viz.ide.model.segment.SimpleTextSegmentData",
                    "text": "Call"
                },
                "lblDistance": {
                    "@class": "com.viz.ide.model.segment.SimpleTextSegmentData",
                    "text": "Distance"
                },
                "lblGetDirections": {
                    "@class": "com.viz.ide.model.segment.SimpleTextSegmentData",
                    "text": "Directions"
                },
                "lblLine": {
                    "@class": "com.viz.ide.model.segment.SimpleTextSegmentData",
                    "text": ""
                },
                "lblPlaceName": {
                    "@class": "com.viz.ide.model.segment.SimpleTextSegmentData",
                    "text": "PlaceName"
                },
                "lblPlaceType": {
                    "@class": "com.viz.ide.model.segment.SimpleTextSegmentData",
                    "text": "Place Type"
                },
                "lblRate": {
                    "@class": "com.viz.ide.model.segment.SimpleTextSegmentData",
                    "text": "Rate"
                },
                "lblTiming": {
                    "@class": "com.viz.ide.model.segment.SimpleTextSegmentData",
                    "text": "Timing"
                }
            },
            {
                "img1": {
                    "@class": "com.viz.ide.model.segment.ImageSegmentData",
                    "src": "star_empty.png"
                },
                "img2": {
                    "@class": "com.viz.ide.model.segment.ImageSegmentData",
                    "src": "star_empty.png"
                },
                "img3": {
                    "@class": "com.viz.ide.model.segment.ImageSegmentData",
                    "src": "star_empty.png"
                },
                "img4": {
                    "@class": "com.viz.ide.model.segment.ImageSegmentData",
                    "src": "star_empty.png"
                },
                "img5": {
                    "@class": "com.viz.ide.model.segment.ImageSegmentData",
                    "src": "star_empty.png"
                },
                "imgCall": {
                    "@class": "com.viz.ide.model.segment.ImageSegmentData",
                    "src": "phone_icon.png"
                },
                "imgGetDirections": {
                    "@class": "com.viz.ide.model.segment.ImageSegmentData",
                    "src": "directions_icon.png"
                },
                "imgItem": {
                    "@class": "com.viz.ide.model.segment.ImageSegmentData",
                    "src": "imagedrag.png"
                },
                "lblAddress": {
                    "@class": "com.viz.ide.model.segment.SimpleTextSegmentData",
                    "text": "Address"
                },
                "lblCall": {
                    "@class": "com.viz.ide.model.segment.SimpleTextSegmentData",
                    "text": "Call"
                },
                "lblDistance": {
                    "@class": "com.viz.ide.model.segment.SimpleTextSegmentData",
                    "text": "Distance"
                },
                "lblGetDirections": {
                    "@class": "com.viz.ide.model.segment.SimpleTextSegmentData",
                    "text": "Directions"
                },
                "lblLine": {
                    "@class": "com.viz.ide.model.segment.SimpleTextSegmentData",
                    "text": ""
                },
                "lblPlaceName": {
                    "@class": "com.viz.ide.model.segment.SimpleTextSegmentData",
                    "text": "PlaceName"
                },
                "lblPlaceType": {
                    "@class": "com.viz.ide.model.segment.SimpleTextSegmentData",
                    "text": "Place Type"
                },
                "lblRate": {
                    "@class": "com.viz.ide.model.segment.SimpleTextSegmentData",
                    "text": "Rate"
                },
                "lblTiming": {
                    "@class": "com.viz.ide.model.segment.SimpleTextSegmentData",
                    "text": "Timing"
                }
            }
        ],
        "rowTemplateId": "i9d13ccd954c4730b9f200b42fbcd7ef",
        "rowtemplate": "flexHolder",
        "widgetdatamap": {
            "flexHolder": "flexHolder",
            "flexLeftPane": "flexLeftPane",
            "flexRightPane": "flexRightPane",
            "flxBottomCard": "flxBottomCard",
            "flxCall": "flxCall",
            "flxContainer": "flxContainer",
            "flxDirections": "flxDirections",
            "flxHolder1": "flxHolder1",
            "flxRating": "flxRating",
            "flxTopCard": "flxTopCard",
            "img1": "img1",
            "img2": "img2",
            "img3": "img3",
            "img4": "img4",
            "img5": "img5",
            "imgCall": "imgCall",
            "imgGetDirections": "imgGetDirections",
            "imgItem": "imgItem",
            "lblAddress": "lblAddress",
            "lblCall": "lblCall",
            "lblDistance": "lblDistance",
            "lblGetDirections": "lblGetDirections",
            "lblLine": "lblLine",
            "lblPlaceName": "lblPlaceName",
            "lblPlaceType": "lblPlaceType",
            "lblRate": "lblRate",
            "lblTiming": "lblTiming"
        }
    },
    "name": "kony.ui.SegmentedUI2",
    "needpageindicator": true,
    "pageoffdotimage": "pageoffdot.png",
    "pageondotimage": "pageondot.png",
    "paginationconfig": {
        "position": "bottom"
    },
    "parent": "flxListView",
    "pf": "userwidgetmodel",
    "retainselection": false,
    "rowcounter": 4,
    "rowfocusskin": "sa1074641bcb443b8a06938e0ad1668c",
    "rowskin": "sa8cf83de3d044c4bfd54c148911abec",
    "rowtemplate": null,
    "screenlevelwidget": false,
    "seccounter": 0,
    "sectionheaderskin": "s91841f179874d67850a5f19d914a8c5",
    "selectedRows": null,
    "selectedState": false,
    "selectedindex": null,
    "selectedindices": null,
    "selecteditems": null,
    "selectedsectionindex": 0,
    "selectionbehavior": "default",
    "separatorcolor": "64646400",
    "separatorrequired": false,
    "separatorthickness": 0,
    "showscrollbars": false,
    "viewtype": "tableview",
    "wType": "Segment",
    "widgetalignment": 5,
    "widgetdatamap": {
        "flexHolder": "flexHolder",
        "flexLeftPane": "flexLeftPane",
        "flexRightPane": "flexRightPane",
        "flxBottomCard": "flxBottomCard",
        "flxCall": "flxCall",
        "flxContainer": "flxContainer",
        "flxDirections": "flxDirections",
        "flxHolder1": "flxHolder1",
        "flxRating": "flxRating",
        "flxTopCard": "flxTopCard",
        "img1": "img1",
        "img2": "img2",
        "img3": "img3",
        "img4": "img4",
        "img5": "img5",
        "imgCall": "imgCall",
        "imgGetDirections": "imgGetDirections",
        "imgItem": "imgItem",
        "lblAddress": "lblAddress",
        "lblCall": "lblCall",
        "lblDistance": "lblDistance",
        "lblGetDirections": "lblGetDirections",
        "lblLine": "lblLine",
        "lblPlaceName": "lblPlaceName",
        "lblPlaceType": "lblPlaceType",
        "lblRate": "lblRate",
        "lblTiming": "lblTiming"
    },
    "zindex": 1
}