{
    "classname": "slidingmenu",
    "definitions": {
        "apis": {
            "custom": [
                {
                    "group": "General",
                    "kuid": "je5380ddf0954db4af499dd8703f13de",
                    "paramList": [],
                    "propertyKey": "removeAllMenuItem",
                    "pw": {
                        "displayName": "removeAllMenuItem",
                        "uiRepresentation": "Label-Label-Button-Button"
                    },
                    "srcWgtKUID": "m8e464bb908946d5a8beecad6f314755",
                    "type": "event"
                },
                {
                    "group": "General",
                    "kuid": "cace07d5635a4022a85ee0d67a7cd15c",
                    "paramList": [
                        {
                            "name": "menuItems"
                        },
                        {
                            "name": "submenuItems"
                        }
                    ],
                    "propertyKey": "addMenuItems",
                    "pw": {
                        "displayName": "addMenuItems",
                        "uiRepresentation": "Label-Label-Button-Button"
                    },
                    "srcWgtKUID": "m8e464bb908946d5a8beecad6f314755",
                    "type": "event"
                },
                {
                    "group": "General",
                    "kuid": "acc4d1525ef546a0a9e3fdf3df737244",
                    "paramList": [],
                    "propertyKey": "showSlidingMenu",
                    "pw": {
                        "displayName": "showSlidingMenu",
                        "uiRepresentation": "Label-Label-Button-Button"
                    },
                    "srcWgtKUID": "m8e464bb908946d5a8beecad6f314755",
                    "type": "event"
                },
                {
                    "group": "General",
                    "kuid": "i85141dde9c141748a85214b2a08a67b",
                    "paramList": [],
                    "propertyKey": "hideSlidingMenu",
                    "pw": {
                        "displayName": "hideSlidingMenu",
                        "uiRepresentation": "Label-Label-Button-Button"
                    },
                    "srcWgtKUID": "m8e464bb908946d5a8beecad6f314755",
                    "type": "event"
                }
            ],
            "passthrough": []
        },
        "events": {
            "custom": [
                {
                    "group": "General",
                    "kuid": "d8b8d7f6667b4a528a08aff7b5daf5b7",
                    "paramList": [],
                    "propertyIndex": 1,
                    "propertyKey": "onShowSlidingMenu",
                    "pw": {
                        "displayName": "onShowSlidingMenu",
                        "uiRepresentation": "Label-Label-Button-Button"
                    },
                    "srcWgtKUID": "m8e464bb908946d5a8beecad6f314755",
                    "type": "event"
                },
                {
                    "group": "General",
                    "kuid": "ededf671468f4af49f5259f0c1a1991f",
                    "paramList": [],
                    "propertyIndex": 1,
                    "propertyKey": "onHideSlidingMenu",
                    "pw": {
                        "displayName": "onHideSlidingMenu",
                        "uiRepresentation": "Label-Label-Button-Button"
                    },
                    "srcWgtKUID": "m8e464bb908946d5a8beecad6f314755",
                    "type": "event"
                },
                {
                    "group": "General",
                    "kuid": "b1ed118235d843b499661cdf8fa0260f",
                    "paramList": [
                        {
                            "name": "menuindex"
                        }
                    ],
                    "propertyIndex": 1,
                    "propertyKey": "onMenuItemClick",
                    "pw": {
                        "displayName": "onMenuItemClick",
                        "uiRepresentation": "Label-Label-Button-Button"
                    },
                    "srcWgtKUID": "m8e464bb908946d5a8beecad6f314755",
                    "type": "event"
                }
            ],
            "passthrough": [
                {
                    "access": "Enable",
                    "group": "General",
                    "kuid": "dd636cbfa8584d97936e220013bc95a7",
                    "originalPropertyKey": "onClick",
                    "propertyIndex": 1,
                    "propertyKey": "onFooterClick",
                    "pw": {
                        "access": "readwrite",
                        "category": "action",
                        "displayName": "onFooterClick",
                        "srcWidget": "flxBotom",
                        "type": "action",
                        "uiRepresentation": "Label-Label-Button-Button",
                        "wType": "FlexContainer"
                    },
                    "srcWgtKUID": "e62614a9a84e462fad4cc8bbe1335bdf"
                },
                {
                    "access": "Enable",
                    "group": "General",
                    "kuid": "adb71e89cdc244789b5d6efa24604c32",
                    "originalPropertyKey": "onClick",
                    "propertyIndex": 2,
                    "propertyKey": "onProfileClick",
                    "pw": {
                        "access": "readwrite",
                        "category": "action",
                        "displayName": "onProfileClick",
                        "srcWidget": "flxImage",
                        "type": "action",
                        "uiRepresentation": "Label-Label-Button-Button",
                        "wType": "FlexContainer"
                    },
                    "srcWgtKUID": "h0a282ca17324c44bb1e95890cf93b09"
                }
            ]
        },
        "groups": {
            "apis": [
                "General"
            ],
            "events": [],
            "properties": [
                "Transitions",
                "Headings",
                "Profile Options",
                "Footer Options"
            ],
            "widgets": []
        },
        "properties": {
            "custom": [
                {
                    "access": "Write",
                    "defaultValue": "Left",
                    "group": "Transitions",
                    "kuid": "gf0fdb78725c4f2ea2a4c42cf0bb26fb",
                    "originalPropertyKey": "slidingMenuDirection",
                    "propertyIndex": 1,
                    "propertyKey": "slidingMenuDirection",
                    "pw": {
                        "displayName": "Sliding Menu Direction",
                        "uiRepresentation": "Label-Combobox"
                    },
                    "srcWgtKUID": "m8e464bb908946d5a8beecad6f314755",
                    "type": "list selector",
                    "value": [
                        "Right",
                        "Left"
                    ]
                },
                {
                    "access": "Write",
                    "defaultValue": "No Footer",
                    "group": "Footer Options",
                    "kuid": "c4e8347b92a247acb9c25df2b44dac19",
                    "originalPropertyKey": "footerStyle",
                    "propertyIndex": 1,
                    "propertyKey": "footerStyle",
                    "pw": {
                        "displayName": "Footer Style",
                        "uiRepresentation": "Label-Combobox"
                    },
                    "srcWgtKUID": "m8e464bb908946d5a8beecad6f314755",
                    "type": "list selector",
                    "value": [
                        "No Footer",
                        "only Text",
                        "only Image",
                        "Image & Text"
                    ]
                },
                {
                    "access": "Write",
                    "defaultValue": "Push",
                    "group": "Transitions",
                    "kuid": "fe8cb26dec27483fa5c55613dd0fc312",
                    "originalPropertyKey": "slidingMenuAnimation",
                    "propertyIndex": 2,
                    "propertyKey": "slidingMenuAnimation",
                    "pw": {
                        "displayName": "Sliding Menu Transitions",
                        "uiRepresentation": "Label-Combobox"
                    },
                    "srcWgtKUID": "m8e464bb908946d5a8beecad6f314755",
                    "type": "list selector",
                    "value": [
                        "Reveal",
                        "Overlay",
                        "Push",
                        "Squeeze"
                    ]
                },
                {
                    "access": "Write",
                    "defaultValue": "Slide In",
                    "group": "Transitions",
                    "kuid": "df333f3686924531ac19cdf392b08202",
                    "originalPropertyKey": "headerAnimation",
                    "propertyIndex": 3,
                    "propertyKey": "headerAnimation",
                    "pw": {
                        "displayName": "Header Animation",
                        "uiRepresentation": "Label-Combobox"
                    },
                    "srcWgtKUID": "m8e464bb908946d5a8beecad6f314755",
                    "type": "list selector",
                    "value": [
                        "No Animation",
                        "Zoom Out",
                        "Slide In"
                    ]
                },
                {
                    "access": "Write",
                    "defaultValue": "Regular",
                    "group": "Profile Options",
                    "kuid": "b74b5efbe326433689fda9c21486fbaf",
                    "originalPropertyKey": "profileImageType",
                    "propertyIndex": 3,
                    "propertyKey": "profileImageType",
                    "pw": {
                        "displayName": "Profile Image Type",
                        "uiRepresentation": "Label-Combobox"
                    },
                    "srcWgtKUID": "m8e464bb908946d5a8beecad6f314755",
                    "type": "list selector",
                    "value": [
                        "Regular",
                        "Rounded Corner",
                        "Circle"
                    ]
                },
                {
                    "access": "Write",
                    "defaultValue": {
                        "data": [
                            {
                                "menuItemIcon": "visualizerimage_icon.png",
                                "menuItemName": "Label 1"
                            },
                            {
                                "menuItemIcon": "visualizerimage_icon.png",
                                "menuItemName": "Label 2"
                            },
                            {
                                "menuItemIcon": "visualizerimage_icon.png",
                                "menuItemName": "Label 3"
                            },
                            {
                                "menuItemIcon": "visualizerimage_icon.png",
                                "menuItemName": "Label 4"
                            },
                            {
                                "menuItemIcon": "visualizerimage_icon.png",
                                "menuItemName": "Label 5"
                            },
                            {
                                "menuItemIcon": "visualizerimage_icon.png",
                                "menuItemName": "Label 6"
                            },
                            {
                                "menuItemIcon": "visualizerimage_icon.png",
                                "menuItemName": "Label 7"
                            }
                        ],
                        "schema": [
                            {
                                "columnHeaderTemplate": null,
                                "columnHeaderText": "Menu Item Name",
                                "columnHeaderType": "text",
                                "columnID": "menuItemName",
                                "columnOnClick": null,
                                "columnText": "Not Defined",
                                "columnType": "text",
                                "kuid": "f8ade95d4f564430ad3314aa8392f025"
                            },
                            {
                                "columnHeaderTemplate": null,
                                "columnHeaderText": "Menu Item Icon",
                                "columnHeaderType": "text",
                                "columnID": "menuItemIcon",
                                "columnOnClick": null,
                                "columnText": "Not Defined",
                                "columnType": "image",
                                "kuid": "ed67cd7bd0bb449db2118f45df628dfe"
                            }
                        ]
                    },
                    "group": "General",
                    "kuid": "jaa869f5156d45e3970fb102445dda87",
                    "originalPropertyKey": "menuOptions",
                    "propertyIndex": 4,
                    "propertyKey": "menuOptions",
                    "pw": {
                        "displayName": "Menu options",
                        "uiRepresentation": "Label-DataGrid"
                    },
                    "srcWgtKUID": "m8e464bb908946d5a8beecad6f314755",
                    "type": "data grid",
                    "value": 2
                },
                {
                    "access": "Write",
                    "defaultValue": {
                        "data": [],
                        "schema": [
                            {
                                "columnHeaderTemplate": null,
                                "columnHeaderText": "Menu Item Name",
                                "columnHeaderType": "text",
                                "columnID": "menuItemName",
                                "columnOnClick": null,
                                "columnText": "Not Defined",
                                "columnType": "text",
                                "kuid": "d40249434d8c4cd1b66e25d797bc5e3c"
                            },
                            {
                                "columnHeaderTemplate": null,
                                "columnHeaderText": "SubMenu Item Name",
                                "columnHeaderType": "text",
                                "columnID": "submenuItemName",
                                "columnOnClick": null,
                                "columnText": "Not Defined",
                                "columnType": "text",
                                "kuid": "eddf1d51847e41d7842b6d52033db26d"
                            },
                            {
                                "columnHeaderTemplate": null,
                                "columnHeaderText": "SubMenu Item Icon",
                                "columnHeaderType": "text",
                                "columnID": "submenuItemIcon",
                                "columnOnClick": null,
                                "columnText": "Not Defined",
                                "columnType": "image",
                                "kuid": "f4277a24ea5540a9947b130aff8ae77b"
                            }
                        ]
                    },
                    "group": "General",
                    "kuid": "bd4e8e6ab4364bddada23f86e3621fae",
                    "originalPropertyKey": "subMenuOptions",
                    "propertyIndex": 5,
                    "propertyKey": "subMenuOptions",
                    "pw": {
                        "displayName": "Submenu Options",
                        "uiRepresentation": "Label-DataGrid"
                    },
                    "srcWgtKUID": "m8e464bb908946d5a8beecad6f314755",
                    "type": "data grid",
                    "value": 3
                },
                {
                    "access": "Write",
                    "defaultValue": false,
                    "group": "General",
                    "kuid": "effd2071d0b04fe481547dd88d331b6b",
                    "originalPropertyKey": "enableSeparator",
                    "propertyIndex": 8,
                    "propertyKey": "enableSeparator",
                    "pw": {
                        "displayName": "Enable Separator",
                        "uiRepresentation": "Label-Radiobuttongroup"
                    },
                    "srcWgtKUID": "m8e464bb908946d5a8beecad6f314755",
                    "type": "boolean",
                    "value": "true/false"
                },
                {
                    "access": "Write",
                    "defaultValue": true,
                    "group": "General",
                    "kuid": "h9a56ca1efe64c48bac907e4d1f39820",
                    "originalPropertyKey": "enableMenuItemAnimation",
                    "propertyIndex": 9,
                    "propertyKey": "enableMenuItemAnimation",
                    "pw": {
                        "displayName": "Enable MenuItem Animation",
                        "uiRepresentation": "Label-Radiobuttongroup"
                    },
                    "srcWgtKUID": "m8e464bb908946d5a8beecad6f314755",
                    "type": "boolean",
                    "value": "true/false"
                },
                {
                    "access": "Write",
                    "defaultValue": "0.25",
                    "group": "General",
                    "kuid": "b65aa0e44ae44519b663dabbba4abec5",
                    "originalPropertyKey": "animationSpeed",
                    "propertyIndex": 10,
                    "propertyKey": "animationSpeed",
                    "pw": {
                        "displayName": "Sliding Menu Animation Speed",
                        "uiRepresentation": "Label-Textbox"
                    },
                    "srcWgtKUID": "m8e464bb908946d5a8beecad6f314755",
                    "type": "string",
                    "value": ""
                }
            ],
            "passthrough": [
                {
                    "access": "Enable",
                    "group": "Profile Options",
                    "kuid": "c543f8a73b9b4b148ee2514c155e788a",
                    "originalPropertyKey": "isVisible",
                    "propertyIndex": 1,
                    "propertyKey": "profileImageIsVisible",
                    "pw": {
                        "access": "readwrite",
                        "category": "look",
                        "dependentKeysKUIDs": null,
                        "displayName": "Profile Image isVisible",
                        "srcWidget": "flxImage",
                        "type": "boolean",
                        "uiRepresentation": "Label-Radiobuttongroup",
                        "wType": "FlexContainer"
                    },
                    "srcWgtKUID": "h0a282ca17324c44bb1e95890cf93b09"
                },
                {
                    "access": "Enable",
                    "group": "General",
                    "kuid": "eebe0a82068146b4958b0a490a53b231",
                    "originalPropertyKey": "skin",
                    "propertyIndex": 1,
                    "propertyKey": "subHeadingSkin",
                    "pw": {
                        "access": "readwrite",
                        "category": "skin",
                        "dependentKeysKUIDs": null,
                        "displayName": "Sub Heading Skin",
                        "srcWidget": "lblHeaderText2",
                        "wType": "Label"
                    },
                    "srcWgtKUID": "e99d670fdded4b11a6cf716304442452"
                },
                {
                    "access": "Enable",
                    "group": "General",
                    "kuid": "e087a013ed6c4789bfb1a4a209992514",
                    "originalPropertyKey": "skin",
                    "propertyIndex": 1,
                    "propertyKey": "slidingMenuSkin",
                    "pw": {
                        "access": "readwrite",
                        "category": "skin",
                        "dependentKeysKUIDs": null,
                        "displayName": "Sliding Menu Skin",
                        "srcWidget": "flxMainSlidingMenu",
                        "wType": "FlexContainer"
                    },
                    "srcWgtKUID": "ee2f361ec6024cc48e36ce11a55799f1"
                },
                {
                    "access": "Enable",
                    "group": "General",
                    "kuid": "ca8066bcecf4405f8de710d498e7fb7a",
                    "originalPropertyKey": "skin",
                    "propertyIndex": 1,
                    "propertyKey": "menuTextSkin",
                    "pw": {
                        "access": "readwrite",
                        "category": "skin",
                        "dependentKeysKUIDs": null,
                        "displayName": "Menu Options Text Skin",
                        "srcWidget": "lblnunito",
                        "wType": "Label"
                    },
                    "srcWgtKUID": "ac47f6b021474b7d864476adb7d5a59d"
                },
                {
                    "access": "Enable",
                    "group": "General",
                    "kuid": "d028242911c94f90bde43cf3078283df",
                    "originalPropertyKey": "skin",
                    "propertyIndex": 1,
                    "propertyKey": "headingSkin",
                    "pw": {
                        "access": "readwrite",
                        "category": "skin",
                        "dependentKeysKUIDs": null,
                        "displayName": "Heading Skin",
                        "srcWidget": "lblHeaderText1",
                        "wType": "Label"
                    },
                    "srcWgtKUID": "ec61a2b19b2744b39e0c82fed8d9440b"
                },
                {
                    "access": "Enable",
                    "group": "Headings",
                    "kuid": "e69ec636bc86408ba0bc7d72d1ebd6df",
                    "originalPropertyKey": "isVisible",
                    "propertyIndex": 1,
                    "propertyKey": "headingTextIsVisible",
                    "pw": {
                        "access": "readwrite",
                        "category": "look",
                        "dependentKeysKUIDs": null,
                        "displayName": "Heading Text isVisible",
                        "srcWidget": "lblHeaderText1",
                        "type": "boolean",
                        "uiRepresentation": "Label-Radiobuttongroup",
                        "wType": "Label"
                    },
                    "srcWgtKUID": "ec61a2b19b2744b39e0c82fed8d9440b"
                },
                {
                    "access": "Enable",
                    "group": "General",
                    "kuid": "da0f5e53ec0748d7a03351eca575fae5",
                    "originalPropertyKey": "isVisible",
                    "propertyIndex": 2,
                    "propertyKey": "slidingMenuVisibility",
                    "pw": {
                        "access": "readwrite",
                        "category": "look",
                        "dependentKeysKUIDs": null,
                        "displayName": "Sliding Menu Visibility",
                        "srcWidget": "flxMainSlidingMenu",
                        "type": "boolean",
                        "uiRepresentation": "Label-Radiobuttongroup",
                        "wType": "FlexContainer"
                    },
                    "srcWgtKUID": "ee2f361ec6024cc48e36ce11a55799f1"
                },
                {
                    "access": "Enable",
                    "group": "Profile Options",
                    "kuid": "f06f414068684764b6042120aec31956",
                    "originalPropertyKey": "src",
                    "propertyIndex": 2,
                    "propertyKey": "profileImageSrc",
                    "pw": {
                        "access": "readwrite",
                        "category": "widget",
                        "dependentKeysKUIDs": null,
                        "displayName": "Profile Image Source",
                        "srcWidget": "imgHeader",
                        "type": "string",
                        "uiConfig": {
                            "Button": {
                                "dataRetrieverId": "Imagelist",
                                "dataUpdaterId": "Imagelist",
                                "popupId": "Imagelist",
                                "type": "ImageEditBtn"
                            },
                            "Label": {}
                        },
                        "uiRepresentation": "Label-Label-Button",
                        "wType": "Image"
                    },
                    "srcWgtKUID": "jffda2b4b50749ff95a9afc729307330"
                },
                {
                    "access": "Enable",
                    "group": "Footer Options",
                    "kuid": "fcaeb753c49c476285a694f9e1f56edf",
                    "originalPropertyKey": "skin",
                    "propertyIndex": 2,
                    "propertyKey": "footerTextSkin",
                    "pw": {
                        "access": "readwrite",
                        "category": "skin",
                        "dependentKeysKUIDs": null,
                        "displayName": "Footer Text Skin",
                        "srcWidget": "textFooter",
                        "wType": "Label"
                    },
                    "srcWgtKUID": "d58f21c09ac64c1b967f499ebc2d6ce0"
                },
                {
                    "access": "Enable",
                    "group": "Headings",
                    "kuid": "d702691a83e644f7b84aaa8709853dad",
                    "originalPropertyKey": "text",
                    "propertyIndex": 2,
                    "propertyKey": "headingText",
                    "pw": {
                        "access": "readwrite",
                        "category": "look",
                        "dependentKeysKUIDs": null,
                        "displayName": "Heading Text",
                        "srcWidget": "lblHeaderText1",
                        "type": "string",
                        "uiRepresentation": "Label-Textbox",
                        "wType": "Label"
                    },
                    "srcWgtKUID": "ec61a2b19b2744b39e0c82fed8d9440b"
                },
                {
                    "access": "Enable",
                    "group": "Footer Options",
                    "kuid": "j3059b4d1ad4458087a677c4f8aa8b80",
                    "originalPropertyKey": "text",
                    "propertyIndex": 3,
                    "propertyKey": "footerText",
                    "pw": {
                        "access": "readwrite",
                        "category": "look",
                        "dependentKeysKUIDs": null,
                        "displayName": "Footer text",
                        "srcWidget": "textFooter",
                        "type": "string",
                        "uiRepresentation": "Label-Textbox",
                        "wType": "Label"
                    },
                    "srcWgtKUID": "d58f21c09ac64c1b967f499ebc2d6ce0"
                },
                {
                    "access": "Enable",
                    "group": "Headings",
                    "kuid": "ecda2792a3cc4aa2bb2a5b55c16f1522",
                    "originalPropertyKey": "left",
                    "propertyIndex": 3,
                    "propertyKey": "headingLeft",
                    "pw": {
                        "access": "readwrite",
                        "category": "look",
                        "defaultValue": {
                            "type": "string",
                            "value": ""
                        },
                        "dependentKeysKUIDs": null,
                        "displayName": "Heading Left",
                        "forkablePlatforms": {
                            "desktop": [
                                "desktopweb",
                                "kiosk"
                            ],
                            "mobile": [
                                "iphone",
                                "android",
                                "winphone8",
                                "spaip",
                                "spaan",
                                "spawinphone8",
                                "spabb"
                            ],
                            "tablet": [
                                "ipad",
                                "android",
                                "windows8",
                                "spaipad",
                                "spaandroidtablet",
                                "spawindowstablet"
                            ]
                        },
                        "srcWidget": "lblHeaderText1",
                        "type": "object",
                        "uiConfig": {
                            "Combobox": {
                                "masterData": [
                                    [
                                        "Dp",
                                        "dp"
                                    ],
                                    [
                                        "Px",
                                        "px"
                                    ],
                                    [
                                        "%",
                                        "%"
                                    ],
                                    [
                                        "Default",
                                        "Default"
                                    ]
                                ]
                            },
                            "Label": {},
                            "Textbox": {}
                        },
                        "uiRepresentation": "Label-Textbox-Combobox",
                        "wType": "Label"
                    },
                    "srcWgtKUID": "ec61a2b19b2744b39e0c82fed8d9440b"
                },
                {
                    "access": "Enable",
                    "group": "General",
                    "kuid": "ebcb6b5b6e994fc1a8061e51f447d52e",
                    "originalPropertyKey": "src",
                    "propertyIndex": 3,
                    "propertyKey": "slidingMenuIcon",
                    "pw": {
                        "access": "readwrite",
                        "category": "widget",
                        "dependentKeysKUIDs": null,
                        "displayName": "Sliding Menu Icon",
                        "srcWidget": "imgHamIcon",
                        "type": "string",
                        "uiConfig": {
                            "Button": {
                                "dataRetrieverId": "Imagelist",
                                "dataUpdaterId": "Imagelist",
                                "popupId": "Imagelist",
                                "type": "ImageEditBtn"
                            },
                            "Label": {}
                        },
                        "uiRepresentation": "Label-Label-Button",
                        "wType": "Image"
                    },
                    "srcWgtKUID": "df9c355ee2ad48d09338cac2f4e4f0bf"
                },
                {
                    "access": "Enable",
                    "group": "Profile Options",
                    "kuid": "c4071c218c0c476bb8e0c4f07c4ab6ff",
                    "originalPropertyKey": "left",
                    "propertyIndex": 4,
                    "propertyKey": "profileImageLeft",
                    "pw": {
                        "access": "readwrite",
                        "category": "look",
                        "defaultValue": {
                            "type": "string",
                            "value": ""
                        },
                        "dependentKeysKUIDs": null,
                        "displayName": "Profile Image Left",
                        "forkablePlatforms": {
                            "desktop": [
                                "desktopweb",
                                "kiosk"
                            ],
                            "mobile": [
                                "iphone",
                                "android",
                                "winphone8",
                                "spaip",
                                "spaan",
                                "spawinphone8",
                                "spabb"
                            ],
                            "tablet": [
                                "ipad",
                                "android",
                                "windows8",
                                "spaipad",
                                "spaandroidtablet",
                                "spawindowstablet"
                            ]
                        },
                        "srcWidget": "flxImage",
                        "type": "object",
                        "uiConfig": {
                            "Combobox": {
                                "masterData": [
                                    [
                                        "Dp",
                                        "dp"
                                    ],
                                    [
                                        "Px",
                                        "px"
                                    ],
                                    [
                                        "%",
                                        "%"
                                    ],
                                    [
                                        "Default",
                                        "Default"
                                    ]
                                ]
                            },
                            "Label": {},
                            "Textbox": {}
                        },
                        "uiRepresentation": "Label-Textbox-Combobox",
                        "wType": "FlexContainer"
                    },
                    "srcWgtKUID": "h0a282ca17324c44bb1e95890cf93b09"
                },
                {
                    "access": "Enable",
                    "group": "Headings",
                    "kuid": "hd420ea0e84f43c8ae78aa1edc992e27",
                    "originalPropertyKey": "top",
                    "propertyIndex": 4,
                    "propertyKey": "headingTop",
                    "pw": {
                        "access": "readwrite",
                        "category": "look",
                        "defaultValue": {
                            "type": "string",
                            "value": ""
                        },
                        "dependentKeysKUIDs": null,
                        "displayName": "Heading Top",
                        "forkablePlatforms": {
                            "desktop": [
                                "desktopweb",
                                "kiosk"
                            ],
                            "mobile": [
                                "iphone",
                                "android",
                                "winphone8",
                                "spaip",
                                "spaan",
                                "spawinphone8",
                                "spabb"
                            ],
                            "tablet": [
                                "ipad",
                                "android",
                                "windows8",
                                "spaipad",
                                "spaandroidtablet",
                                "spawindowstablet"
                            ]
                        },
                        "srcWidget": "lblHeaderText1",
                        "type": "object",
                        "uiConfig": {
                            "Combobox": {
                                "masterData": [
                                    [
                                        "Dp",
                                        "dp"
                                    ],
                                    [
                                        "Px",
                                        "px"
                                    ],
                                    [
                                        "%",
                                        "%"
                                    ],
                                    [
                                        "Default",
                                        "Default"
                                    ]
                                ]
                            },
                            "Label": {},
                            "Textbox": {}
                        },
                        "uiRepresentation": "Label-Textbox-Combobox",
                        "wType": "Label"
                    },
                    "srcWgtKUID": "ec61a2b19b2744b39e0c82fed8d9440b"
                },
                {
                    "access": "Enable",
                    "group": "Footer Options",
                    "kuid": "j6a09fea7b3145c8b8113d164ffc0b8f",
                    "originalPropertyKey": "src",
                    "propertyIndex": 4,
                    "propertyKey": "footerImageSrc",
                    "pw": {
                        "access": "readwrite",
                        "category": "widget",
                        "dependentKeysKUIDs": null,
                        "displayName": "Footer Image Source",
                        "srcWidget": "imgFooter",
                        "type": "string",
                        "uiConfig": {
                            "Button": {
                                "dataRetrieverId": "Imagelist",
                                "dataUpdaterId": "Imagelist",
                                "popupId": "Imagelist",
                                "type": "ImageEditBtn"
                            },
                            "Label": {}
                        },
                        "uiRepresentation": "Label-Label-Button",
                        "wType": "Image"
                    },
                    "srcWgtKUID": "ef7bf921185144929a80e4adbca28a58"
                },
                {
                    "access": "Enable",
                    "group": "Headings",
                    "kuid": "ib1ad68bf5394875a21a00dc5e10be19",
                    "originalPropertyKey": "width",
                    "propertyIndex": 5,
                    "propertyKey": "headingWidth",
                    "pw": {
                        "access": "readwrite",
                        "category": "look",
                        "defaultValue": {
                            "type": "string",
                            "value": ""
                        },
                        "dependentKeysKUIDs": null,
                        "displayName": "Heading Width",
                        "forkablePlatforms": {
                            "desktop": [
                                "desktopweb",
                                "kiosk"
                            ],
                            "mobile": [
                                "iphone",
                                "android",
                                "winphone8",
                                "spaip",
                                "spaan",
                                "spawinphone8",
                                "spabb"
                            ],
                            "tablet": [
                                "ipad",
                                "android",
                                "windows8",
                                "spaipad",
                                "spaandroidtablet",
                                "spawindowstablet"
                            ]
                        },
                        "srcWidget": "lblHeaderText1",
                        "type": "object",
                        "uiConfig": {
                            "Combobox": {
                                "masterData": [
                                    [
                                        "Dp",
                                        "dp"
                                    ],
                                    [
                                        "Px",
                                        "px"
                                    ],
                                    [
                                        "%",
                                        "%"
                                    ],
                                    [
                                        "Default",
                                        "Default"
                                    ],
                                    [
                                        "Preferred",
                                        "preferred"
                                    ]
                                ]
                            },
                            "Label": {},
                            "Textbox": {}
                        },
                        "uiRepresentation": "Label-Textbox-Combobox",
                        "wType": "Label"
                    },
                    "srcWgtKUID": "ec61a2b19b2744b39e0c82fed8d9440b"
                },
                {
                    "access": "Enable",
                    "group": "Profile Options",
                    "kuid": "f9db66d7b324408fa548722c7c35f5de",
                    "originalPropertyKey": "top",
                    "propertyIndex": 5,
                    "propertyKey": "profileImageTop",
                    "pw": {
                        "access": "readwrite",
                        "category": "look",
                        "defaultValue": {
                            "type": "string",
                            "value": ""
                        },
                        "dependentKeysKUIDs": null,
                        "displayName": "Profile Image Top",
                        "forkablePlatforms": {
                            "desktop": [
                                "desktopweb",
                                "kiosk"
                            ],
                            "mobile": [
                                "iphone",
                                "android",
                                "winphone8",
                                "spaip",
                                "spaan",
                                "spawinphone8",
                                "spabb"
                            ],
                            "tablet": [
                                "ipad",
                                "android",
                                "windows8",
                                "spaipad",
                                "spaandroidtablet",
                                "spawindowstablet"
                            ]
                        },
                        "srcWidget": "flxImage",
                        "type": "object",
                        "uiConfig": {
                            "Combobox": {
                                "masterData": [
                                    [
                                        "Dp",
                                        "dp"
                                    ],
                                    [
                                        "Px",
                                        "px"
                                    ],
                                    [
                                        "%",
                                        "%"
                                    ],
                                    [
                                        "Default",
                                        "Default"
                                    ]
                                ]
                            },
                            "Label": {},
                            "Textbox": {}
                        },
                        "uiRepresentation": "Label-Textbox-Combobox",
                        "wType": "FlexContainer"
                    },
                    "srcWgtKUID": "h0a282ca17324c44bb1e95890cf93b09"
                },
                {
                    "access": "Enable",
                    "group": "Footer Options",
                    "kuid": "h17613ccf5b84166a76a8707ea9bcaf8",
                    "originalPropertyKey": "width",
                    "propertyIndex": 5,
                    "propertyKey": "footerImageWidth",
                    "pw": {
                        "access": "readwrite",
                        "category": "look",
                        "defaultValue": {
                            "type": "string",
                            "value": ""
                        },
                        "dependentKeysKUIDs": null,
                        "displayName": "Footer Image Width",
                        "forkablePlatforms": {
                            "desktop": [
                                "desktopweb",
                                "kiosk"
                            ],
                            "mobile": [
                                "iphone",
                                "android",
                                "winphone8",
                                "spaip",
                                "spaan",
                                "spawinphone8",
                                "spabb"
                            ],
                            "tablet": [
                                "ipad",
                                "android",
                                "windows8",
                                "spaipad",
                                "spaandroidtablet",
                                "spawindowstablet"
                            ]
                        },
                        "srcWidget": "imgFooter",
                        "type": "object",
                        "uiConfig": {
                            "Combobox": {
                                "masterData": [
                                    [
                                        "Dp",
                                        "dp"
                                    ],
                                    [
                                        "Px",
                                        "px"
                                    ],
                                    [
                                        "%",
                                        "%"
                                    ],
                                    [
                                        "Default",
                                        "Default"
                                    ],
                                    [
                                        "Preferred",
                                        "preferred"
                                    ]
                                ]
                            },
                            "Label": {},
                            "Textbox": {}
                        },
                        "uiRepresentation": "Label-Textbox-Combobox",
                        "wType": "Image"
                    },
                    "srcWgtKUID": "ef7bf921185144929a80e4adbca28a58"
                },
                {
                    "access": "Enable",
                    "group": "General",
                    "kuid": "bb70535393f144608b9f2283fa363209",
                    "originalPropertyKey": "isVisible",
                    "propertyIndex": 6,
                    "propertyKey": "enableHeader",
                    "pw": {
                        "access": "readwrite",
                        "category": "look",
                        "dependentKeysKUIDs": null,
                        "displayName": "Enable Header ",
                        "srcWidget": "flxHeader",
                        "type": "boolean",
                        "uiRepresentation": "Label-Radiobuttongroup",
                        "wType": "FlexContainer"
                    },
                    "srcWgtKUID": "f87c553438dc433d8339ef08642f021f"
                },
                {
                    "access": "Enable",
                    "group": "Headings",
                    "kuid": "j4c8afd560814f98809c2caf8bafa1fe",
                    "originalPropertyKey": "height",
                    "propertyIndex": 6,
                    "propertyKey": "headingHeight",
                    "pw": {
                        "access": "readwrite",
                        "category": "look",
                        "defaultValue": {
                            "type": "string",
                            "value": ""
                        },
                        "dependentKeysKUIDs": null,
                        "displayName": "Heading Height",
                        "forkablePlatforms": {
                            "desktop": [
                                "desktopweb",
                                "kiosk"
                            ],
                            "mobile": [
                                "iphone",
                                "android",
                                "winphone8",
                                "spaip",
                                "spaan",
                                "spawinphone8",
                                "spabb"
                            ],
                            "tablet": [
                                "ipad",
                                "android",
                                "windows8",
                                "spaipad",
                                "spaandroidtablet",
                                "spawindowstablet"
                            ]
                        },
                        "srcWidget": "lblHeaderText1",
                        "type": "object",
                        "uiConfig": {
                            "Combobox": {
                                "masterData": [
                                    [
                                        "Dp",
                                        "dp"
                                    ],
                                    [
                                        "Px",
                                        "px"
                                    ],
                                    [
                                        "%",
                                        "%"
                                    ],
                                    [
                                        "Default",
                                        "Default"
                                    ],
                                    [
                                        "Preferred",
                                        "preferred"
                                    ]
                                ]
                            },
                            "Label": {},
                            "Textbox": {}
                        },
                        "uiRepresentation": "Label-Textbox-Combobox",
                        "wType": "Label"
                    },
                    "srcWgtKUID": "ec61a2b19b2744b39e0c82fed8d9440b"
                },
                {
                    "access": "Enable",
                    "group": "Profile Options",
                    "kuid": "c28b34719b25484f9042c99c005d3537",
                    "originalPropertyKey": "width",
                    "propertyIndex": 6,
                    "propertyKey": "profileImageWidth",
                    "pw": {
                        "access": "readwrite",
                        "category": "look",
                        "defaultValue": {
                            "type": "string",
                            "value": ""
                        },
                        "dependentKeysKUIDs": null,
                        "displayName": "Profile Image Width",
                        "forkablePlatforms": {
                            "desktop": [
                                "desktopweb",
                                "kiosk"
                            ],
                            "mobile": [
                                "iphone",
                                "android",
                                "winphone8",
                                "spaip",
                                "spaan",
                                "spawinphone8",
                                "spabb"
                            ],
                            "tablet": [
                                "ipad",
                                "android",
                                "windows8",
                                "spaipad",
                                "spaandroidtablet",
                                "spawindowstablet"
                            ]
                        },
                        "srcWidget": "flxImage",
                        "type": "object",
                        "uiConfig": {
                            "Combobox": {
                                "masterData": [
                                    [
                                        "Dp",
                                        "dp"
                                    ],
                                    [
                                        "Px",
                                        "px"
                                    ],
                                    [
                                        "%",
                                        "%"
                                    ],
                                    [
                                        "Default",
                                        "Default"
                                    ],
                                    [
                                        "Preferred",
                                        "preferred"
                                    ]
                                ]
                            },
                            "Label": {},
                            "Textbox": {}
                        },
                        "uiRepresentation": "Label-Textbox-Combobox",
                        "wType": "FlexContainer"
                    },
                    "srcWgtKUID": "h0a282ca17324c44bb1e95890cf93b09"
                },
                {
                    "access": "Enable",
                    "group": "Footer Options",
                    "kuid": "aa15e4a8ed284915ad7fc2ad68c088a1",
                    "originalPropertyKey": "height",
                    "propertyIndex": 6,
                    "propertyKey": "footerImageHeight",
                    "pw": {
                        "access": "readwrite",
                        "category": "look",
                        "defaultValue": {
                            "type": "string",
                            "value": ""
                        },
                        "dependentKeysKUIDs": null,
                        "displayName": "Footer Image Height",
                        "forkablePlatforms": {
                            "desktop": [
                                "desktopweb",
                                "kiosk"
                            ],
                            "mobile": [
                                "iphone",
                                "android",
                                "winphone8",
                                "spaip",
                                "spaan",
                                "spawinphone8",
                                "spabb"
                            ],
                            "tablet": [
                                "ipad",
                                "android",
                                "windows8",
                                "spaipad",
                                "spaandroidtablet",
                                "spawindowstablet"
                            ]
                        },
                        "srcWidget": "imgFooter",
                        "type": "object",
                        "uiConfig": {
                            "Combobox": {
                                "masterData": [
                                    [
                                        "Dp",
                                        "dp"
                                    ],
                                    [
                                        "Px",
                                        "px"
                                    ],
                                    [
                                        "%",
                                        "%"
                                    ],
                                    [
                                        "Default",
                                        "Default"
                                    ],
                                    [
                                        "Preferred",
                                        "preferred"
                                    ]
                                ]
                            },
                            "Label": {},
                            "Textbox": {}
                        },
                        "uiRepresentation": "Label-Textbox-Combobox",
                        "wType": "Image"
                    },
                    "srcWgtKUID": "ef7bf921185144929a80e4adbca28a58"
                },
                {
                    "access": "Enable",
                    "group": "General",
                    "kuid": "d58ba3c1d56e49f9ac1ea2150a2b7d2d",
                    "originalPropertyKey": "isVisible",
                    "propertyIndex": 7,
                    "propertyKey": "placeholderVisibility",
                    "pw": {
                        "access": "readwrite",
                        "category": "look",
                        "dependentKeysKUIDs": null,
                        "displayName": "PlaceHolder Visibility",
                        "srcWidget": "lblContent",
                        "type": "boolean",
                        "uiRepresentation": "Label-Radiobuttongroup",
                        "wType": "Label"
                    },
                    "srcWgtKUID": "a602185cb0be4c428f89335b883cf838"
                },
                {
                    "access": "Enable",
                    "group": "Headings",
                    "kuid": "abc8fa0c4af346549dcf2580f1919471",
                    "originalPropertyKey": "isVisible",
                    "propertyIndex": 7,
                    "propertyKey": "subHeadingTextIsVisible",
                    "pw": {
                        "access": "readwrite",
                        "category": "look",
                        "dependentKeysKUIDs": null,
                        "displayName": "Sub Heading Text isVisible",
                        "srcWidget": "lblHeaderText2",
                        "type": "boolean",
                        "uiRepresentation": "Label-Radiobuttongroup",
                        "wType": "Label"
                    },
                    "srcWgtKUID": "e99d670fdded4b11a6cf716304442452"
                },
                {
                    "access": "Enable",
                    "group": "Profile Options",
                    "kuid": "da36338dc5d74273bdfb8251ce83082a",
                    "originalPropertyKey": "height",
                    "propertyIndex": 7,
                    "propertyKey": "profileImageHeight",
                    "pw": {
                        "access": "readwrite",
                        "category": "look",
                        "defaultValue": {
                            "type": "string",
                            "value": ""
                        },
                        "dependentKeysKUIDs": null,
                        "displayName": "Profile Image Height",
                        "forkablePlatforms": {
                            "desktop": [
                                "desktopweb",
                                "kiosk"
                            ],
                            "mobile": [
                                "iphone",
                                "android",
                                "winphone8",
                                "spaip",
                                "spaan",
                                "spawinphone8",
                                "spabb"
                            ],
                            "tablet": [
                                "ipad",
                                "android",
                                "windows8",
                                "spaipad",
                                "spaandroidtablet",
                                "spawindowstablet"
                            ]
                        },
                        "srcWidget": "flxImage",
                        "type": "object",
                        "uiConfig": {
                            "Combobox": {
                                "masterData": [
                                    [
                                        "Dp",
                                        "dp"
                                    ],
                                    [
                                        "Px",
                                        "px"
                                    ],
                                    [
                                        "%",
                                        "%"
                                    ],
                                    [
                                        "Default",
                                        "Default"
                                    ],
                                    [
                                        "Preferred",
                                        "preferred"
                                    ]
                                ]
                            },
                            "Label": {},
                            "Textbox": {}
                        },
                        "uiRepresentation": "Label-Textbox-Combobox",
                        "wType": "FlexContainer"
                    },
                    "srcWgtKUID": "h0a282ca17324c44bb1e95890cf93b09"
                },
                {
                    "access": "Enable",
                    "group": "Headings",
                    "kuid": "d45fe790ce224fca88ab164042263cf7",
                    "originalPropertyKey": "text",
                    "propertyIndex": 8,
                    "propertyKey": "subHeadingText",
                    "pw": {
                        "access": "readwrite",
                        "category": "look",
                        "dependentKeysKUIDs": null,
                        "displayName": "Sub Heading Text",
                        "srcWidget": "lblHeaderText2",
                        "type": "string",
                        "uiRepresentation": "Label-Textbox",
                        "wType": "Label"
                    },
                    "srcWgtKUID": "e99d670fdded4b11a6cf716304442452"
                },
                {
                    "access": "Enable",
                    "group": "Headings",
                    "kuid": "c5ee31b3b3c34ec191062224996f94a6",
                    "originalPropertyKey": "left",
                    "propertyIndex": 9,
                    "propertyKey": "subHeadingLeft",
                    "pw": {
                        "access": "readwrite",
                        "category": "look",
                        "defaultValue": {
                            "type": "string",
                            "value": ""
                        },
                        "dependentKeysKUIDs": null,
                        "displayName": "Sub Heading Left",
                        "forkablePlatforms": {
                            "desktop": [
                                "desktopweb",
                                "kiosk"
                            ],
                            "mobile": [
                                "iphone",
                                "android",
                                "winphone8",
                                "spaip",
                                "spaan",
                                "spawinphone8",
                                "spabb"
                            ],
                            "tablet": [
                                "ipad",
                                "android",
                                "windows8",
                                "spaipad",
                                "spaandroidtablet",
                                "spawindowstablet"
                            ]
                        },
                        "srcWidget": "lblHeaderText2",
                        "type": "object",
                        "uiConfig": {
                            "Combobox": {
                                "masterData": [
                                    [
                                        "Dp",
                                        "dp"
                                    ],
                                    [
                                        "Px",
                                        "px"
                                    ],
                                    [
                                        "%",
                                        "%"
                                    ],
                                    [
                                        "Default",
                                        "Default"
                                    ]
                                ]
                            },
                            "Label": {},
                            "Textbox": {}
                        },
                        "uiRepresentation": "Label-Textbox-Combobox",
                        "wType": "Label"
                    },
                    "srcWgtKUID": "e99d670fdded4b11a6cf716304442452"
                },
                {
                    "access": "Enable",
                    "group": "Headings",
                    "kuid": "ff25453cb13742aab60c55b305c6b4c6",
                    "originalPropertyKey": "top",
                    "propertyIndex": 10,
                    "propertyKey": "subHeadingTop",
                    "pw": {
                        "access": "readwrite",
                        "category": "look",
                        "defaultValue": {
                            "type": "string",
                            "value": ""
                        },
                        "dependentKeysKUIDs": null,
                        "displayName": "Sub Heading Top ",
                        "forkablePlatforms": {
                            "desktop": [
                                "desktopweb",
                                "kiosk"
                            ],
                            "mobile": [
                                "iphone",
                                "android",
                                "winphone8",
                                "spaip",
                                "spaan",
                                "spawinphone8",
                                "spabb"
                            ],
                            "tablet": [
                                "ipad",
                                "android",
                                "windows8",
                                "spaipad",
                                "spaandroidtablet",
                                "spawindowstablet"
                            ]
                        },
                        "srcWidget": "lblHeaderText2",
                        "type": "object",
                        "uiConfig": {
                            "Combobox": {
                                "masterData": [
                                    [
                                        "Dp",
                                        "dp"
                                    ],
                                    [
                                        "Px",
                                        "px"
                                    ],
                                    [
                                        "%",
                                        "%"
                                    ],
                                    [
                                        "Default",
                                        "Default"
                                    ]
                                ]
                            },
                            "Label": {},
                            "Textbox": {}
                        },
                        "uiRepresentation": "Label-Textbox-Combobox",
                        "wType": "Label"
                    },
                    "srcWgtKUID": "e99d670fdded4b11a6cf716304442452"
                },
                {
                    "access": "Enable",
                    "group": "Headings",
                    "kuid": "e754604401854c879bc8d5422dbeff63",
                    "originalPropertyKey": "width",
                    "propertyIndex": 11,
                    "propertyKey": "subHeadingWidth",
                    "pw": {
                        "access": "readwrite",
                        "category": "look",
                        "defaultValue": {
                            "type": "string",
                            "value": ""
                        },
                        "dependentKeysKUIDs": null,
                        "displayName": "Sub Heading Width",
                        "forkablePlatforms": {
                            "desktop": [
                                "desktopweb",
                                "kiosk"
                            ],
                            "mobile": [
                                "iphone",
                                "android",
                                "winphone8",
                                "spaip",
                                "spaan",
                                "spawinphone8",
                                "spabb"
                            ],
                            "tablet": [
                                "ipad",
                                "android",
                                "windows8",
                                "spaipad",
                                "spaandroidtablet",
                                "spawindowstablet"
                            ]
                        },
                        "srcWidget": "lblHeaderText2",
                        "type": "object",
                        "uiConfig": {
                            "Combobox": {
                                "masterData": [
                                    [
                                        "Dp",
                                        "dp"
                                    ],
                                    [
                                        "Px",
                                        "px"
                                    ],
                                    [
                                        "%",
                                        "%"
                                    ],
                                    [
                                        "Default",
                                        "Default"
                                    ],
                                    [
                                        "Preferred",
                                        "preferred"
                                    ]
                                ]
                            },
                            "Label": {},
                            "Textbox": {}
                        },
                        "uiRepresentation": "Label-Textbox-Combobox",
                        "wType": "Label"
                    },
                    "srcWgtKUID": "e99d670fdded4b11a6cf716304442452"
                },
                {
                    "access": "Enable",
                    "group": "Headings",
                    "kuid": "d63d7ec03522423da3e0357ee9640a33",
                    "originalPropertyKey": "height",
                    "propertyIndex": 12,
                    "propertyKey": "subHeadingHeight",
                    "pw": {
                        "access": "readwrite",
                        "category": "look",
                        "defaultValue": {
                            "type": "string",
                            "value": ""
                        },
                        "dependentKeysKUIDs": null,
                        "displayName": "Sub Heading Height",
                        "forkablePlatforms": {
                            "desktop": [
                                "desktopweb",
                                "kiosk"
                            ],
                            "mobile": [
                                "iphone",
                                "android",
                                "winphone8",
                                "spaip",
                                "spaan",
                                "spawinphone8",
                                "spabb"
                            ],
                            "tablet": [
                                "ipad",
                                "android",
                                "windows8",
                                "spaipad",
                                "spaandroidtablet",
                                "spawindowstablet"
                            ]
                        },
                        "srcWidget": "lblHeaderText2",
                        "type": "object",
                        "uiConfig": {
                            "Combobox": {
                                "masterData": [
                                    [
                                        "Dp",
                                        "dp"
                                    ],
                                    [
                                        "Px",
                                        "px"
                                    ],
                                    [
                                        "%",
                                        "%"
                                    ],
                                    [
                                        "Default",
                                        "Default"
                                    ],
                                    [
                                        "Preferred",
                                        "preferred"
                                    ]
                                ]
                            },
                            "Label": {},
                            "Textbox": {}
                        },
                        "uiRepresentation": "Label-Textbox-Combobox",
                        "wType": "Label"
                    },
                    "srcWgtKUID": "e99d670fdded4b11a6cf716304442452"
                }
            ]
        },
        "widgets": {
            "expose": [
                {
                    "kuid": "cb49991df42c4347ba6b426fc69a9c63",
                    "propertyKey": "flxTargetContainer",
                    "srcWgtKUID": "f02081ed7f6644c7ab14e7762a1e3e67"
                }
            ],
            "passthrough": [
                {
                    "kuid": "bb4c02ec6ba34f21891096cd236e44e6",
                    "propertyKey": "flxTargetContainer",
                    "srcWgtKUID": "f02081ed7f6644c7ab14e7762a1e3e67"
                }
            ]
        }
    },
    "namespace": "com.konymp",
    "version": "1.0.0"
}