{
    "@class": "com.kony.gen.viz.model.component.KVizButton",
    "DNDConfig": null,
    "__parentReadjusting__": false,
    "_height_": {
        "type": "string",
        "value": "30%"
    },
    "_left_": {
        "type": "string",
        "value": "5%"
    },
    "_margin_": [
        6,
        6,
        6,
        6
    ],
    "_padding_": [
        0,
        0,
        0,
        0
    ],
    "_skin_": "s29fb22faab24f3a8f08b1d41ace921e",
    "_text_": "",
    "_width_": {
        "type": "string",
        "value": "5%"
    },
    "canUpdateUI": true,
    "centery": {
        "type": "string",
        "value": "50%"
    },
    "containerweight": 100,
    "contentalignment": 5,
    "displaytext": false,
    "focusskin": "s29fb22faab24f3a8f08b1d41ace921e",
    "id": "btnCloseRoutes",
    "ide_onClick": "AS_Button_h47883485f284b7398c0bd4f4b8a581e",
    "info": null,
    "isvisible": true,
    "kuid": "dda67e5e3a27449e9145016db72c6931",
    "name": "kony.ui.Button",
    "parent": "flxCloseRoutes",
    "pf": "userwidgetmodel",
    "wType": "Button",
    "zindex": 5
}