{
    "@class": "com.kony.gen.viz.model.component.KVizUserWidget",
    "DNDConfig": null,
    "__parentReadjusting__": false,
    "_children_": [],
    "_height_": {
        "type": "string",
        "value": "100%"
    },
    "_left_": {
        "type": "string",
        "value": "0%"
    },
    "_margin_": [
        0,
        0,
        0,
        0
    ],
    "_orientation_": 1,
    "_padding_": [
        0,
        0,
        0,
        0
    ],
    "_percent_": true,
    "_render_": true,
    "_skin_": "s1937cd6f07847c1924fece77e7386e7",
    "_top_": {
        "type": "string",
        "value": "100%"
    },
    "_width_": {
        "type": "string",
        "value": "100%"
    },
    "canUpdateUI": true,
    "clipbounds": true,
    "containerweight": 0,
    "data": {},
    "id": "filterScreen",
    "info": null,
    "isvisible": true,
    "kuid": "a59f3b19dc3d463b85a70a02ca3ddda9",
    "layouttype": 4,
    "masterType": 1,
    "name": "kony.ui.UserWidgetInstance",
    "parent": "placelocator",
    "pf": "userwidgetmodel",
    "snaptogrid": true,
    "sourceUserWidget": "d4d09bd94f414f6e8a281f7289c2ed88",
    "wType": "UserWidgetInstance",
    "zindex": 6
}