{
    "DNDConfig": null,
    "__parentReadjusting__": false,
    "_height_": {
        "type": "string",
        "value": "10%"
    },
    "_left_": {
        "type": "string",
        "value": "0%"
    },
    "_margin_": [
        0,
        0,
        0,
        0
    ],
    "_orientation_": 6,
    "_padding_": [
        0,
        0,
        0,
        0
    ],
    "_percent_": true,
    "_skin_": "sbbecc7c55bd4fb7908f330fff450eab",
    "_top_": {
        "type": "string",
        "value": "0%"
    },
    "_width_": {
        "type": "string",
        "value": "100%"
    },
    "allboxes": [],
    "autogrowmode": 0,
    "canUpdateUI": true,
    "children": [
        "btnCloseRoutes",
        "lblSearchPlace"
    ],
    "clipbounds": true,
    "containerweight": 100,
    "enablescrolling": true,
    "id": "flxCloseRoutes",
    "ide_onClick": "AS_FlexContainer_d9739c2b70c4432fb79d4564f98fb634",
    "info": null,
    "isvisible": false,
    "kuid": "h6920d103a584f43b1f2bd5a650a9b44",
    "layouttype": 2,
    "name": "kony.ui.FlexContainer",
    "parent": "flxScreen1",
    "pf": "userwidgetmodel",
    "snapgridsize": 10,
    "snaptogrid": true,
    "wType": "FlexContainer",
    "widgetalignment": 1,
    "zindex": 3
}