{
    "DNDConfig": null,
    "__parentReadjusting__": false,
    "_height_": {
        "type": "string",
        "value": "0%"
    },
    "_left_": {
        "type": "string",
        "value": "0dp"
    },
    "_margin_": [
        0,
        0,
        0,
        0
    ],
    "_orientation_": 6,
    "_padding_": [
        0,
        0,
        0,
        0
    ],
    "_percent_": true,
    "_skin_": "s9f77cafe36343e0be648c7e4080a0a3",
    "_top_": {
        "type": "string",
        "value": "0dp"
    },
    "_width_": {
        "type": "string",
        "value": "0%"
    },
    "allboxes": [],
    "autogrowmode": 0,
    "canUpdateUI": true,
    "children": [
        "imgbankunSelected",
        "imgBankSelected",
        "imgBarUnselected",
        "imgBarSelected",
        "imgCafeUnselected",
        "imgCafePin",
        "imgCafeSelected",
        "imgCurrentLocation",
        "imgDirections",
        "imgOpen",
        "imgToggleOff",
        "imgMap",
        "imgCall",
        "imgEntertainmentUnselected",
        "imgEntertainmentPin",
        "imgEntertainmentPinActive",
        "imgEntertainmentSelected",
        "imgMuseumUnselected",
        "imgMuseumPin",
        "imgMuseumPinActive",
        "imgMuseumSelected",
        "imgNoImage",
        "imgRestaurantUnselected",
        "imgRestaurantPin",
        "imgRestaurantPinActive",
        "imgRestaurantSelected",
        "imgShoppingUnselected",
        "imgShoppingPin",
        "imgShoppingPinActive",
        "imgShoppingSelected",
        "imgEmptyStar",
        "imgBarPin",
        "imgBarPinActive",
        "imgFullStar",
        "imgHalfStar",
        "imgBankPin",
        "imgBankActive",
        "imgCafePinActive"
    ],
    "clipbounds": true,
    "containerweight": 100,
    "enablescrolling": true,
    "id": "flxImages",
    "info": null,
    "isvisible": false,
    "kuid": "hcc73afcb756407a8024bc0ca07939b9",
    "layouttype": 2,
    "name": "kony.ui.FlexContainer",
    "parent": "placelocator",
    "pf": "userwidgetmodel",
    "snapgridsize": 10,
    "snaptogrid": true,
    "wType": "FlexContainer",
    "widgetalignment": 1,
    "zindex": 1
}