{
    "DNDConfig": null,
    "__parentReadjusting__": false,
    "_bottom_": {
        "type": "string",
        "value": "5%"
    },
    "_height_": {
        "type": "string",
        "value": "7%"
    },
    "_margin_": [
        0,
        0,
        0,
        0
    ],
    "_orientation_": 6,
    "_padding_": [
        0,
        0,
        0,
        0
    ],
    "_percent_": true,
    "_skin_": "sfac0f93f0674516847309d1d935c816",
    "_width_": {
        "type": "string",
        "value": "55%"
    },
    "allboxes": [],
    "autogrowmode": 0,
    "canUpdateUI": true,
    "centerx": {
        "type": "string",
        "value": "50%"
    },
    "children": [
        "imgListMapView",
        "imgFilter",
        "lblListMapView",
        "lblFilter",
        "lblSeperator"
    ],
    "clipbounds": true,
    "containerweight": 100,
    "enablescrolling": true,
    "id": "flxShiftViews",
    "info": null,
    "isvisible": true,
    "kuid": "fea55bb0c1d84d8685ab9170c50bf378",
    "layouttype": 2,
    "name": "kony.ui.FlexContainer",
    "parent": "flxScreen2",
    "pf": "userwidgetmodel",
    "snapgridsize": 10,
    "snaptogrid": true,
    "wType": "FlexContainer",
    "widgetalignment": 1,
    "zindex": 2
}