{
    "@class": "com.kony.gen.viz.model.component.KVizImage2",
    "DNDConfig": null,
    "__parentReadjusting__": false,
    "_base64_": null,
    "_height_": {
        "type": "string",
        "value": "21dp"
    },
    "_left_": {
        "type": "string",
        "value": "9dp"
    },
    "_margin_": [
        0,
        0,
        0,
        0
    ],
    "_padding_": [
        0,
        0,
        0,
        0
    ],
    "_skin_": "s0e8ff23147c46a2a1ba81e94e250a9b",
    "_src_": "banks.png",
    "_top_": {
        "type": "string",
        "value": "10dp"
    },
    "_width_": {
        "type": "string",
        "value": "21dp"
    },
    "canUpdateUI": true,
    "containerweight": 100,
    "context": {
        "channel": "mobile",
        "formID": "uwuda473f207e44468bc0d86c01f9277cd",
        "platform": "iphone",
        "templateType": "userwidgets",
        "topLevelBox": null
    },
    "id": "imgbankunSelected",
    "imagescalemode": 1,
    "info": null,
    "isvisible": true,
    "kuid": "cf08fb659c3e4abc9f351bd9cd33bf83",
    "name": "kony.ui.Image2",
    "parent": "flxImages",
    "pf": "userwidgetmodel",
    "srcType": 1,
    "wType": "Image",
    "widgetalignment": 5,
    "zindex": 1
}