{
    "@class": "com.kony.gen.viz.model.component.KVizImage2",
    "DNDConfig": null,
    "__markedForDelete__": true,
    "__parentReadjusting__": false,
    "_base64_": null,
    "_height_": {
        "type": "string",
        "value": "15dp"
    },
    "_margin_": [
        0,
        0,
        0,
        0
    ],
    "_padding_": [
        0,
        0,
        0,
        0
    ],
    "_right_": {
        "type": "string",
        "value": "35%"
    },
    "_skin_": "s0e8ff23147c46a2a1ba81e94e250a9b",
    "_src_": "close_icon_lg.png",
    "_width_": {
        "type": "string",
        "value": "15dp"
    },
    "canUpdateUI": true,
    "centery": {
        "type": "string",
        "value": "50%"
    },
    "containerweight": 100,
    "context": {
        "channel": "mobile",
        "formID": "uwuda473f207e44468bc0d86c01f9277cd",
        "platform": "iphone",
        "templateType": "userwidgets",
        "topLevelBox": null
    },
    "id": "imgCancelFilter",
    "imagescalemode": 1,
    "info": null,
    "isvisible": true,
    "kuid": "h455c182982c41a09b2bcad3d541996c",
    "name": "kony.ui.Image2",
    "parent": "imgCancel",
    "pf": "userwidgetmodel",
    "srcType": 1,
    "wType": "Image",
    "widgetalignment": 5,
    "zindex": 1
}