{
    "@class": "com.kony.gen.viz.model.component.KVizImage2",
    "DNDConfig": null,
    "__parentReadjusting__": false,
    "_base64_": null,
    "_height_": {
        "type": "string",
        "value": "80%"
    },
    "_margin_": [
        0,
        0,
        0,
        0
    ],
    "_padding_": [
        0,
        0,
        0,
        0
    ],
    "_right_": {
        "type": "string",
        "value": "8%"
    },
    "_skin_": "s0e8ff23147c46a2a1ba81e94e250a9b",
    "_src_": "filter_icon.png",
    "_width_": {
        "type": "string",
        "value": "10%"
    },
    "canUpdateUI": true,
    "centery": {
        "type": "string",
        "value": "50%"
    },
    "containerweight": 100,
    "context": {
        "channel": "mobile",
        "formID": "uwuda473f207e44468bc0d86c01f9277cd",
        "platform": "iphone",
        "templateType": "userwidgets",
        "topLevelBox": null
    },
    "id": "imgFilter",
    "ide_onTouchEnd": "AS_Image_a4aece6ddc134609a627e4248c8d58bd",
    "imagescalemode": 1,
    "info": null,
    "isvisible": true,
    "kuid": "c3ab46f32dc349bab7e2130fb6cfa004",
    "name": "kony.ui.Image2",
    "parent": "flxShiftViews",
    "pf": "userwidgetmodel",
    "srcType": 1,
    "wType": "Image",
    "widgetalignment": 5,
    "zindex": 1
}