{
    "@class": "com.kony.gen.viz.model.component.KVizLabel",
    "DNDConfig": null,
    "__parentReadjusting__": false,
    "_height_": {
        "type": "string",
        "value": "100%"
    },
    "_margin_": [
        1,
        1,
        1,
        1
    ],
    "_padding_": [
        0,
        0,
        4,
        0
    ],
    "_right_": {
        "type": "string",
        "value": "20%"
    },
    "_skin_": "s0adeb221e3843c3969000e550981397",
    "_text_": "Filter",
    "_width_": {
        "type": "string",
        "value": "30%"
    },
    "_wrapping_": 2,
    "android": {
        "textStyle": {
            "letterSpacing": 0,
            "strikeThrough": false
        }
    },
    "canUpdateUI": true,
    "centery": {
        "type": "string",
        "value": "50%"
    },
    "containerweight": 100,
    "contentalignment": 6,
    "id": "lblFilter",
    "ide_onTouchEnd": "AS_Label_d429eb6e26254302a6bff4ddbc5933b1",
    "info": null,
    "ipad": {
        "psp": {
            "wrapping": 2
        }
    },
    "iphone": {
        "psp": {
            "wrapping": 2
        }
    },
    "isvisible": true,
    "kuid": "aab3cf9b22bb48248c1dc46a6e5ef375",
    "name": "kony.ui.Label",
    "parent": "flxShiftViews",
    "pf": "userwidgetmodel",
    "tooltip": "",
    "wType": "Label",
    "zindex": 1
}