{
    "@class": "com.kony.gen.viz.model.component.KVizLabel",
    "DNDConfig": null,
    "__parentReadjusting__": false,
    "_height_": {
        "type": "string",
        "value": "100%"
    },
    "_left_": {
        "type": "string",
        "value": "20%"
    },
    "_margin_": [
        1,
        1,
        1,
        1
    ],
    "_padding_": [
        4,
        0,
        0,
        0
    ],
    "_skin_": "s0adeb221e3843c3969000e550981397",
    "_text_": "List",
    "_width_": {
        "type": "string",
        "value": "25%"
    },
    "_wrapping_": 2,
    "android": {
        "textStyle": {
            "letterSpacing": 0,
            "strikeThrough": false
        }
    },
    "canUpdateUI": true,
    "centery": {
        "type": "string",
        "value": "50%"
    },
    "containerweight": 100,
    "contentalignment": 4,
    "id": "lblListMapView",
    "ide_onTouchEnd": "AS_Label_a7da1ba1d8d74df8a9c3441a91898509",
    "info": null,
    "ipad": {
        "psp": {
            "wrapping": 2
        }
    },
    "iphone": {
        "psp": {
            "wrapping": 2
        }
    },
    "isvisible": true,
    "kuid": "cd221ed78f9c4923bc7540a2813effee",
    "name": "kony.ui.Label",
    "parent": "flxShiftViews",
    "pf": "userwidgetmodel",
    "tooltip": "",
    "wType": "Label",
    "zindex": 1
}