{
    "@class": "com.kony.gen.viz.model.component.KVizUserWidget",
    "DNDConfig": null,
    "__parentReadjusting__": false,
    "_children_": [],
    "_height_": {
        "type": "string",
        "value": "100%"
    },
    "_left_": {
        "type": "string",
        "value": "0dp"
    },
    "_margin_": [
        0,
        0,
        0,
        0
    ],
    "_padding_": [
        0,
        0,
        0,
        0
    ],
    "_render_": true,
    "_skin_": "s9f77cafe36343e0be648c7e4080a0a3",
    "_top_": {
        "type": "string",
        "value": "0dp"
    },
    "_width_": {
        "type": "string",
        "value": "100%"
    },
    "canUpdateUI": true,
    "clipbounds": true,
    "containerweight": 0,
    "data": {
        "ide_onPushOfSegment": "AS_UWI_b412f0c212d641fd82d925412efe7996"
    },
    "id": "listMapView",
    "info": null,
    "isvisible": true,
    "kuid": "d876740b66b24f348f7ddd4b78184f70",
    "layouttype": 2,
    "masterType": 1,
    "name": "kony.ui.UserWidgetInstance",
    "parent": "flxScreen2",
    "pf": "userwidgetmodel",
    "snaptogrid": true,
    "sourceUserWidget": "edebe60cb14141e893aa7a61c1429f58",
    "wType": "UserWidgetInstance",
    "zindex": 1
}