{
    "DNDConfig": null,
    "__parentReadjusting__": false,
    "_height_": {
        "type": "string",
        "value": "100%"
    },
    "_left_": {
        "type": "string",
        "value": "0dp"
    },
    "_margin_": [
        0,
        0,
        0,
        0
    ],
    "_orientation_": 6,
    "_padding_": [
        0,
        0,
        0,
        0
    ],
    "_percent_": true,
    "_skin_": "s9c3c4f7bae84d62bc23c030fb0536b4",
    "_top_": {
        "type": "string",
        "value": "0dp"
    },
    "_width_": {
        "type": "string",
        "value": "100%"
    },
    "allboxes": [],
    "canUpdateUI": true,
    "children": [
        "flxScreen1",
        "flxScreen2",
        "flxImages",
        "filterScreen",
        "flxFilterBar",
        "autoSuggest"
    ],
    "clipbounds": true,
    "containerweight": 100,
    "enablescrolling": true,
    "id": "placelocator",
    "ide_postShow": "AS_FlexContainer_i7b83802d9a842fabe2ef7d82b603f54",
    "info": null,
    "isvisible": true,
    "kuid": "mea6ed971f214c2db805fe7ec8b0dc6b",
    "layouttype": 2,
    "name": "kony.ui.FlexContainer",
    "parent": "userwidgetmodel",
    "pf": "userwidgetmodel",
    "snapgridsize": 10,
    "snaptogrid": true,
    "udw": {},
    "wType": "FlexContainer",
    "widgetalignment": 1
}