{
    "@class": "com.kony.gen.viz.model.component.KVizUserWidget",
    "DNDConfig": null,
    "__parentReadjusting__": false,
    "_children_": [],
    "_height_": {
        "type": "string",
        "value": "10%"
    },
    "_left_": {
        "type": "string",
        "value": "0%"
    },
    "_margin_": [
        0,
        0,
        0,
        0
    ],
    "_padding_": [
        0,
        0,
        0,
        0
    ],
    "_render_": true,
    "_skin_": "s9f77cafe36343e0be648c7e4080a0a3",
    "_top_": {
        "type": "string",
        "value": "0%"
    },
    "_width_": {
        "type": "string",
        "value": "100%"
    },
    "autogrowmode": 0,
    "canUpdateUI": true,
    "clipbounds": true,
    "containerweight": 0,
    "data": {
        "cancelLabelText": "Cancel",
        "locationPlaceHolder": "Current Location"
    },
    "id": "searchHeader",
    "info": null,
    "isvisible": true,
    "kuid": "ecf9192cfcb84a7bb636c34d7f8e69cd",
    "layouttype": 2,
    "masterType": 1,
    "name": "kony.ui.UserWidgetInstance",
    "parent": "flxScreen1",
    "pf": "userwidgetmodel",
    "placeholder": "Current Location",
    "snaptogrid": true,
    "sourceUserWidget": "me903aa1acf44bd0b36f27f83d1a1142",
    "text": "Label",
    "wType": "UserWidgetInstance",
    "zindex": 1
}