{
    "android": {
        "background_color": "3545a27f", 
        "bg_type": "one", 
        "border_color": "3545a200", 
        "border_radius": 2, 
        "border_style": "custom", 
        "border_type": 0, 
        "border_width": 1, 
        "font_color": "ffffff7f", 
        "font_name": "Roboto-Black", 
        "font_size": 105, 
        "isForked": true, 
        "text_shadow": {
            "br": 0, 
            "color": "000000ff", 
            "nm": 0, 
            "x": 0, 
            "y": 0
        }
    }, 
    "background_color": "56a9ddff", 
    "bg_type": "one", 
    "border_color": "ffffffff", 
    "border_style": "plain", 
    "border_type": 0, 
    "border_width": 0, 
    "desktopweb": {
        "background_color": "3545a27f", 
        "bg_type": "one", 
        "bottom_left_border_color": "ffffffff", 
        "bottom_left_border_style": "plain", 
        "bottom_left_border_width": 0, 
        "bottom_right_border_color": "ffffffff", 
        "bottom_right_border_style": "plain", 
        "bottom_right_border_width": 0, 
        "font_color": "ffffff7f", 
        "font_name": "Helvetica", 
        "font_size": 105, 
        "isForked": true, 
        "shadow": {
            "br": 0, 
            "color": "000000ff", 
            "inner": false, 
            "nm": 0, 
            "x": 0, 
            "y": 0
        }, 
        "text_shadow": {
            "br": 0, 
            "color": "000000ff", 
            "nm": 0, 
            "x": 0, 
            "y": 0
        }, 
        "top_left_border_color": "ffffffff", 
        "top_left_border_style": "plain", 
        "top_left_border_width": 0, 
        "top_right_border_color": "ffffffff", 
        "top_right_border_style": "plain", 
        "top_right_border_width": 0
    }, 
    "font_color": "ffffffff", 
    "font_name": "Helvetica", 
    "font_size": 148, 
    "font_style": "normal", 
    "font_weight": "normal", 
    "ipad": {
        "background_color": "3545a27f", 
        "bg_type": "one", 
        "border_color": "3545a200", 
        "border_radius": 2, 
        "border_style": "custom", 
        "border_type": 0, 
        "border_width": 1, 
        "font_color": "ffffff7f", 
        "font_name": "Lato-Black", 
        "font_size": 105, 
        "isForked": true, 
        "shadow": {
            "br": 0, 
            "color": "000000ff", 
            "inner": false, 
            "nm": 0, 
            "x": 0, 
            "y": 0
        }, 
        "text_shadow": {
            "br": 0, 
            "color": "000000ff", 
            "nm": 0, 
            "x": 0, 
            "y": 0
        }
    }, 
    "iphone": {
        "background_color": "3545a27f", 
        "bg_type": "one", 
        "border_color": "3545a200", 
        "border_radius": 2, 
        "border_style": "custom", 
        "border_type": 0, 
        "border_width": 1, 
        "font_color": "ffffff7f", 
        "font_name": "OpenSans-Regular", 
        "font_size": 105, 
        "isForked": true, 
        "shadow": {
            "br": 0, 
            "color": "000000ff", 
            "inner": false, 
            "nm": 0, 
            "x": 0, 
            "y": 0
        }, 
        "text_shadow": {
            "br": 0, 
            "color": "000000ff", 
            "nm": 0, 
            "x": 0, 
            "y": 0
        }
    }, 
    "isDefaultSkin": false, 
    "kiosk": {
        "background_color": "3545a27f", 
        "bg_type": "one", 
        "border_color": "3545a200", 
        "border_radius": 2, 
        "border_style": "custom", 
        "border_type": 0, 
        "border_width": 1, 
        "font_color": "ffffff7f", 
        "font_name": "GenericMonospace", 
        "font_size": 105, 
        "isForked": true
    }, 
    "kuid": "s43756a9ceb24b0191fa091e642d81aa", 
    "spaan": {
        "background_color": "3545a27f", 
        "bg_type": "one", 
        "bottom_left_border_color": "ffffffff", 
        "bottom_left_border_style": "plain", 
        "bottom_left_border_width": 0, 
        "bottom_right_border_color": "ffffffff", 
        "bottom_right_border_style": "plain", 
        "bottom_right_border_width": 0, 
        "font_color": "ffffff7f", 
        "font_name": "Helvetica", 
        "font_size": 105, 
        "isForked": true, 
        "shadow": {
            "br": 0, 
            "color": "000000ff", 
            "inner": false, 
            "nm": 0, 
            "x": 0, 
            "y": 0
        }, 
        "text_shadow": {
            "br": 0, 
            "color": "000000ff", 
            "nm": 0, 
            "x": 0, 
            "y": 0
        }, 
        "top_left_border_color": "ffffffff", 
        "top_left_border_style": "plain", 
        "top_left_border_width": 0, 
        "top_right_border_color": "ffffffff", 
        "top_right_border_style": "plain", 
        "top_right_border_width": 0
    }, 
    "spaandroidtablet": {
        "background_color": "3545a27f", 
        "bg_type": "one", 
        "bottom_left_border_color": "ffffffff", 
        "bottom_left_border_style": "plain", 
        "bottom_left_border_width": 0, 
        "bottom_right_border_color": "ffffffff", 
        "bottom_right_border_style": "plain", 
        "bottom_right_border_width": 0, 
        "font_color": "ffffff7f", 
        "font_name": "Helvetica", 
        "font_size": 105, 
        "isForked": true, 
        "shadow": {
            "br": 0, 
            "color": "000000ff", 
            "inner": false, 
            "nm": 0, 
            "x": 0, 
            "y": 0
        }, 
        "text_shadow": {
            "br": 0, 
            "color": "000000ff", 
            "nm": 0, 
            "x": 0, 
            "y": 0
        }, 
        "top_left_border_color": "ffffffff", 
        "top_left_border_style": "plain", 
        "top_left_border_width": 0, 
        "top_right_border_color": "ffffffff", 
        "top_right_border_style": "plain", 
        "top_right_border_width": 0
    }, 
    "spabb": {
        "background_color": "3545a27f", 
        "bg_type": "one", 
        "bottom_left_border_color": "ffffffff", 
        "bottom_left_border_style": "plain", 
        "bottom_left_border_width": 0, 
        "bottom_right_border_color": "ffffffff", 
        "bottom_right_border_style": "plain", 
        "bottom_right_border_width": 0, 
        "font_color": "ffffff7f", 
        "font_name": "Helvetica", 
        "font_size": 105, 
        "isForked": true, 
        "shadow": {
            "br": 0, 
            "color": "000000ff", 
            "inner": false, 
            "nm": 0, 
            "x": 0, 
            "y": 0
        }, 
        "text_shadow": {
            "br": 0, 
            "color": "000000ff", 
            "nm": 0, 
            "x": 0, 
            "y": 0
        }, 
        "top_left_border_color": "ffffffff", 
        "top_left_border_style": "plain", 
        "top_left_border_width": 0, 
        "top_right_border_color": "ffffffff", 
        "top_right_border_style": "plain", 
        "top_right_border_width": 0
    }, 
    "spaip": {
        "background_color": "3545a27f", 
        "bg_type": "one", 
        "bottom_left_border_color": "ffffffff", 
        "bottom_left_border_style": "plain", 
        "bottom_left_border_width": 0, 
        "bottom_right_border_color": "ffffffff", 
        "bottom_right_border_style": "plain", 
        "bottom_right_border_width": 0, 
        "font_color": "ffffff7f", 
        "font_name": "Helvetica", 
        "font_size": 105, 
        "isForked": true, 
        "shadow": {
            "br": 0, 
            "color": "000000ff", 
            "inner": false, 
            "nm": 0, 
            "x": 0, 
            "y": 0
        }, 
        "text_shadow": {
            "br": 0, 
            "color": "000000ff", 
            "nm": 0, 
            "x": 0, 
            "y": 0
        }, 
        "top_left_border_color": "ffffffff", 
        "top_left_border_style": "plain", 
        "top_left_border_width": 0, 
        "top_right_border_color": "ffffffff", 
        "top_right_border_style": "plain", 
        "top_right_border_width": 0
    }, 
    "spaipad": {
        "background_color": "3545a27f", 
        "bg_type": "one", 
        "bottom_left_border_color": "ffffffff", 
        "bottom_left_border_style": "plain", 
        "bottom_left_border_width": 0, 
        "bottom_right_border_color": "ffffffff", 
        "bottom_right_border_style": "plain", 
        "bottom_right_border_width": 0, 
        "font_color": "ffffff7f", 
        "font_name": "Helvetica", 
        "font_size": 105, 
        "isForked": true, 
        "shadow": {
            "br": 0, 
            "color": "000000ff", 
            "inner": false, 
            "nm": 0, 
            "x": 0, 
            "y": 0
        }, 
        "text_shadow": {
            "br": 0, 
            "color": "000000ff", 
            "nm": 0, 
            "x": 0, 
            "y": 0
        }, 
        "top_left_border_color": "ffffffff", 
        "top_left_border_style": "plain", 
        "top_left_border_width": 0, 
        "top_right_border_color": "ffffffff", 
        "top_right_border_style": "plain", 
        "top_right_border_width": 0
    }, 
    "spawindowstablet": {
        "background_color": "3545a27f", 
        "bg_type": "one", 
        "bottom_left_border_color": "ffffffff", 
        "bottom_left_border_style": "plain", 
        "bottom_left_border_width": 0, 
        "bottom_right_border_color": "ffffffff", 
        "bottom_right_border_style": "plain", 
        "bottom_right_border_width": 0, 
        "font_color": "ffffff7f", 
        "font_name": "Helvetica", 
        "font_size": 105, 
        "isForked": true, 
        "shadow": {
            "br": 0, 
            "color": "000000ff", 
            "inner": false, 
            "nm": 0, 
            "x": 0, 
            "y": 0
        }, 
        "text_shadow": {
            "br": 0, 
            "color": "000000ff", 
            "nm": 0, 
            "x": 0, 
            "y": 0
        }, 
        "top_left_border_color": "ffffffff", 
        "top_left_border_style": "plain", 
        "top_left_border_width": 0, 
        "top_right_border_color": "ffffffff", 
        "top_right_border_style": "plain", 
        "top_right_border_width": 0
    }, 
    "spawinphone8": {
        "background_color": "3545a27f", 
        "bg_type": "one", 
        "bottom_left_border_color": "ffffffff", 
        "bottom_left_border_style": "plain", 
        "bottom_left_border_width": 0, 
        "bottom_right_border_color": "ffffffff", 
        "bottom_right_border_style": "plain", 
        "bottom_right_border_width": 0, 
        "font_color": "ffffff7f", 
        "font_name": "Helvetica", 
        "font_size": 105, 
        "isForked": true, 
        "shadow": {
            "br": 0, 
            "color": "000000ff", 
            "inner": false, 
            "nm": 0, 
            "x": 0, 
            "y": 0
        }, 
        "text_shadow": {
            "br": 0, 
            "color": "000000ff", 
            "nm": 0, 
            "x": 0, 
            "y": 0
        }, 
        "top_left_border_color": "ffffffff", 
        "top_left_border_style": "plain", 
        "top_left_border_width": 0, 
        "top_right_border_color": "ffffffff", 
        "top_right_border_style": "plain", 
        "top_right_border_width": 0
    }, 
    "tabrcandroid": {
        "background_color": "3545a27f", 
        "bg_type": "one", 
        "border_color": "3545a200", 
        "border_radius": 2, 
        "border_style": "custom", 
        "border_type": 0, 
        "border_width": 1, 
        "font_color": "ffffff7f", 
        "font_name": "Lato-Black", 
        "font_size": 105, 
        "isForked": true, 
        "text_shadow": {
            "br": 0, 
            "color": "000000ff", 
            "nm": 0, 
            "x": 0, 
            "y": 0
        }
    }, 
    "wType": "Button", 
    "windows8": {
        "background_color": "3545a27f", 
        "bg_type": "one", 
        "border_color": "3545a200", 
        "border_radius": 2, 
        "border_style": "custom", 
        "border_type": 0, 
        "border_width": 1, 
        "font_color": "ffffff7f", 
        "font_name": "GenericMonospace", 
        "font_size": 105, 
        "isForked": true
    }, 
    "winphone8": {
        "background_color": "3545a27f", 
        "bg_type": "one", 
        "border_color": "3545a200", 
        "border_radius": 2, 
        "border_style": "custom", 
        "border_type": 0, 
        "border_width": 1, 
        "font_color": "ffffff7f", 
        "font_name": "GenericMonospace", 
        "font_size": 105, 
        "isForked": true
    }
}