{
    "android": {
        "font_name": "Roboto-Regular", 
        "font_size": 120, 
        "isForked": false
    }, 
    "background_color": "00000000", 
    "bg_type": "one", 
    "border_color": "424242ff", 
    "border_style": "plain", 
    "border_type": 0, 
    "border_width": 0, 
    "desktopweb": {
        "font_size": 120, 
        "isForked": false
    }, 
    "fontSizeInPx": false, 
    "font_color": "424242ff", 
    "font_name": "Helvetica", 
    "font_size": 120, 
    "font_style": "normal", 
    "font_weight": "normal", 
    "ipad": {
        "font_size": 120, 
        "isForked": false
    }, 
    "iphone": {
        "font_size": 120, 
        "isForked": false
    }, 
    "isDefaultSkin": false, 
    "kiosk": {
        "font_size": 120, 
        "isForked": false
    }, 
    "kuid": "s746688f98c041a6b96f7f99cd109079", 
    "spaan": {
        "font_size": 120, 
        "isForked": false
    }, 
    "spaandroidtablet": {
        "font_size": 120, 
        "isForked": false
    }, 
    "spabb": {
        "font_size": 120, 
        "isForked": false
    }, 
    "spaip": {
        "font_size": 120, 
        "isForked": false
    }, 
    "spaipad": {
        "font_size": 120, 
        "isForked": false
    }, 
    "spawindowstablet": {
        "font_size": 120, 
        "isForked": false
    }, 
    "spawinphone8": {
        "font_size": 120, 
        "isForked": false
    }, 
    "tabrcandroid": {
        "font_size": 120, 
        "isForked": false
    }, 
    "wType": "Label", 
    "watchos": {
        "font_size": 120, 
        "isForked": false
    }, 
    "windows8": {
        "font_size": 120, 
        "isForked": false
    }, 
    "winphone8": {
        "font_size": 120, 
        "isForked": false
    }
}