{
    "android": {
        "font_size": 85, 
        "isForked": false
    }, 
    "background_color": "00000000", 
    "bg_type": "one", 
    "border_color": "424242ff", 
    "border_style": "plain", 
    "border_type": 0, 
    "border_width": 0, 
    "desktopweb": {
        "font_size": 85, 
        "isForked": false
    }, 
    "fontSizeInPx": false, 
    "font_color": "0803084f", 
    "font_name": "Helvetica", 
    "font_size": 85, 
    "font_style": "normal", 
    "font_weight": "normal", 
    "ipad": {
        "font_size": 85, 
        "isForked": false
    }, 
    "iphone": {
        "font_size": 85, 
        "isForked": false
    }, 
    "isDefaultSkin": false, 
    "kiosk": {
        "font_size": 85, 
        "isForked": false
    }, 
    "kuid": "s6f94f0e42d5480a8c3dd2d7073049d6", 
    "spaan": {
        "font_size": 85, 
        "isForked": false
    }, 
    "spaandroidtablet": {
        "font_size": 85, 
        "isForked": false
    }, 
    "spabb": {
        "font_size": 85, 
        "isForked": false
    }, 
    "spaip": {
        "font_size": 85, 
        "isForked": false
    }, 
    "spaipad": {
        "font_size": 85, 
        "isForked": false
    }, 
    "spawindowstablet": {
        "font_size": 85, 
        "isForked": false
    }, 
    "spawinphone8": {
        "font_size": 85, 
        "isForked": false
    }, 
    "tabrcandroid": {
        "font_size": 85, 
        "isForked": false
    }, 
    "wType": "Label", 
    "watchos": {
        "font_size": 85, 
        "isForked": false
    }, 
    "windows8": {
        "font_size": 85, 
        "isForked": false
    }, 
    "winphone8": {
        "font_size": 85, 
        "isForked": false
    }
}