{
    "background_color": "ffffffff", 
    "bg_type": "one", 
    "border_color": "e2e2e2ff", 
    "border_radius": 2, 
    "border_style": "custom", 
    "border_type": 0, 
    "border_width": 1, 
    "desktopweb": {
        "bottom_left_border_color": "e2e2e2ff", 
        "bottom_left_border_style": "plain", 
        "bottom_left_border_width": 1, 
        "bottom_right_border_color": "e2e2e2ff", 
        "bottom_right_border_style": "plain", 
        "bottom_right_border_width": 1, 
        "isForked": true, 
        "shadow": {
            "br": 0, 
            "color": "000000", 
            "inner": false, 
            "nm": 0, 
            "x": 0, 
            "y": 0
        }, 
        "top_left_border_color": "e2e2e2ff", 
        "top_left_border_style": "plain", 
        "top_left_border_width": 1, 
        "top_right_border_color": "e2e2e2ff", 
        "top_right_border_style": "plain", 
        "top_right_border_width": 1
    }, 
    "ipad": {
        "isForked": true, 
        "shadow": {
            "br": 0, 
            "color": "000000", 
            "inner": false, 
            "nm": 0, 
            "x": 0, 
            "y": 0
        }
    }, 
    "iphone": {
        "isForked": true, 
        "shadow": {
            "br": 0, 
            "color": "000000", 
            "inner": false, 
            "nm": 0, 
            "x": 0, 
            "y": 0
        }
    }, 
    "isDefaultSkin": false, 
    "kuid": "sb2126331f9641e1a798ae9102e172ff", 
    "spaan": {
        "bottom_left_border_color": "e2e2e2ff", 
        "bottom_left_border_style": "plain", 
        "bottom_left_border_width": 1, 
        "bottom_right_border_color": "e2e2e2ff", 
        "bottom_right_border_style": "plain", 
        "bottom_right_border_width": 1, 
        "isForked": true, 
        "shadow": {
            "br": 0, 
            "color": "000000", 
            "inner": false, 
            "nm": 0, 
            "x": 0, 
            "y": 0
        }, 
        "top_left_border_color": "e2e2e2ff", 
        "top_left_border_style": "plain", 
        "top_left_border_width": 1, 
        "top_right_border_color": "e2e2e2ff", 
        "top_right_border_style": "plain", 
        "top_right_border_width": 1
    }, 
    "spaandroidtablet": {
        "bottom_left_border_color": "e2e2e2ff", 
        "bottom_left_border_style": "plain", 
        "bottom_left_border_width": 1, 
        "bottom_right_border_color": "e2e2e2ff", 
        "bottom_right_border_style": "plain", 
        "bottom_right_border_width": 1, 
        "isForked": true, 
        "shadow": {
            "br": 0, 
            "color": "000000", 
            "inner": false, 
            "nm": 0, 
            "x": 0, 
            "y": 0
        }, 
        "top_left_border_color": "e2e2e2ff", 
        "top_left_border_style": "plain", 
        "top_left_border_width": 1, 
        "top_right_border_color": "e2e2e2ff", 
        "top_right_border_style": "plain", 
        "top_right_border_width": 1
    }, 
    "spabb": {
        "bottom_left_border_color": "e2e2e2ff", 
        "bottom_left_border_style": "plain", 
        "bottom_left_border_width": 1, 
        "bottom_right_border_color": "e2e2e2ff", 
        "bottom_right_border_style": "plain", 
        "bottom_right_border_width": 1, 
        "isForked": true, 
        "shadow": {
            "br": 0, 
            "color": "000000", 
            "inner": false, 
            "nm": 0, 
            "x": 0, 
            "y": 0
        }, 
        "top_left_border_color": "e2e2e2ff", 
        "top_left_border_style": "plain", 
        "top_left_border_width": 1, 
        "top_right_border_color": "e2e2e2ff", 
        "top_right_border_style": "plain", 
        "top_right_border_width": 1
    }, 
    "spaip": {
        "bottom_left_border_color": "e2e2e2ff", 
        "bottom_left_border_style": "plain", 
        "bottom_left_border_width": 1, 
        "bottom_right_border_color": "e2e2e2ff", 
        "bottom_right_border_style": "plain", 
        "bottom_right_border_width": 1, 
        "isForked": true, 
        "shadow": {
            "br": 0, 
            "color": "000000", 
            "inner": false, 
            "nm": 0, 
            "x": 0, 
            "y": 0
        }, 
        "top_left_border_color": "e2e2e2ff", 
        "top_left_border_style": "plain", 
        "top_left_border_width": 1, 
        "top_right_border_color": "e2e2e2ff", 
        "top_right_border_style": "plain", 
        "top_right_border_width": 1
    }, 
    "spaipad": {
        "bottom_left_border_color": "e2e2e2ff", 
        "bottom_left_border_style": "plain", 
        "bottom_left_border_width": 1, 
        "bottom_right_border_color": "e2e2e2ff", 
        "bottom_right_border_style": "plain", 
        "bottom_right_border_width": 1, 
        "isForked": true, 
        "shadow": {
            "br": 0, 
            "color": "000000", 
            "inner": false, 
            "nm": 0, 
            "x": 0, 
            "y": 0
        }, 
        "top_left_border_color": "e2e2e2ff", 
        "top_left_border_style": "plain", 
        "top_left_border_width": 1, 
        "top_right_border_color": "e2e2e2ff", 
        "top_right_border_style": "plain", 
        "top_right_border_width": 1
    }, 
    "spawindowstablet": {
        "bottom_left_border_color": "e2e2e2ff", 
        "bottom_left_border_style": "plain", 
        "bottom_left_border_width": 1, 
        "bottom_right_border_color": "e2e2e2ff", 
        "bottom_right_border_style": "plain", 
        "bottom_right_border_width": 1, 
        "isForked": true, 
        "shadow": {
            "br": 0, 
            "color": "000000", 
            "inner": false, 
            "nm": 0, 
            "x": 0, 
            "y": 0
        }, 
        "top_left_border_color": "e2e2e2ff", 
        "top_left_border_style": "plain", 
        "top_left_border_width": 1, 
        "top_right_border_color": "e2e2e2ff", 
        "top_right_border_style": "plain", 
        "top_right_border_width": 1
    }, 
    "spawinphone8": {
        "bottom_left_border_color": "e2e2e2ff", 
        "bottom_left_border_style": "plain", 
        "bottom_left_border_width": 1, 
        "bottom_right_border_color": "e2e2e2ff", 
        "bottom_right_border_style": "plain", 
        "bottom_right_border_width": 1, 
        "isForked": true, 
        "shadow": {
            "br": 0, 
            "color": "000000", 
            "inner": false, 
            "nm": 0, 
            "x": 0, 
            "y": 0
        }, 
        "top_left_border_color": "e2e2e2ff", 
        "top_left_border_style": "plain", 
        "top_left_border_width": 1, 
        "top_right_border_color": "e2e2e2ff", 
        "top_right_border_style": "plain", 
        "top_right_border_width": 1
    }, 
    "wType": "FlexContainer"
}