{"policyScope":"local","policyInfo":"{\"identitySvcs\":[{\"name\":\"reusableFacebookLogin\",\"version\":\"1.0\",\"type\":\"idprovider\",\"conflictType\":\"name\",\"supportedConflictResolutionPolicies\":[\"override\",\"reuse\"],\"conflictResolutionPolicy\":\"reuse\"},{\"name\":\"reusableLinkedinLogin\",\"version\":\"1.0\",\"type\":\"idprovider\",\"conflictType\":\"name\",\"supportedConflictResolutionPolicies\":[\"override\",\"reuse\"],\"conflictResolutionPolicy\":\"reuse\"},{\"name\":\"reusableOffice365Login\",\"version\":\"1.0\",\"type\":\"idprovider\",\"conflictType\":\"name\",\"supportedConflictResolutionPolicies\":[\"override\",\"reuse\"],\"conflictResolutionPolicy\":\"reuse\"},{\"name\":\"userstore\",\"version\":\"1.0\",\"type\":\"idprovider\",\"conflictType\":\"name\",\"supportedConflictResolutionPolicies\":[\"override\",\"reuse\"],\"conflictResolutionPolicy\":\"reuse\"}],\"middlewareSvcs\":[],\"dataAdapters\":[],\"logicPackages\":[],\"customCodeResources\":[]}"}