{
    "DNDConfig": null,
    "_height_": {
        "type": "string",
        "value": "1%"
    },
    "_margin_": [
        0,
        0,
        0,
        0
    ],
    "_orientation_": 6,
    "_padding_": [
        0,
        0,
        0,
        0
    ],
    "_percent_": true,
    "_skin_": "s9f77cafe36343e0be648c7e4080a0a3",
    "_width_": {
        "type": "string",
        "value": "1%"
    },
    "allboxes": [],
    "autogrowmode": 0,
    "canUpdateUI": true,
    "children": [],
    "clipbounds": true,
    "containerId": true,
    "containerweight": 100,
    "controllerInfo": {
        "default": {
            "channel": "mobile",
            "name": "flxInvisibleController"
        }
    },
    "enablescrolling": true,
    "id": "flxInvisible",
    "info": null,
    "isvisible": true,
    "kuid": "df03731f622147fcb8510b2e13f87406",
    "layouttype": 2,
    "name": "kony.ui.FlexContainer",
    "parent": "tempInvisible",
    "pf": "tempInvisible",
    "snapgridsize": 10,
    "snaptogrid": true,
    "wType": "FlexContainer",
    "widgetalignment": 1
}