{
    "classname": "ratingprompt",
    "definitions": {
        "apis": {
            "custom": [
                {
                    "kuid": "e03e6205c42842429da5868510bb57dc",
                    "paramList": [],
                    "propertyKey": "invokeRatingPrompt",
                    "pw": {
                        "displayName": "invokeRatingPrompt",
                        "uiRepresentation": "Label-Label-Right"
                    },
                    "type": "api"
                },
                {
                    "kuid": "i125334f82fb44d2a1ad7674af0ca4b0",
                    "paramList": [],
                    "propertyKey": "getFeedbackText",
                    "pw": {
                        "displayName": "getFeedbackText",
                        "uiRepresentation": "Label-Label-Right"
                    },
                    "type": "api"
                },
                {
                    "kuid": "g621b3be2abf490b9e9b70ccf4405563",
                    "paramList": [],
                    "propertyKey": "getRatingValue",
                    "pw": {
                        "displayName": "getRatingValue",
                        "uiRepresentation": "Label-Label-Right"
                    },
                    "type": "api"
                }
            ],
            "passthrough": []
        },
        "events": {
            "custom": [
                {
                    "group": "General",
                    "kuid": "j42d6f16cf954376b779e22cf4f59f3f",
                    "paramList": [],
                    "propertyIndex": 1,
                    "propertyKey": "onDismiss",
                    "pw": {
                        "displayName": "onDismiss",
                        "uiRepresentation": "Label-Label-Button-Button"
                    },
                    "srcWgtKUID": "ub7d7fbd79a44450aa47e7b2503fdc19",
                    "type": "event"
                },
                {
                    "group": "General",
                    "kuid": "d0de1e022cbc47c4882ab5c6675a8b99",
                    "paramList": [],
                    "propertyIndex": 2,
                    "propertyKey": "onCompletion",
                    "pw": {
                        "displayName": "onCompletion",
                        "uiRepresentation": "Label-Label-Button-Button"
                    },
                    "srcWgtKUID": "ub7d7fbd79a44450aa47e7b2503fdc19",
                    "type": "event"
                }
            ],
            "passthrough": []
        },
        "groups": {
            "apis": [],
            "events": [],
            "properties": [
                "Rating Screen",
                "Feedback Screen",
                "Thank you Screen"
            ],
            "widgets": []
        },
        "properties": {
            "custom": [
                {
                    "access": "Write",
                    "defaultValue": "Some text related to Thank You page with short description",
                    "group": "Thank you Screen",
                    "kuid": "j852e9d727c449bf97184f8214613b05",
                    "originalPropertyKey": "thankyouMessage",
                    "propertyIndex": 2,
                    "propertyKey": "thankyouMessage",
                    "pw": {
                        "displayName": "Thankyou Message",
                        "uiRepresentation": "Label-Textbox"
                    },
                    "srcWgtKUID": "ub7d7fbd79a44450aa47e7b2503fdc19",
                    "type": "string",
                    "value": ""
                },
                {
                    "access": "Write",
                    "defaultValue": "If you enjoy using the app, would you mind taking a moment to rate it? Thanks for your support!",
                    "group": "Rating Screen",
                    "kuid": "ebdd867b6b224f89a23192c6185eb926",
                    "originalPropertyKey": "rateMessage",
                    "propertyIndex": 4,
                    "propertyKey": "rateMessage",
                    "pw": {
                        "displayName": "Rating Prompt Message",
                        "uiRepresentation": "Label-Textbox"
                    },
                    "srcWgtKUID": "ub7d7fbd79a44450aa47e7b2503fdc19",
                    "type": "string",
                    "value": ""
                },
                {
                    "access": "Write",
                    "defaultValue": "Please Rate our App",
                    "group": "Rating Screen",
                    "kuid": "c990eb25e94c41bdba9e99c873890590",
                    "originalPropertyKey": "rateTitle",
                    "propertyIndex": 5,
                    "propertyKey": "rateTitle",
                    "pw": {
                        "displayName": "Rating Prompt Title",
                        "uiRepresentation": "Label-Textbox"
                    },
                    "srcWgtKUID": "ub7d7fbd79a44450aa47e7b2503fdc19",
                    "type": "string",
                    "value": ""
                },
                {
                    "access": "Write",
                    "defaultValue": true,
                    "group": "Rating Screen",
                    "kuid": "d05e0bd839bf4329904cabfe3e181de0",
                    "originalPropertyKey": "isFeedbackEnabled",
                    "propertyIndex": 8,
                    "propertyKey": "isFeedbackEnabled",
                    "pw": {
                        "displayName": "Enable Feedback",
                        "uiRepresentation": "Label-Radiobuttongroup"
                    },
                    "srcWgtKUID": "ub7d7fbd79a44450aa47e7b2503fdc19",
                    "type": "boolean",
                    "value": "true/false"
                }
            ],
            "passthrough": [
                {
                    "access": "Enable",
                    "group": "Rating Screen",
                    "kuid": "g119bb2b5bee4de4b1c6534b7f6e7743",
                    "originalPropertyKey": "src",
                    "propertyIndex": 1,
                    "propertyKey": "logoImageSrc",
                    "pw": {
                        "access": "readwrite",
                        "category": "widget",
                        "displayName": "Logo Image",
                        "srcWidget": "imgLogo",
                        "type": "string",
                        "uiConfig": {
                            "Button": {
                                "dataRetrieverId": "Imagelist",
                                "dataUpdaterId": "Imagelist",
                                "popupId": "Imagelist",
                                "type": "ImageEditBtn"
                            },
                            "Label": {}
                        },
                        "uiRepresentation": "Label-Label-Button",
                        "wType": "Image"
                    },
                    "srcWgtKUID": "ue55b987fdfe4ac49b437210814c5cd4"
                },
                {
                    "access": "Enable",
                    "group": "Thank you Screen",
                    "kuid": "dc5ec7ea441c4342bc32039cc17a0e6e",
                    "originalPropertyKey": "src",
                    "propertyIndex": 1,
                    "propertyKey": "thankyouImageSrc",
                    "pw": {
                        "access": "readwrite",
                        "category": "widget",
                        "displayName": "Thankyou Image",
                        "srcWidget": "imgCompletion",
                        "type": "string",
                        "uiConfig": {
                            "Button": {
                                "dataRetrieverId": "Imagelist",
                                "dataUpdaterId": "Imagelist",
                                "popupId": "Imagelist",
                                "type": "ImageEditBtn"
                            },
                            "Label": {}
                        },
                        "uiRepresentation": "Label-Label-Button",
                        "wType": "Image"
                    },
                    "srcWgtKUID": "u574698b762d421e85cc155acd756b36"
                },
                {
                    "access": "Enable",
                    "group": "Rating Screen",
                    "kuid": "b3f53182e3764b4e9888ed87c64bd2e6",
                    "originalPropertyKey": "src",
                    "propertyIndex": 2,
                    "propertyKey": "selectedRatingImageSrc",
                    "pw": {
                        "access": "readwrite",
                        "category": "widget",
                        "displayName": "Selected Rating Image",
                        "srcWidget": "imgStar1",
                        "type": "string",
                        "uiConfig": {
                            "Button": {
                                "dataRetrieverId": "Imagelist",
                                "dataUpdaterId": "Imagelist",
                                "popupId": "Imagelist",
                                "type": "ImageEditBtn"
                            },
                            "Label": {}
                        },
                        "uiRepresentation": "Label-Label-Button",
                        "wType": "Image"
                    },
                    "srcWgtKUID": "ua1ce0313f2b4e848bff6e96afea56cc"
                },
                {
                    "access": "Enable",
                    "group": "Rating Screen",
                    "kuid": "a9194d65b5f74d59b8c88ba9a44221f2",
                    "originalPropertyKey": "src",
                    "propertyIndex": 3,
                    "propertyKey": "unselectedRatingImageSrc",
                    "pw": {
                        "access": "readwrite",
                        "category": "widget",
                        "displayName": "Unselected Rating Image",
                        "srcWidget": "imgStar2",
                        "type": "string",
                        "uiConfig": {
                            "Button": {
                                "dataRetrieverId": "Imagelist",
                                "dataUpdaterId": "Imagelist",
                                "popupId": "Imagelist",
                                "type": "ImageEditBtn"
                            },
                            "Label": {}
                        },
                        "uiRepresentation": "Label-Label-Button",
                        "wType": "Image"
                    },
                    "srcWgtKUID": "u05ba5bf647e4d299efa3d9decedb01a"
                },
                {
                    "access": "Enable",
                    "group": "Thank you Screen",
                    "kuid": "h0050f4df3a7496e97eca7047a794a91",
                    "originalPropertyKey": "text",
                    "propertyIndex": 3,
                    "propertyKey": "okText",
                    "pw": {
                        "access": "readwrite",
                        "category": "look",
                        "displayName": "OK text",
                        "srcWidget": "lblOK",
                        "type": "string",
                        "uiRepresentation": "Label-Textbox",
                        "wType": "Label"
                    },
                    "srcWgtKUID": "b7e9a3b47a4e40e2b208eb7e021487e3"
                },
                {
                    "access": "Enable",
                    "group": "Rating Screen",
                    "kuid": "f8462c8a6b2a4a559b7327e3c5da5009",
                    "originalPropertyKey": "text",
                    "propertyIndex": 6,
                    "propertyKey": "dismissText",
                    "pw": {
                        "access": "readwrite",
                        "category": "look",
                        "displayName": "Dismiss text",
                        "srcWidget": "lblDismiss",
                        "type": "string",
                        "uiRepresentation": "Label-Textbox",
                        "wType": "Label"
                    },
                    "srcWgtKUID": "u020a8d009ee4fb49dde4778b6ec6820"
                },
                {
                    "access": "Enable",
                    "group": "Rating Screen",
                    "kuid": "g03cbb833c82496a9e18eccae4d3411d",
                    "originalPropertyKey": "text",
                    "propertyIndex": 7,
                    "propertyKey": "submitText",
                    "pw": {
                        "access": "readwrite",
                        "category": "look",
                        "displayName": "Submit Text",
                        "srcWidget": "lblSubmit",
                        "type": "string",
                        "uiRepresentation": "Label-Textbox",
                        "wType": "Label"
                    },
                    "srcWgtKUID": "ue8aefb3b12744d79d89f375a009eebb"
                }
            ]
        },
        "widgets": {
            "expose": [],
            "passthrough": []
        }
    },
    "namespace": "com.konymp",
    "version": "1.0.0"
}