{
    "AS_FlexContainer_975edc50a86d42ee8ae015d17252e8ab": {
        "id": "AS_FlexContainer_975edc50a86d42ee8ae015d17252e8ab",
        "type": "ACTION_SEQUENCE",
        "params": [{
            "datatype": "collection",
            "name": "eventobject"
        }],
        "contextObj": {
            "name": "uwu81b472381314b5e840f4c5951af4ec2",
            "type": "userwidgets",
            "KUID": "u81b472381314b5e840f4c5951af4ec2"
        },
        "language": "js",
        "actions": [{
            "id": "ADD_SNIPPET__a3b4dedfe84d405a9873878a4d644afc",
            "type": "ADD_SNIPPET",
            "codeSnippet": "this.dismissClick();",
            "parentId": null,
            "callbackType": null
        }]
    }
}