{
    "AS_FlexContainer_aa9b69fdb9d14566b243a4efe3f91c7c": {
        "id": "AS_FlexContainer_aa9b69fdb9d14566b243a4efe3f91c7c",
        "type": "ACTION_SEQUENCE",
        "params": [{
            "datatype": "collection",
            "name": "eventobject"
        }],
        "contextObj": {
            "name": "uwu81b472381314b5e840f4c5951af4ec2",
            "type": "userwidgets",
            "KUID": "u81b472381314b5e840f4c5951af4ec2"
        },
        "language": "js",
        "actions": [{
            "id": "ADD_SNIPPET__ac7c176457b541f8a76aa9d8c51fe789",
            "type": "ADD_SNIPPET",
            "codeSnippet": "this.setStarAnimDelay(0,2);",
            "parentId": null,
            "callbackType": null
        }]
    }
}