{
    "AS_FlexContainer_0a4cb74ad24442f79326229f7b72599c": {
        "id": "AS_FlexContainer_0a4cb74ad24442f79326229f7b72599c",
        "type": "ACTION_SEQUENCE",
        "params": [{
            "datatype": "collection",
            "name": "eventobject"
        }],
        "contextObj": {
            "name": "uwu81b472381314b5e840f4c5951af4ec2",
            "type": "userwidgets",
            "KUID": "u81b472381314b5e840f4c5951af4ec2"
        },
        "language": "js",
        "actions": [{
            "id": "ADD_SNIPPET__acbb9ef3d41b4beb9290ef16315fbc84",
            "type": "ADD_SNIPPET",
            "codeSnippet": "this.submitClick();",
            "parentId": null,
            "callbackType": null
        }]
    }
}