{
    "AS_TextArea_dfdb456220b34d8f87e037d1d7b0ad72": {
        "id": "AS_TextArea_dfdb456220b34d8f87e037d1d7b0ad72",
        "type": "ACTION_SEQUENCE",
        "params": [{
            "datatype": "collection",
            "name": "eventobject"
        }],
        "contextObj": {
            "name": "uwu81b472381314b5e840f4c5951af4ec2",
            "type": "userwidgets",
            "KUID": "u81b472381314b5e840f4c5951af4ec2"
        },
        "language": "js",
        "actions": [{
            "id": "ADD_SNIPPET__f5082a5dcda345028f745b7bb10e85dd",
            "type": "ADD_SNIPPET",
            "codeSnippet": "\n",
            "parentId": null,
            "callbackType": null
        }]
    }
}