{
    "classname": "searchheader",
    "definitions": {
        "apis": {
            "custom": [
                {
                    "kuid": "bf55ebb1dadc4f5e8d4000e7ef41e0c7",
                    "paramList": [],
                    "propertyKey": "getSearchData",
                    "pw": {
                        "displayName": "getSearchData",
                        "uiRepresentation": "Label-Label-Right"
                    },
                    "type": "api"
                },
                {
                    "kuid": "gc64b58a74644385a97ada853279f774",
                    "paramList": [],
                    "propertyKey": "forceLayoutOnComponent",
                    "pw": {
                        "displayName": "forceLayoutOnComponent",
                        "uiRepresentation": "Label-Label-Right"
                    },
                    "type": "api"
                },
                {
                    "kuid": "a87a9dc2ca8e48c2b7a1fba167d6f1f6",
                    "paramList": [
                        {
                            "name": "visibilityValue"
                        }
                    ],
                    "propertyKey": "disableLocationTextBox",
                    "pw": {
                        "displayName": "disableLocationTextBox",
                        "uiRepresentation": "Label-Label-Right"
                    },
                    "type": "api"
                }
            ],
            "passthrough": []
        },
        "events": {
            "custom": [
                {
                    "kuid": "j203ee645ee3453aa7b149ac4b32c0c8",
                    "paramList": [
                        {
                            "name": "enteredText"
                        }
                    ],
                    "propertyIndex": 3,
                    "propertyKey": "locationTextChanged",
                    "pw": {
                        "displayName": "locationTextChanged",
                        "uiRepresentation": "Label-Label-Button-Button"
                    },
                    "srcWgtKUID": "me903aa1acf44bd0b36f27f83d1a1142",
                    "type": "event"
                },
                {
                    "kuid": "f11eed2bc52448099a8d18764086b88a",
                    "paramList": [
                        {
                            "name": "enteredText"
                        }
                    ],
                    "propertyIndex": 4,
                    "propertyKey": "placeCategoryTextChanged",
                    "pw": {
                        "displayName": "placeCategoryTextChanged",
                        "uiRepresentation": "Label-Label-Button-Button"
                    },
                    "srcWgtKUID": "me903aa1acf44bd0b36f27f83d1a1142",
                    "type": "event"
                },
                {
                    "kuid": "d49e201ce5bc4e77a62cc079f048115d",
                    "paramList": [],
                    "propertyIndex": 5,
                    "propertyKey": "onTouchStartOfLocationTextBox",
                    "pw": {
                        "displayName": "onTouchStartOfLocationTextBox",
                        "uiRepresentation": "Label-Label-Button-Button"
                    },
                    "srcWgtKUID": "me903aa1acf44bd0b36f27f83d1a1142",
                    "type": "event"
                },
                {
                    "kuid": "eba10573cabf4ed7bc2e171fc7cf24c0",
                    "paramList": [],
                    "propertyIndex": 6,
                    "propertyKey": "onTouchStartOfCategoryTextBox",
                    "pw": {
                        "displayName": "onTouchStartOfCategoryTextBox",
                        "uiRepresentation": "Label-Label-Button-Button"
                    },
                    "srcWgtKUID": "me903aa1acf44bd0b36f27f83d1a1142",
                    "type": "event"
                },
                {
                    "kuid": "i11191ddc2ac4353b74941c93590b420",
                    "paramList": [
                        {
                            "name": "textBoxName"
                        }
                    ],
                    "propertyIndex": 7,
                    "propertyKey": "changeText",
                    "pw": {
                        "displayName": "changeText",
                        "uiRepresentation": "Label-Label-Button-Button"
                    },
                    "srcWgtKUID": "me903aa1acf44bd0b36f27f83d1a1142",
                    "type": "event"
                }
            ],
            "passthrough": [
                {
                    "access": "Enable",
                    "kuid": "fb6ed66f43e54e16866007f16f03fe53",
                    "originalPropertyKey": "onDone",
                    "propertyIndex": 1,
                    "propertyKey": "onEditLocationDone",
                    "pw": {
                        "access": "readwrite",
                        "category": "action",
                        "displayName": "onEditLocationDone",
                        "srcWidget": "txtLocation",
                        "type": "action",
                        "uiRepresentation": "Label-Label-Button-Button",
                        "wType": "TextField"
                    },
                    "srcWgtKUID": "c085fcfab6224c0dbdd1f6ec06a40cbd"
                },
                {
                    "access": "Enable",
                    "kuid": "e159d7b245f74a669eb4246b41af7a51",
                    "originalPropertyKey": "onTouchEnd",
                    "propertyIndex": 2,
                    "propertyKey": "cancelClicked",
                    "pw": {
                        "access": "readwrite",
                        "category": "action",
                        "displayName": "cancelClicked",
                        "srcWidget": "lblCancel",
                        "type": "action",
                        "uiRepresentation": "Label-Label-Button-Button",
                        "wType": "Label"
                    },
                    "srcWgtKUID": "h401f034d704488d9d52c65e57d50b9a"
                }
            ]
        },
        "groups": {
            "apis": [],
            "events": [
                "General"
            ],
            "properties": [],
            "widgets": []
        },
        "properties": {
            "custom": [
                {
                    "access": "Write",
                    "defaultValue": "konympPLsknFlex34495e",
                    "group": "General",
                    "kuid": "d762eaa708a24a9a9d3a9348a5f3987f",
                    "originalPropertyKey": "headerSkin",
                    "propertyIndex": 12,
                    "propertyKey": "headerSkin",
                    "pw": {
                        "displayName": "Header Skin",
                        "uiRepresentation": "Label-Textbox"
                    },
                    "srcWgtKUID": "me903aa1acf44bd0b36f27f83d1a1142",
                    "type": "string",
                    "value": ""
                },
                {
                    "access": "Write",
                    "defaultValue": "konympPLsknTbxNormal",
                    "group": "General",
                    "kuid": "bb07f9f2f5194e55a2a14617506599dd",
                    "originalPropertyKey": "textBoxSkin",
                    "propertyIndex": 13,
                    "propertyKey": "textBoxSkin",
                    "pw": {
                        "displayName": "TextBox Skin",
                        "uiRepresentation": "Label-Textbox"
                    },
                    "srcWgtKUID": "me903aa1acf44bd0b36f27f83d1a1142",
                    "type": "string",
                    "value": ""
                },
                {
                    "access": "Write",
                    "defaultValue": "konympPLsknLblffffffRobotoR91",
                    "group": "General",
                    "kuid": "ia0feac1e78943009c0c0e187664d74a",
                    "originalPropertyKey": "cancelSearchButtonSkin",
                    "propertyIndex": 14,
                    "propertyKey": "cancelSearchButtonSkin",
                    "pw": {
                        "displayName": "Cancel Search ButtonSkin",
                        "uiRepresentation": "Label-Textbox"
                    },
                    "srcWgtKUID": "me903aa1acf44bd0b36f27f83d1a1142",
                    "type": "string",
                    "value": ""
                },
                {
                    "access": "Write",
                    "defaultValue": "konympPLsknBtnClear",
                    "group": "General",
                    "kuid": "bd71412cab19487f91f496140fbc2c6a",
                    "originalPropertyKey": "clearBtnSkin",
                    "propertyIndex": 15,
                    "propertyKey": "clearBtnSkin",
                    "pw": {
                        "displayName": "ClearButton Skin",
                        "uiRepresentation": "Label-Textbox"
                    },
                    "srcWgtKUID": "me903aa1acf44bd0b36f27f83d1a1142",
                    "type": "string",
                    "value": ""
                },
                {
                    "access": "Write",
                    "defaultValue": "konympPLsknTbxNormal",
                    "group": "General",
                    "kuid": "f19e517091bc4d6a987677bb63245c9a",
                    "originalPropertyKey": "textBoxOnFocusSkin",
                    "propertyIndex": 16,
                    "propertyKey": "textBoxOnFocusSkin",
                    "pw": {
                        "displayName": "TextBox OnFocusSkin",
                        "uiRepresentation": "Label-Textbox"
                    },
                    "srcWgtKUID": "me903aa1acf44bd0b36f27f83d1a1142",
                    "type": "string",
                    "value": ""
                },
                {
                    "access": "Write",
                    "defaultValue": "konympPLsknTbxPlaceHolderf2f2f2",
                    "group": "General",
                    "kuid": "bf0940ff0e7844cba750ed4070c3cbd1",
                    "originalPropertyKey": "textBoxPlaceHolderSkin",
                    "propertyIndex": 17,
                    "propertyKey": "textBoxPlaceHolderSkin",
                    "pw": {
                        "displayName": "TextBox PlaceHolderSkin",
                        "uiRepresentation": "Label-Textbox"
                    },
                    "srcWgtKUID": "me903aa1acf44bd0b36f27f83d1a1142",
                    "type": "string",
                    "value": ""
                },
                {
                    "access": "Write",
                    "defaultValue": "konympPLsknBtnClear",
                    "group": "General",
                    "kuid": "e1a3936625894d43bcd0ee5d27f99368",
                    "originalPropertyKey": "clearBtnOnFocus",
                    "propertyIndex": 18,
                    "propertyKey": "clearBtnOnFocus",
                    "pw": {
                        "displayName": "Clear Button OnFocusSkin",
                        "uiRepresentation": "Label-Textbox"
                    },
                    "srcWgtKUID": "me903aa1acf44bd0b36f27f83d1a1142",
                    "type": "string",
                    "value": ""
                }
            ],
            "passthrough": [
                {
                    "access": "Enable",
                    "kuid": "b76f079e03644832af0cf6abaace4c0f",
                    "originalPropertyKey": "src",
                    "propertyIndex": 1,
                    "propertyKey": "searchIcon",
                    "pw": {
                        "access": "readwrite",
                        "category": "widget",
                        "displayName": "Search Icon",
                        "srcWidget": "imgSearch",
                        "type": "string",
                        "uiConfig": {
                            "Button": {
                                "dataRetrieverId": "Imagelist",
                                "dataUpdaterId": "Imagelist",
                                "popupId": "Imagelist",
                                "type": "ImageEditBtn"
                            },
                            "Label": {}
                        },
                        "uiRepresentation": "Label-Label-Button",
                        "wType": "Image"
                    },
                    "srcWgtKUID": "fcc17f7c5bf4421ba770e8d36c20673d"
                },
                {
                    "access": "Enable",
                    "kuid": "fa098302be96453eb80aa3c89152c87d",
                    "originalPropertyKey": "src",
                    "propertyIndex": 2,
                    "propertyKey": "locationIcon",
                    "pw": {
                        "access": "readwrite",
                        "category": "widget",
                        "displayName": "Location Icon",
                        "srcWidget": "imgLocation",
                        "type": "string",
                        "uiConfig": {
                            "Button": {
                                "dataRetrieverId": "Imagelist",
                                "dataUpdaterId": "Imagelist",
                                "popupId": "Imagelist",
                                "type": "ImageEditBtn"
                            },
                            "Label": {}
                        },
                        "uiRepresentation": "Label-Label-Button",
                        "wType": "Image"
                    },
                    "srcWgtKUID": "ec53d26e6609491f81acc130c8ae6db4"
                },
                {
                    "access": "Enable",
                    "kuid": "ha405fb2dc0a43929a8174a728d01be9",
                    "originalPropertyKey": "isVisible",
                    "propertyIndex": 3,
                    "propertyKey": "cancelLabelVisibility",
                    "pw": {
                        "access": "readwrite",
                        "category": "look",
                        "displayName": "Cancel Label Visibility",
                        "srcWidget": "lblCancel",
                        "type": "boolean",
                        "uiRepresentation": "Label-Radiobuttongroup",
                        "wType": "Label"
                    },
                    "srcWgtKUID": "h401f034d704488d9d52c65e57d50b9a"
                },
                {
                    "access": "Enable",
                    "kuid": "de9a95c7a3a54d1e9d16d453265e28b8",
                    "originalPropertyKey": "isVisible",
                    "propertyIndex": 4,
                    "propertyKey": "searchLabelVisibility",
                    "pw": {
                        "access": "readwrite",
                        "category": "look",
                        "displayName": "Search Label Visibility",
                        "srcWidget": "lblSearch",
                        "type": "boolean",
                        "uiRepresentation": "Label-Radiobuttongroup",
                        "wType": "Label"
                    },
                    "srcWgtKUID": "b7494c1de8fb4e739a8599f40a12470e"
                },
                {
                    "access": "Enable",
                    "kuid": "a8bd06d8b54641c7adb9c6f6f1780ced",
                    "originalPropertyKey": "placeholder",
                    "propertyIndex": 5,
                    "propertyKey": "locationPlaceHolder",
                    "pw": {
                        "access": "readwrite",
                        "category": "widget",
                        "displayName": "Location Placeholder",
                        "srcWidget": "txtLocation",
                        "supportedPlatforms": {
                            "mobile": [
                                "iphone",
                                "android",
                                "winphone8",
                                "spa"
                            ],
                            "tablet": [
                                "ipad",
                                "android",
                                "windows8",
                                "spa"
                            ]
                        },
                        "type": "string",
                        "uiRepresentation": "Label-Textbox",
                        "wType": "TextField"
                    },
                    "srcWgtKUID": "c085fcfab6224c0dbdd1f6ec06a40cbd"
                },
                {
                    "access": "Enable",
                    "kuid": "d869e3626525410397665ccd0965954b",
                    "originalPropertyKey": "placeholder",
                    "propertyIndex": 6,
                    "propertyKey": "categoryPlaceHolder",
                    "pw": {
                        "access": "readwrite",
                        "category": "widget",
                        "displayName": "Category Placeholder",
                        "srcWidget": "txtPlaceOrCategory",
                        "supportedPlatforms": {
                            "mobile": [
                                "iphone",
                                "android",
                                "winphone8",
                                "spa"
                            ],
                            "tablet": [
                                "ipad",
                                "android",
                                "windows8",
                                "spa"
                            ]
                        },
                        "type": "string",
                        "uiRepresentation": "Label-Textbox",
                        "wType": "TextField"
                    },
                    "srcWgtKUID": "c998881b7b934d6e8f95fd8b22cc1b86"
                },
                {
                    "access": "Enable",
                    "kuid": "b598679719a24f4a834cdb3735bb25af",
                    "originalPropertyKey": "text",
                    "propertyIndex": 7,
                    "propertyKey": "searchLabelText",
                    "pw": {
                        "access": "readwrite",
                        "category": "look",
                        "displayName": "Search Label Text",
                        "srcWidget": "lblSearch",
                        "type": "string",
                        "uiRepresentation": "Label-Textbox",
                        "wType": "Label"
                    },
                    "srcWgtKUID": "b7494c1de8fb4e739a8599f40a12470e"
                },
                {
                    "access": "Enable",
                    "kuid": "faf5ff0af39c40a189b317beb961bb0f",
                    "originalPropertyKey": "text",
                    "propertyIndex": 8,
                    "propertyKey": "cancelLabelText",
                    "pw": {
                        "access": "readwrite",
                        "category": "look",
                        "displayName": "Cancel Label Text",
                        "srcWidget": "lblCancel",
                        "type": "string",
                        "uiRepresentation": "Label-Textbox",
                        "wType": "Label"
                    },
                    "srcWgtKUID": "h401f034d704488d9d52c65e57d50b9a"
                },
                {
                    "access": "Enable",
                    "kuid": "a7602ac7a720446c94d7b8c7c91b2d79",
                    "originalPropertyKey": "text",
                    "propertyIndex": 9,
                    "propertyKey": "locationTbxText",
                    "pw": {
                        "access": "readwrite",
                        "category": "look",
                        "displayName": "Location Tbx Text",
                        "srcWidget": "txtLocation",
                        "type": "string",
                        "uiRepresentation": "Label-Textbox",
                        "wType": "TextField"
                    },
                    "srcWgtKUID": "c085fcfab6224c0dbdd1f6ec06a40cbd"
                },
                {
                    "access": "Enable",
                    "kuid": "ie94a92196d74be9990cac1b5ddae155",
                    "originalPropertyKey": "text",
                    "propertyIndex": 10,
                    "propertyKey": "categoryTbxText",
                    "pw": {
                        "access": "readwrite",
                        "category": "look",
                        "displayName": "Category Tbx Text",
                        "srcWidget": "txtPlaceOrCategory",
                        "type": "string",
                        "uiRepresentation": "Label-Textbox",
                        "wType": "TextField"
                    },
                    "srcWgtKUID": "c998881b7b934d6e8f95fd8b22cc1b86"
                },
                {
                    "access": "Enable",
                    "kuid": "cc5b83ec034f43f8afea844065e746c4",
                    "originalPropertyKey": "isVisible",
                    "propertyIndex": 11,
                    "propertyKey": "btnClearLocationVisibility",
                    "pw": {
                        "access": "readwrite",
                        "category": "look",
                        "displayName": "Button Clear Location Visibility",
                        "srcWidget": "btnClearLocation",
                        "type": "boolean",
                        "uiRepresentation": "Label-Radiobuttongroup",
                        "wType": "Button"
                    },
                    "srcWgtKUID": "c855c907be2f4e83ba4aa37194d42976"
                }
            ]
        },
        "widgets": {
            "expose": [],
            "passthrough": []
        }
    },
    "namespace": "com.konymp",
    "version": "1.0.0"
}