{
    "classname": "autosuggest",
    "definitions": {
        "apis": {
            "custom": [
                {
                    "kuid": "id203ae9d166482b9a18139ca95b00ce",
                    "paramList": [
                        {
                            "name": "data"
                        },
                        {
                            "name": "dataMap"
                        }
                    ],
                    "propertyKey": "setDataToSegment",
                    "pw": {
                        "displayName": "setDataToSegment",
                        "uiRepresentation": "Label-Label-Right"
                    },
                    "type": "api"
                },
                {
                    "kuid": "cd6c2f50d418482ea44db0b7571d3665",
                    "paramList": [],
                    "propertyKey": "getCurrentLocationCoordinates",
                    "pw": {
                        "displayName": "getCurrentLocationCoordinates",
                        "uiRepresentation": "Label-Label-Right"
                    },
                    "type": "api"
                }
            ],
            "passthrough": []
        },
        "events": {
            "custom": [
                {
                    "kuid": "af445ddd1abf447b8a587292c6ee726f",
                    "paramList": [
                        {
                            "name": "successResponse"
                        }
                    ],
                    "propertyKey": "fetchCurrentLocationSuccess",
                    "pw": {
                        "displayName": "fetchCurrentLocationSuccess",
                        "uiRepresentation": "Label-Label-Button-Button"
                    },
                    "srcWgtKUID": "f5de5a3e45a3448cabedbbc1ab004a53",
                    "type": "event"
                },
                {
                    "kuid": "adb792ebd9124c21a85074798399c335",
                    "paramList": [
                        {
                            "name": "failureMessage"
                        }
                    ],
                    "propertyKey": "fetchCurrentLocationFailure",
                    "pw": {
                        "displayName": "fetchCurrentLocationFailure",
                        "uiRepresentation": "Label-Label-Button-Button"
                    },
                    "srcWgtKUID": "f5de5a3e45a3448cabedbbc1ab004a53",
                    "type": "event"
                },
                {
                    "kuid": "h6c3a641741e4767a367649150fee6ab",
                    "paramList": [
                        {
                            "name": "data"
                        }
                    ],
                    "propertyKey": "addressSelected",
                    "pw": {
                        "displayName": "addressSelected",
                        "uiRepresentation": "Label-Label-Button-Button"
                    },
                    "srcWgtKUID": "f5de5a3e45a3448cabedbbc1ab004a53",
                    "type": "event"
                },
                {
                    "kuid": "hd562400e7254e53b4a1a1c4a9059ea9",
                    "paramList": [],
                    "propertyKey": "currentLocationSelectionCallback",
                    "pw": {
                        "displayName": "currentLocationSelectionCallback",
                        "uiRepresentation": "Label-Label-Button-Button"
                    },
                    "srcWgtKUID": "f5de5a3e45a3448cabedbbc1ab004a53",
                    "type": "event"
                }
            ],
            "passthrough": []
        },
        "groups": {
            "apis": [],
            "events": [],
            "properties": [
                "General"
            ],
            "widgets": []
        },
        "properties": {
            "custom": [
                {
                    "access": "Write",
                    "defaultValue": "konympPLsknFlexffffff",
                    "group": "General",
                    "kuid": "c8b4d987af63469ab11dc036b548aa72",
                    "originalPropertyKey": "currentLocationSkin",
                    "propertyIndex": 5,
                    "propertyKey": "currentLocationSkin",
                    "pw": {
                        "displayName": "Current Location Skin",
                        "uiRepresentation": "Label-Textbox"
                    },
                    "srcWgtKUID": "f5de5a3e45a3448cabedbbc1ab004a53",
                    "type": "string",
                    "value": ""
                }
            ],
            "passthrough": [
                {
                    "access": "Enable",
                    "kuid": "h60544eabb874e46addb5087a7cf0f85",
                    "originalPropertyKey": "src",
                    "propertyIndex": 1,
                    "propertyKey": "searchSuggestionIcon",
                    "pw": {
                        "access": "readwrite",
                        "category": "widget",
                        "displayName": "Current Location Image",
                        "srcWidget": "imgCurrentLocation",
                        "type": "string",
                        "uiConfig": {
                            "Button": {
                                "dataRetrieverId": "Imagelist",
                                "dataUpdaterId": "Imagelist",
                                "popupId": "Imagelist",
                                "type": "ImageEditBtn"
                            },
                            "Label": {}
                        },
                        "uiRepresentation": "Label-Label-Button",
                        "wType": "Image"
                    },
                    "srcWgtKUID": "ea7903ec90b04fc8800b2bd5ef01c4ca"
                },
                {
                    "access": "Enable",
                    "kuid": "ddbc5195b92543339a61f5c1c30e6c51",
                    "originalPropertyKey": "text",
                    "propertyIndex": 2,
                    "propertyKey": "currentLocationText",
                    "pw": {
                        "access": "readwrite",
                        "category": "look",
                        "displayName": "Current Location Text",
                        "srcWidget": "lblCurrentLocation",
                        "type": "string",
                        "uiRepresentation": "Label-Textbox",
                        "wType": "Label"
                    },
                    "srcWgtKUID": "baa5b00e9eb247199926c97d9d39a692"
                },
                {
                    "access": "Enable",
                    "kuid": "b05103e97315434cb8626ed40199dcbc",
                    "originalPropertyKey": "isVisible",
                    "propertyIndex": 3,
                    "propertyKey": "currentLocationVisibility",
                    "pw": {
                        "access": "readwrite",
                        "category": "look",
                        "displayName": "Current Location Visibility",
                        "srcWidget": "imgCurrentLocation",
                        "type": "boolean",
                        "uiRepresentation": "Label-Radiobuttongroup",
                        "wType": "Image"
                    },
                    "srcWgtKUID": "ea7903ec90b04fc8800b2bd5ef01c4ca"
                },
                {
                    "access": "Enable",
                    "kuid": "bb64c2f0f5d44eb1ac1e96a1a1bc134f",
                    "originalPropertyKey": "rowTemplate",
                    "propertyIndex": 4,
                    "propertyKey": "autoSuggestRowTemplate",
                    "pw": {
                        "access": "readwrite",
                        "category": "widget",
                        "companionKeys": [
                            "sectionHeaderTemplate",
                            "data"
                        ],
                        "displayName": "AutoSuggest RowTemplate",
                        "srcWidget": "segAutosuggest",
                        "type": "template",
                        "uiRepresentation": "Label-Combobox",
                        "wType": "Segment"
                    },
                    "srcWgtKUID": "f261735ce3ea41e9a88c84c420b59f2e"
                }
            ]
        },
        "widgets": {
            "expose": [],
            "passthrough": []
        }
    },
    "namespace": "com.konymp",
    "version": "1.0.0"
}