{
    "DNDConfig": null,
    "__parentReadjusting__": false,
    "_height_": {
        "type": "string",
        "value": "100%"
    },
    "_left_": {
        "type": "string",
        "value": "0%"
    },
    "_margin_": [
        0,
        0,
        0,
        0
    ],
    "_orientation_": 6,
    "_padding_": [
        0,
        0,
        0,
        0
    ],
    "_percent_": true,
    "_skin_": "s3714965702b4bb89aafe37b2f4f3f27",
    "_top_": {
        "type": "string",
        "value": "0%"
    },
    "_width_": {
        "type": "string",
        "value": "100%"
    },
    "allboxes": [],
    "autogrowmode": 0,
    "canUpdateUI": true,
    "children": [
        "txtBoxComponent",
        "lblUnderline",
        "lblPlaceholder",
        "lblPlaceholderFocusSkin",
        "lblUnderlineFocusSkin"
    ],
    "clipbounds": true,
    "containerweight": 100,
    "enablescrolling": true,
    "id": "flxTextBox",
    "info": null,
    "isvisible": true,
    "kuid": "dbf75560c04340279648a20eac9f7d53",
    "layouttype": 2,
    "name": "kony.ui.FlexContainer",
    "parent": "animatedtextfield",
    "pf": "userwidgetmodel",
    "snapgridsize": 10,
    "snaptogrid": true,
    "wType": "FlexContainer",
    "widgetalignment": 1,
    "zindex": 10
}