{
    "@class": "com.kony.gen.viz.model.component.KVizTextBox2",
    "DNDConfig": null,
    "__parentReadjusting__": false,
    "_height_": {
        "type": "string",
        "value": "100%"
    },
    "_left_": {
        "type": "string",
        "value": "0%"
    },
    "_margin_": [
        0,
        0,
        0,
        0
    ],
    "_padding_": [
        0,
        10,
        0,
        0
    ],
    "_placeholder_": "",
    "_skin_": "s4af2c862cd64675b9ab85f8c02f578c",
    "_text_": "",
    "_top_": {
        "type": "string",
        "value": "0%"
    },
    "_width_": {
        "type": "string",
        "value": "100%"
    },
    "autocapitalize": "none",
    "autocomplete": false,
    "autocorrect": false,
    "autofilter": false,
    "canUpdateUI": true,
    "containerheight": "",
    "containerheightmode": 1,
    "containerweight": 100,
    "contentalignment": 1,
    "focusskin": "s4af2c862cd64675b9ab85f8c02f578c",
    "id": "txtBoxComponent",
    "ide_onDone": "AS_TextField_bd12b2785425422daec71bc2722ef1c1",
    "info": null,
    "isvisible": true,
    "keyboardtype": "A",
    "kuid": "e73a79dd40794954974a1bf0e1dacc04",
    "maxtextlength": "",
    "mode": "A",
    "name": "kony.ui.TextBox2",
    "paddinginpixel": false,
    "parent": "flxTextBox",
    "pf": "userwidgetmodel",
    "securetextentry": false,
    "textinputmode": "A",
    "viewtype": "default",
    "wType": "TextField",
    "zindex": 1
}