{
    "DNDConfig": null,
    "__parentReadjusting__": false,
    "_height_": {
        "type": "string",
        "value": "18%"
    },
    "_margin_": [
        0,
        0,
        0,
        0
    ],
    "_orientation_": 6,
    "_padding_": [
        0,
        0,
        0,
        0
    ],
    "_percent_": true,
    "_skin_": "seb2b0c39c304a21a0577e2158f464a6",
    "allboxes": [],
    "autogrowmode": 0,
    "canUpdateUI": true,
    "children": [
        "empname",
        "designation",
        "department",
        "colorflx",
        "flxImageHolder",
        "flxOnline"
    ],
    "clipbounds": true,
    "containerId": true,
    "containerweight": 100,
    "controllerInfo": {
        "default": {
            "channel": "mobile",
            "name": "datacontainerController"
        }
    },
    "enablescrolling": true,
    "id": "datacontainer",
    "info": null,
    "isTemplate": true,
    "isvisible": true,
    "kuid": "i7df3ef41a9b4e18abb2b76da35e2b71",
    "layouttype": 2,
    "masterType": 1,
    "name": "kony.ui.FlexContainer",
    "parent": "segRowTemplate",
    "pf": "segRowTemplate",
    "snapgridsize": 10,
    "snaptogrid": true,
    "wType": "FlexContainer",
    "widgetalignment": 1
}