{
    "@class": "com.kony.gen.viz.model.component.KVizImage2",
    "DNDConfig": null,
    "__parentReadjusting__": false,
    "_base64_": null,
    "_height_": {
        "type": "string",
        "value": "100%"
    },
    "_margin_": [
        0,
        0,
        0,
        0
    ],
    "_padding_": [
        0,
        0,
        0,
        0
    ],
    "_skin_": "s315f5cfc2cd48bd96e1a252e3e200ef",
    "_src_": "user_profile2.png",
    "_width_": {
        "type": "string",
        "value": "100%"
    },
    "android": {
        "render": true
    },
    "canUpdateUI": true,
    "centerx": {
        "type": "string",
        "value": "50%"
    },
    "centery": {
        "type": "string",
        "value": "50%"
    },
    "containerId": true,
    "containerweight": 100,
    "context": {
        "channel": "mobile",
        "platform": "iphone",
        "templateType": "segments",
        "topLevelBox": null
    },
    "id": "empimage",
    "imagescalemode": 0,
    "info": null,
    "invokedProperty": "src",
    "iphone": {
        "render": true
    },
    "isvisible": true,
    "kuid": "ef878fe7a4a04eff82541e493f8a2399",
    "name": "kony.ui.Image2",
    "parent": "flxImageHolder",
    "pf": "segRowTemplate",
    "spaan": {
        "render": true
    },
    "spabb": {
        "render": true
    },
    "spaip": {
        "render": true
    },
    "spawinphone8": {
        "render": true
    },
    "srcType": 1,
    "wType": "Image",
    "widgetalignment": 5,
    "winphone8": {
        "render": true
    }
}