{
    "@class": "com.kony.gen.viz.model.component.KVizBrowser",
    "DNDConfig": null,
    "__parentReadjusting__": false,
    "_height_": {
        "type": "string",
        "value": "100%"
    },
    "_left_": {
        "type": "string",
        "value": "0%"
    },
    "_margin_": [
        0,
        0,
        0,
        0
    ],
    "_padding_": [
        0,
        0,
        0,
        0
    ],
    "_top_": {
        "type": "string",
        "value": "0%"
    },
    "_type_": 3,
    "_width_": {
        "type": "string",
        "value": "100%"
    },
    "canUpdateUI": true,
    "containerweight": 69,
    "detecttelnumber": true,
    "htmlstring": "Please wait !!\n",
    "id": "brwsrIdentity",
    "info": null,
    "isvisible": true,
    "kuid": "g3562d2983034f0189b1d406ba596e8c",
    "margininpixel": false,
    "method": "get",
    "name": "kony.ui.Browser",
    "paddinginpixel": false,
    "parent": "flxIdentity",
    "pf": "userwidgetmodel",
    "requesturlconfig": {
        "URL": "",
        "requestMethod": "get"
    },
    "screenlevelwidget": false,
    "url": "",
    "wType": "Browser",
    "zindex": 100
}