{
    "@class": "com.kony.gen.viz.model.component.KVizButton",
    "DNDConfig": null,
    "__parentReadjusting__": false,
    "_height_": {
        "type": "string",
        "value": "100%"
    },
    "_left_": {
        "type": "string",
        "value": "0%"
    },
    "_margin_": [
        6,
        6,
        6,
        6
    ],
    "_padding_": [
        0,
        0,
        0,
        0
    ],
    "_skin_": "sa0916ce82b54d24b63685ceb01d2d26",
    "_text_": "Cancel",
    "_top_": {
        "type": "string",
        "value": "0%"
    },
    "_width_": {
        "type": "string",
        "value": "50%"
    },
    "canUpdateUI": true,
    "containerweight": 100,
    "contentalignment": 5,
    "displaytext": true,
    "focusskin": null,
    "id": "btnCancel",
    "ide_onClick": "AS_Button_h97f02f6a8d14670bca668d5ae5a79ef",
    "info": null,
    "isvisible": true,
    "kuid": "a20ca6f12b934b8980a6a96251ea0235",
    "name": "kony.ui.Button",
    "parent": "flxButtons",
    "pf": "userwidgetmodel",
    "wType": "Button",
    "zindex": 10
}