{
    "@class": "com.kony.gen.viz.model.component.KVizButton",
    "DNDConfig": null,
    "__parentReadjusting__": false,
    "_height_": {
        "type": "string",
        "value": "100%"
    },
    "_left_": {
        "type": "string",
        "value": "50%"
    },
    "_margin_": [
        6,
        6,
        6,
        6
    ],
    "_padding_": [
        0,
        0,
        0,
        0
    ],
    "_skin_": "sdd14af3adb9408aa51abe875a09009d",
    "_text_": "Enable",
    "_top_": {
        "type": "string",
        "value": "0%"
    },
    "_width_": {
        "type": "string",
        "value": "50%"
    },
    "canUpdateUI": true,
    "containerweight": 100,
    "contentalignment": 5,
    "displaytext": true,
    "focusskin": null,
    "id": "btnEnable",
    "ide_onClick": "AS_Button_c12a117cd68c4e6ba3d975ee7f71ae20",
    "info": null,
    "isvisible": true,
    "kuid": "cb392aed461d4d43a09faf579d10342f",
    "name": "kony.ui.Button",
    "parent": "flxButtons",
    "pf": "userwidgetmodel",
    "wType": "Button",
    "zindex": 10
}