{
    "@class": "com.kony.gen.viz.model.component.KVizButton",
    "DNDConfig": null,
    "__parentReadjusting__": false,
    "_height_": {
        "type": "string",
        "value": "42dp"
    },
    "_margin_": [
        6,
        6,
        6,
        6
    ],
    "_padding_": [
        0,
        0,
        0,
        0
    ],
    "_skin_": "sa35edcd44984d08a695a4cbdb6ef396",
    "_text_": "SIGN IN",
    "_top_": {
        "type": "string",
        "value": "60.04%"
    },
    "_width_": {
        "type": "string",
        "value": "80%"
    },
    "canUpdateUI": true,
    "centerx": {
        "type": "string",
        "value": "50.06%"
    },
    "containerweight": 100,
    "contentalignment": 5,
    "displaytext": true,
    "focusskin": "s43756a9ceb24b0191fa091e642d81aa",
    "id": "btnLogin",
    "ide_onClick": "AS_Button_b95b522aac76408487a06d11856791ee",
    "info": null,
    "isvisible": true,
    "kuid": "ac33479c328846cabd62987b86200716",
    "name": "kony.ui.Button",
    "parent": "flxCredentials",
    "pf": "userwidgetmodel",
    "wType": "Button",
    "zindex": 1
}