{
    "DNDConfig": null,
    "__parentReadjusting__": false,
    "_bottom_": {
        "type": "string",
        "value": "0dp"
    },
    "_height_": {
        "type": "string",
        "value": "60%"
    },
    "_margin_": [
        0,
        0,
        0,
        0
    ],
    "_padding_": [
        0,
        0,
        0,
        0
    ],
    "_skin_": "s607ec4b4ac9404bb6b4c82cbf3dc85e",
    "_width_": {
        "type": "string",
        "value": "100%"
    },
    "allboxes": [],
    "autogrowmode": 0,
    "canUpdateUI": true,
    "centerx": {
        "type": "string",
        "value": "50%"
    },
    "children": [],
    "clipbounds": true,
    "containerweight": 100,
    "enabled": false,
    "enablescrolling": true,
    "id": "flxBottomContainer",
    "info": null,
    "isvisible": true,
    "kuid": "f20110eab463468388843979d5b75491",
    "layouttype": 2,
    "name": "kony.ui.FlexContainer",
    "orientation": 6,
    "parent": "flxLogin",
    "percent": true,
    "pf": "userwidgetmodel",
    "snapgridsize": 10,
    "snaptogrid": true,
    "wType": "FlexContainer",
    "widgetalignment": 1,
    "zindex": 8
}