{
    "DNDConfig": null,
    "__parentReadjusting__": false,
    "_height_": {
        "type": "string",
        "value": "30dp"
    },
    "_margin_": [
        0,
        0,
        0,
        0
    ],
    "_orientation_": 6,
    "_padding_": [
        0,
        0,
        0,
        0
    ],
    "_percent_": true,
    "_right_": {
        "type": "string",
        "value": "2%"
    },
    "_skin_": "sbd66b5c9c92450cab65c50af4013eb1",
    "_top_": {
        "type": "string",
        "value": "0.50%"
    },
    "_width_": {
        "type": "string",
        "value": "30dp"
    },
    "allboxes": [],
    "autogrowmode": 0,
    "canUpdateUI": true,
    "children": [
        "imgClose"
    ],
    "clipbounds": true,
    "containerweight": 100,
    "enablescrolling": true,
    "id": "flxClose",
    "ide_onClick": "AS_FlexContainer_b1486af2d3bc40b595c92c7f95b32d42",
    "info": null,
    "isvisible": true,
    "kuid": "d5d1445bbf394c6bbf024f015d930d6c",
    "layouttype": 2,
    "name": "kony.ui.FlexContainer",
    "parent": "flxIdentity",
    "pf": "userwidgetmodel",
    "snapgridsize": 10,
    "snaptogrid": true,
    "wType": "FlexContainer",
    "widgetalignment": 1,
    "zindex": 101
}