{
    "DNDConfig": null,
    "__parentReadjusting__": false,
    "_bottom_": {
        "type": "string",
        "value": "27%"
    },
    "_height_": {
        "type": "string",
        "value": "40%"
    },
    "_left_": {
        "type": "string",
        "value": "0%"
    },
    "_margin_": [
        0,
        0,
        0,
        0
    ],
    "_orientation_": 6,
    "_padding_": [
        0,
        0,
        0,
        0
    ],
    "_percent_": true,
    "_skin_": "s385a1c9ee864352b71fd26528d31fe5",
    "_width_": {
        "type": "string",
        "value": "89%"
    },
    "allboxes": [],
    "autogrowmode": 0,
    "canUpdateUI": true,
    "centerx": {
        "type": "string",
        "value": "50%"
    },
    "centery": {
        "type": "string",
        "value": "50%"
    },
    "children": [
        "flxButtons",
        "flxPopUpTitle",
        "flxEnableTouchIdPopupLine",
        "imgEnableTouchIDIcon",
        "lblMessage"
    ],
    "clipbounds": true,
    "containerweight": 100,
    "enablescrolling": true,
    "id": "flxEnableTouchIDPopup",
    "info": null,
    "iphone": {
        "render": true
    },
    "isvisible": false,
    "kuid": "d19943744dd145efbb28c15a8047b0b1",
    "layouttype": 2,
    "name": "kony.ui.FlexContainer",
    "parent": "flxPopups",
    "pf": "userwidgetmodel",
    "snapgridsize": 10,
    "snaptogrid": true,
    "wType": "FlexContainer",
    "widgetalignment": 1,
    "zindex": 10
}