{
    "DNDConfig": null,
    "__parentReadjusting__": false,
    "_height_": {
        "type": "string",
        "value": "40dp"
    },
    "_margin_": [
        0,
        0,
        0,
        0
    ],
    "_orientation_": 6,
    "_padding_": [
        0,
        0,
        0,
        0
    ],
    "_percent_": true,
    "_skin_": "sbd66b5c9c92450cab65c50af4013eb1",
    "_width_": {
        "type": "string",
        "value": "40dp"
    },
    "allboxes": [],
    "autogrowmode": 0,
    "canUpdateUI": true,
    "centerx": {
        "type": "string",
        "value": "50%"
    },
    "centery": {
        "type": "string",
        "value": "60%"
    },
    "children": [
        "imgFaceBook"
    ],
    "clipbounds": true,
    "containerweight": 100,
    "enablescrolling": true,
    "id": "flxFacebook",
    "ide_onClick": "AS_FlexContainer_d8c88f47dfd34781a9ef94eff15f8a8a",
    "info": null,
    "isvisible": true,
    "kuid": "a3f2635a7b1148f0a25c7ea99ae7925d",
    "layouttype": 2,
    "name": "kony.ui.FlexContainer",
    "parent": "flxSocialLogin",
    "pf": "userwidgetmodel",
    "snapgridsize": 10,
    "snaptogrid": true,
    "wType": "FlexContainer",
    "widgetalignment": 1,
    "zindex": 8
}