{
    "DNDConfig": null,
    "__parentReadjusting__": false,
    "_height_": {
        "type": "string",
        "value": "40dp"
    },
    "_left_": {
        "type": "string",
        "value": "157dp"
    },
    "_margin_": [
        0,
        0,
        0,
        0
    ],
    "_orientation_": 6,
    "_padding_": [
        0,
        0,
        0,
        0
    ],
    "_percent_": true,
    "_skin_": "sbd66b5c9c92450cab65c50af4013eb1",
    "_top_": {
        "type": "string",
        "value": "41dp"
    },
    "_width_": {
        "type": "string",
        "value": "40dp"
    },
    "allboxes": [],
    "autogrowmode": 0,
    "canUpdateUI": true,
    "centerx": {
        "type": "string",
        "value": "50%"
    },
    "centery": {
        "type": "string",
        "value": "60%"
    },
    "children": [
        "imgGoogle"
    ],
    "clipbounds": true,
    "containerweight": 100,
    "enablescrolling": true,
    "id": "flxGoogle",
    "ide_onClick": "AS_FlexContainer_e6c32ec2ba264244b7c6763873e64a22",
    "info": null,
    "isvisible": false,
    "kuid": "dadf55c0464847aca9590dd871fb4b60",
    "layouttype": 2,
    "name": "kony.ui.FlexContainer",
    "parent": "flxSocialLogin",
    "pf": "userwidgetmodel",
    "snapgridsize": 10,
    "snaptogrid": true,
    "wType": "FlexContainer",
    "widgetalignment": 1,
    "zindex": 8
}