{
    "DNDConfig": null,
    "__parentReadjusting__": false,
    "_height_": {
        "type": "string",
        "value": "100%"
    },
    "_left_": {
        "type": "number",
        "value": "0"
    },
    "_margin_": [
        0,
        0,
        0,
        0
    ],
    "_padding_": [
        0,
        0,
        0,
        0
    ],
    "_skin_": "sbd66b5c9c92450cab65c50af4013eb1",
    "_top_": {
        "type": "string",
        "value": "0dp"
    },
    "_width_": {
        "type": "string",
        "value": "100%"
    },
    "allboxes": [],
    "autogrowmode": 0,
    "canUpdateUI": true,
    "children": [
        "flxBottomContainer",
        "flxlogo",
        "flxTouchId",
        "flxSocialLogin",
        "flxCredentials",
        "flxPopups"
    ],
    "clipbounds": false,
    "containerweight": 100,
    "enabled": false,
    "enablescrolling": true,
    "id": "flxLogin",
    "info": null,
    "isvisible": true,
    "kuid": "a863fbc0fb204adbad4b6d908e5f96d4",
    "layouttype": 2,
    "name": "kony.ui.FlexContainer",
    "orientation": 6,
    "parent": "login",
    "percent": true,
    "pf": "userwidgetmodel",
    "snapgridsize": 10,
    "snaptogrid": true,
    "wType": "FlexContainer",
    "widgetalignment": 1,
    "zindex": 1
}