{
    "DNDConfig": null,
    "__parentReadjusting__": false,
    "_height_": {
        "type": "string",
        "value": "40dp"
    },
    "_left_": {
        "type": "string",
        "value": "228dp"
    },
    "_margin_": [
        0,
        0,
        0,
        0
    ],
    "_orientation_": 6,
    "_padding_": [
        0,
        0,
        0,
        0
    ],
    "_percent_": true,
    "_skin_": "sbd66b5c9c92450cab65c50af4013eb1",
    "_top_": {
        "type": "string",
        "value": "22dp"
    },
    "_width_": {
        "type": "string",
        "value": "40dp"
    },
    "allboxes": [],
    "autogrowmode": 0,
    "canUpdateUI": true,
    "centerx": {
        "type": "string",
        "value": "65%"
    },
    "centery": {
        "type": "string",
        "value": "60%"
    },
    "children": [
        "imgLinkedIn"
    ],
    "clipbounds": true,
    "containerweight": 100,
    "enablescrolling": true,
    "id": "flxLinkedin",
    "ide_onClick": "AS_FlexContainer_a1361a3f3a6a421b955b37ce2c63dea6",
    "info": null,
    "isvisible": true,
    "kuid": "a045f8dd5e154608b8fc97111029c516",
    "layouttype": 2,
    "name": "kony.ui.FlexContainer",
    "parent": "flxSocialLogin",
    "pf": "userwidgetmodel",
    "snapgridsize": 10,
    "snaptogrid": true,
    "wType": "FlexContainer",
    "widgetalignment": 1,
    "zindex": 8
}