{
    "DNDConfig": null,
    "__parentReadjusting__": false,
    "_height_": {
        "type": "string",
        "value": "33dp"
    },
    "_left_": {
        "type": "string",
        "value": "5%"
    },
    "_margin_": [
        0,
        0,
        0,
        0
    ],
    "_orientation_": 6,
    "_padding_": [
        0,
        0,
        0,
        0
    ],
    "_percent_": true,
    "_skin_": "sbd66b5c9c92450cab65c50af4013eb1",
    "_top_": {
        "type": "string",
        "value": "23%"
    },
    "_width_": {
        "type": "string",
        "value": "90%"
    },
    "allboxes": [],
    "autogrowmode": 0,
    "canUpdateUI": true,
    "children": [],
    "clipbounds": true,
    "containerweight": 100,
    "enablescrolling": true,
    "id": "flxLblPassword",
    "ide_onClick": "AS_FlexContainer_c58a2cce11a2475fa394ee76f79dccc7",
    "info": null,
    "isvisible": true,
    "kuid": "ec14e849f3ec46e39ccfd55355b4d636",
    "layouttype": 2,
    "name": "kony.ui.FlexContainer",
    "parent": "flxCredentials",
    "pf": "userwidgetmodel",
    "snapgridsize": 10,
    "snaptogrid": true,
    "wType": "FlexContainer",
    "widgetalignment": 1,
    "zindex": 1
}