{
    "DNDConfig": null,
    "__parentReadjusting__": false,
    "_height_": {
        "type": "string",
        "value": "40dp"
    },
    "_margin_": [
        0,
        0,
        0,
        0
    ],
    "_orientation_": 6,
    "_padding_": [
        0,
        0,
        0,
        0
    ],
    "_percent_": true,
    "_skin_": "sbd66b5c9c92450cab65c50af4013eb1",
    "_width_": {
        "type": "string",
        "value": "40dp"
    },
    "allboxes": [],
    "autogrowmode": 0,
    "canUpdateUI": true,
    "centerx": {
        "type": "string",
        "value": "35%"
    },
    "centery": {
        "type": "string",
        "value": "60%"
    },
    "children": [
        "imgOffice365"
    ],
    "clipbounds": true,
    "containerweight": 100,
    "enablescrolling": true,
    "id": "flxOffice365",
    "ide_onClick": "AS_FlexContainer_a94fa4ebfd68400aa4dc8073ab3d7fc5",
    "info": null,
    "isvisible": true,
    "kuid": "j5327bd254d0417284300f18efec6c3e",
    "layouttype": 2,
    "name": "kony.ui.FlexContainer",
    "parent": "flxSocialLogin",
    "pf": "userwidgetmodel",
    "snapgridsize": 10,
    "snaptogrid": true,
    "wType": "FlexContainer",
    "widgetalignment": 1,
    "zindex": 8
}