{
    "DNDConfig": null,
    "__parentReadjusting__": false,
    "_height_": {
        "type": "string",
        "value": "19%"
    },
    "_left_": {
        "type": "string",
        "value": "0%"
    },
    "_margin_": [
        0,
        0,
        0,
        0
    ],
    "_orientation_": 6,
    "_padding_": [
        0,
        0,
        0,
        0
    ],
    "_percent_": true,
    "_skin_": "sbd66b5c9c92450cab65c50af4013eb1",
    "_width_": {
        "type": "string",
        "value": "100%"
    },
    "allboxes": [],
    "autogrowmode": 0,
    "canUpdateUI": true,
    "centery": {
        "type": "string",
        "value": "90.50%"
    },
    "children": [
        "flxOr",
        "flxFacebook",
        "flxLinkedin",
        "flxGoogle",
        "flxOffice365"
    ],
    "clipbounds": true,
    "containerweight": 100,
    "enablescrolling": true,
    "id": "flxSocialLogin",
    "info": null,
    "isvisible": true,
    "kuid": "ia9cb1844c1e4a14933adfe44a01f223",
    "layouttype": 2,
    "name": "kony.ui.FlexContainer",
    "parent": "flxLogin",
    "pf": "userwidgetmodel",
    "snapgridsize": 10,
    "snaptogrid": true,
    "wType": "FlexContainer",
    "widgetalignment": 1,
    "zindex": 8
}