{
    "DNDConfig": null,
    "__parentReadjusting__": false,
    "_bottom_": {
        "type": "string",
        "value": "27%"
    },
    "_height_": {
        "type": "string",
        "value": "36%"
    },
    "_left_": {
        "type": "string",
        "value": "0%"
    },
    "_margin_": [
        0,
        0,
        0,
        0
    ],
    "_orientation_": 6,
    "_padding_": [
        0,
        0,
        0,
        0
    ],
    "_percent_": true,
    "_skin_": "s385a1c9ee864352b71fd26528d31fe5",
    "_top_": {
        "type": "string",
        "value": "0%"
    },
    "_width_": {
        "type": "string",
        "value": "89%"
    },
    "allboxes": [],
    "autogrowmode": 0,
    "canUpdateUI": true,
    "centerx": {
        "type": "string",
        "value": "50%"
    },
    "centery": {
        "type": "string",
        "value": "50%"
    },
    "children": [
        "flxTouchIDButtons",
        "flxTouchIDPopUpTitle",
        "flxTouchIDPopupLine",
        "imgTouchIDPopupIcon",
        "lblTouchMessage"
    ],
    "clipbounds": true,
    "containerweight": 100,
    "enablescrolling": true,
    "id": "flxTouchIDPopup",
    "info": null,
    "iphone": {
        "render": true
    },
    "isvisible": false,
    "kuid": "f6e5f37045a04becb2bd7b62c57b6ab3",
    "layouttype": 2,
    "name": "kony.ui.FlexContainer",
    "parent": "flxPopups",
    "pf": "userwidgetmodel",
    "snapgridsize": 10,
    "snaptogrid": true,
    "wType": "FlexContainer",
    "widgetalignment": 1,
    "zindex": 10
}