{
    "@class": "com.kony.gen.viz.model.component.KVizImage2",
    "DNDConfig": null,
    "__parentReadjusting__": false,
    "_base64_": null,
    "_height_": {
        "type": "string",
        "value": "100%"
    },
    "_left_": {
        "type": "string",
        "value": "0%"
    },
    "_margin_": [
        0,
        0,
        0,
        0
    ],
    "_padding_": [
        0,
        0,
        0,
        0
    ],
    "_render_": true,
    "_skin_": "s31f6ec31fdc4908bd37a40fc95d84b3",
    "_src_": "reusablelogin_facebook.png",
    "_top_": {
        "type": "string",
        "value": "0%"
    },
    "_width_": {
        "type": "string",
        "value": "100%"
    },
    "android": {
        "render": true
    },
    "canUpdateUI": true,
    "containerweight": 100,
    "context": {
        "channel": "mobile",
        "formID": "uwuf6e3557d18e4dac8ff79ade6a3b1f25",
        "platform": "iphone",
        "templateType": "userwidgets",
        "topLevelBox": null
    },
    "id": "imgFaceBook",
    "imagescalemode": 1,
    "info": null,
    "iphone": {
        "render": true
    },
    "isvisible": true,
    "kuid": "a0878c9c74144a3483d0213c7be973ee",
    "name": "kony.ui.Image2",
    "parent": "flxFacebook",
    "pf": "userwidgetmodel",
    "spaan": {
        "render": true
    },
    "spabb": {
        "render": true
    },
    "spaip": {
        "render": true
    },
    "spawinphone8": {
        "render": true
    },
    "srcType": 1,
    "wType": "Image",
    "widgetalignment": 5,
    "winphone8": {
        "render": true
    },
    "zindex": 1
}