{
    "@class": "com.kony.gen.viz.model.component.KVizTextBox2",
    "DNDConfig": null,
    "__parentReadjusting__": false,
    "_height_": {
        "type": "string",
        "value": "33dp"
    },
    "_left_": {
        "type": "string",
        "value": "0dp"
    },
    "_margin_": [
        0,
        0,
        0,
        0
    ],
    "_padding_": [
        0,
        0,
        0,
        0
    ],
    "_placeholder_": "",
    "_right_": {
        "type": "number",
        "value": "0"
    },
    "_skin_": "sb55c24a8c3d4758a7ff65b2193f8eb4",
    "_text_": "",
    "_top_": {
        "type": "string",
        "value": "15%"
    },
    "_width_": {
        "type": "string",
        "value": "100%"
    },
    "android": {},
    "autocapitalize": "none",
    "autocomplete": false,
    "autocorrect": false,
    "autofilter": false,
    "canUpdateUI": true,
    "closebuttontext": "Done",
    "containerheight": "",
    "containerheightmode": 1,
    "containerweight": 100,
    "contentalignment": 4,
    "disabledSkins": {},
    "enabled": false,
    "focusskin": "sb55c24a8c3d4758a7ff65b2193f8eb4",
    "id": "tbxUsername",
    "ide_onDone": "AS_TextField_b2ac61ff8cc3478f8c73f51ae4b78536",
    "info": null,
    "iphone": {
        "psp": {
            "keyboardActionLabel": 1,
            "showClearButton": true,
            "showCloseButton": false,
            "showProgressIndicator": false
        }
    },
    "isvisible": true,
    "keyboardactionlabel": 1,
    "keyboardtype": "A",
    "kuid": "ba4d8931f18a4668a1925e427654036d",
    "maxtextlength": 30,
    "mode": "A",
    "name": "kony.ui.TextBox2",
    "parent": "flxUsername",
    "pf": "userwidgetmodel",
    "placeholderskin": "sbea76a6ab834c9e93f5e4444a7250b0",
    "securetextentry": false,
    "showclearbutton": true,
    "showclosebutton": false,
    "showoprogressindicator": false,
    "textinputmode": "A",
    "viewtype": "default",
    "wType": "TextField"
}