{
    "NativeFunctionAPI": {
        "iOS": {},
        "Android": {
            "4.0": {
                "Kony_SyncV2-Android-4.0": {
                    "title": "Kony_SyncV2",
                    "platform": "Android",
                    "os": "4.0",
                    "url": "E:\\KonyVisualizerEnterprise8\\Kony_Visualizer_Enterprise\\configuration\\org.eclipse.osgi\\bundles\\459\\1\\.cp\\resources\\sdk\\nativeBindings\\Kony_SyncV2-Android-4.0.zip",
                    "filepath": "E:\\Workspace\\8.0KonyViz\\Login\\nativebindings\\Android\\4.0\\Kony_SyncV2-Android-4.0.zip",
                    "enable": true
                }
            }
        }
    }
}