{
    "@class": "com.kony.gen.viz.model.container.KVizForm",
    "DNDConfig": null,
    "_margin_": [
        0,
        0,
        0,
        0
    ],
    "_orientation_": 1,
    "_padding_": [
        0,
        0,
        0,
        0
    ],
    "_percent_": true,
    "_skin_": "s37596a20de7476e85598d917d603819",
    "_title_": null,
    "addWidgetsdone": false,
    "allboxes": [],
    "canUpdateUI": true,
    "children": [
        "pdfviewer"
    ],
    "containerweight": 100,
    "currentLocale": "default",
    "device": "iPhone6",
    "displayorientation": 3,
    "enabledforidletimeout": false,
    "globalUserWidgetRefs": [
        "u7edf182f07e449b892467ef8f444728",
        "u0561086971a4bd59b2d8a20ac0f67b7",
        "uda1ceac0819448d96ef679faf20bc77",
        "u6fceaa6828f4c5b8a17d5870b2d390a",
        "ua84b4f4b52f4e8b9b7cc341b0e1955c",
        "u4ff7e3270ff40eaa56dc2ffef61a73a"
    ],
    "id": "userwidgetmodel",
    "info": null,
    "initdone": false,
    "inputaccessoryviewtype": 4,
    "intransitionconfig": {
        "formTransition": "None"
    },
    "isvisible": true,
    "kuid": "ub1a374ff62f43b295463729e01258d8",
    "layouttype": 2,
    "masterType": 1,
    "name": "kony.ui.Form2",
    "needappmenu": true,
    "outtransitionconfig": {
        "formTransition": "None"
    },
    "paddinginpixel": false,
    "platform": "iphone",
    "prevDevice": "iPhone6",
    "prevPlatform": "iphone",
    "retainscrollposition": false,
    "shellCSS": "iOS_iPhone6",
    "titleBarSkin": "s1bec0437f644d24bf63e55c349ec2ac",
    "titlebar": true,
    "type": 3,
    "wType": "Form"
}