{
    "AS_FlexContainer_ga69f6eae1fa410187a6e919be851113": {
        "id": "AS_FlexContainer_ga69f6eae1fa410187a6e919be851113",
        "type": "ACTION_SEQUENCE",
        "params": [{
            "datatype": "collection",
            "name": "eventobject"
        }],
        "contextObj": {
            "name": "uwuca2fd6d21aa4a8495fffe2f7f148eda",
            "type": "userwidgets",
            "KUID": "uca2fd6d21aa4a8495fffe2f7f148eda"
        },
        "language": "js",
        "actions": [{
            "id": "ADD_SNIPPET__hb9e44274b8b4ea5aaaf57a7167150c7",
            "type": "ADD_SNIPPET",
            "codeSnippet": "this.preshow();",
            "parentId": null,
            "callbackType": null
        }]
    }
}