{
    "AS_Label_acc0d2ac01dc4f8191d968f89d24d7f6": {
        "id": "AS_Label_acc0d2ac01dc4f8191d968f89d24d7f6",
        "type": "ACTION_SEQUENCE",
        "params": [{
            "datatype": "collection",
            "name": "eventobject"
        }, {
            "datatype": "string",
            "name": "x"
        }, {
            "datatype": "string",
            "name": "y"
        }],
        "contextObj": {
            "name": "uwuca2fd6d21aa4a8495fffe2f7f148eda",
            "type": "userwidgets",
            "KUID": "uca2fd6d21aa4a8495fffe2f7f148eda"
        },
        "language": "js",
        "actions": [{
            "id": "ADD_SNIPPET__ff81d1e509a04716abda43c2c5627fb2",
            "type": "ADD_SNIPPET",
            "codeSnippet": "this.animateComponent(this.view.lblPlaceholder);",
            "parentId": null,
            "callbackType": null
        }]
    }
}