{
  "android": {
    "font_size": 105,
    "isForked": false
  },
  "background_color": "3545a27f",
  "bg_type": "one",
  "border_color": "ffffffff",
  "border_style": "plain",
  "border_type": 0,
  "border_width": 0,
  "desktopweb": {
    "background_color": "3545a2ff",
    "bg_type": "one",
    "bottom_left_border_color": "ffffffff",
    "bottom_left_border_style": "plain",
    "bottom_left_border_width": 0,
    "bottom_right_border_color": "ffffffff",
    "bottom_right_border_style": "plain",
    "bottom_right_border_width": 0,
    "font_name": "Helvetica",
    "font_size": 105,
    "isForked": true,
    "shadow": {
      "br": 0,
      "color": "000000ff",
      "inner": false,
      "nm": 0,
      "x": 0,
      "y": 0
    },
    "text_shadow": {
      "br": 0,
      "color": "000000ff",
      "nm": 0,
      "x": 0,
      "y": 0
    },
    "top_left_border_color": "ffffffff",
    "top_left_border_style": "plain",
    "top_left_border_width": 0,
    "top_right_border_color": "ffffffff",
    "top_right_border_style": "plain",
    "top_right_border_width": 0
  },
  "fontSizeInPx": false,
  "font_color": "ffffffff",
  "font_name": "Helvetica",
  "font_size": 105,
  "font_style": "normal",
  "font_weight": "normal",
  "ipad": {
    "background_color": "3545a2ff",
    "bg_type": "one",
    "border_color": "3545a200",
    "border_radius": 2,
    "border_style": "custom",
    "border_type": 0,
    "border_width": 1,
    "font_name": "Lato-Black",
    "font_size": 105,
    "isForked": true,
    "shadow": {
      "br": 0,
      "color": "000000ff",
      "inner": false,
      "nm": 0,
      "x": 0,
      "y": 0
    },
    "text_shadow": {
      "br": 0,
      "color": "000000ff",
      "nm": 0,
      "x": 0,
      "y": 0
    }
  },
  "iphone": {
    "font_name": "OpenSans-Regular",
    "font_size": 105,
    "isForked": false
  },
  "isDefaultSkin": false,
  "kiosk": {
    "background_color": "3545a2ff",
    "bg_type": "one",
    "border_color": "3545a200",
    "border_radius": 2,
    "border_style": "custom",
    "border_type": 0,
    "border_width": 1,
    "font_name": "GenericMonospace",
    "font_size": 105,
    "isForked": true
  },
  "kuid": "sf51f2bf1fda4ab6b7898461cdcc3ceb",
  "spaan": {
    "font_size": 105,
    "isForked": false
  },
  "spaandroidtablet": {
    "background_color": "3545a2ff",
    "bg_type": "one",
    "bottom_left_border_color": "ffffffff",
    "bottom_left_border_style": "plain",
    "bottom_left_border_width": 0,
    "bottom_right_border_color": "ffffffff",
    "bottom_right_border_style": "plain",
    "bottom_right_border_width": 0,
    "font_name": "Helvetica",
    "font_size": 105,
    "isForked": true,
    "shadow": {
      "br": 0,
      "color": "000000ff",
      "inner": false,
      "nm": 0,
      "x": 0,
      "y": 0
    },
    "text_shadow": {
      "br": 0,
      "color": "000000ff",
      "nm": 0,
      "x": 0,
      "y": 0
    },
    "top_left_border_color": "ffffffff",
    "top_left_border_style": "plain",
    "top_left_border_width": 0,
    "top_right_border_color": "ffffffff",
    "top_right_border_style": "plain",
    "top_right_border_width": 0
  },
  "spabb": {
    "font_size": 105,
    "isForked": false
  },
  "spaip": {
    "font_size": 105,
    "isForked": false
  },
  "spaipad": {
    "background_color": "3545a2ff",
    "bg_type": "one",
    "bottom_left_border_color": "ffffffff",
    "bottom_left_border_style": "plain",
    "bottom_left_border_width": 0,
    "bottom_right_border_color": "ffffffff",
    "bottom_right_border_style": "plain",
    "bottom_right_border_width": 0,
    "font_name": "Helvetica",
    "font_size": 105,
    "isForked": true,
    "shadow": {
      "br": 0,
      "color": "000000ff",
      "inner": false,
      "nm": 0,
      "x": 0,
      "y": 0
    },
    "text_shadow": {
      "br": 0,
      "color": "000000ff",
      "nm": 0,
      "x": 0,
      "y": 0
    },
    "top_left_border_color": "ffffffff",
    "top_left_border_style": "plain",
    "top_left_border_width": 0,
    "top_right_border_color": "ffffffff",
    "top_right_border_style": "plain",
    "top_right_border_width": 0
  },
  "spawindowstablet": {
    "background_color": "3545a2ff",
    "bg_type": "one",
    "bottom_left_border_color": "ffffffff",
    "bottom_left_border_style": "plain",
    "bottom_left_border_width": 0,
    "bottom_right_border_color": "ffffffff",
    "bottom_right_border_style": "plain",
    "bottom_right_border_width": 0,
    "font_name": "Helvetica",
    "font_size": 105,
    "isForked": true,
    "shadow": {
      "br": 0,
      "color": "000000ff",
      "inner": false,
      "nm": 0,
      "x": 0,
      "y": 0
    },
    "text_shadow": {
      "br": 0,
      "color": "000000ff",
      "nm": 0,
      "x": 0,
      "y": 0
    },
    "top_left_border_color": "ffffffff",
    "top_left_border_style": "plain",
    "top_left_border_width": 0,
    "top_right_border_color": "ffffffff",
    "top_right_border_style": "plain",
    "top_right_border_width": 0
  },
  "spawinphone8": {
    "font_size": 105,
    "isForked": false
  },
  "tabrcandroid": {
    "background_color": "3545a2ff",
    "bg_type": "one",
    "border_color": "3545a200",
    "border_radius": 2,
    "border_style": "custom",
    "border_type": 0,
    "border_width": 1,
    "font_name": "Lato-Black",
    "font_size": 105,
    "isForked": true,
    "text_shadow": {
      "br": 0,
      "color": "000000ff",
      "nm": 0,
      "x": 0,
      "y": 0
    }
  },
  "wType": "Button",
  "watchos": {
    "font_size": 105,
    "isForked": false
  },
  "windows8": {
    "background_color": "3545a2ff",
    "bg_type": "one",
    "border_color": "3545a200",
    "border_radius": 2,
    "border_style": "custom",
    "border_type": 0,
    "border_width": 1,
    "font_name": "GenericMonospace",
    "font_size": 105,
    "isForked": true
  },
  "winphone8": {
    "font_size": 105,
    "isForked": false
  }
}