{
    "android": {
        "font_name": "Roboto-Light"
    }, 
    "background_color": "ffffffff", 
    "bg_type": "one", 
    "border_color": "282828ff", 
    "border_style": "plain", 
    "border_type": 0, 
    "border_width": 0, 
    "desktopweb": {
        "font_name": "Helvetica"
    }, 
    "font_color": "000000ff", 
    "font_name": "", 
    "font_size": 107, 
    "font_style": "normal", 
    "font_weight": "normal", 
    "ipad": {
        "font_name": "Lato-Light"
    }, 
    "iphone": {
        "font_name": "OpenSans-Light"
    }, 
    "isDefaultSkin": false, 
    "kiosk": {
        "font_name": "GenericMonospace"
    }, 
    "kuid": "s17720231b304a6bb0b73367995c03dd", 
    "spaan": {
        "font_name": "Helvetica"
    }, 
    "spaandroidtablet": {
        "font_name": "Helvetica"
    }, 
    "spabb": {
        "font_name": "Helvetica"
    }, 
    "spaip": {
        "font_name": "Helvetica"
    }, 
    "spaipad": {
        "font_name": "Helvetica"
    }, 
    "spawindowstablet": {
        "font_name": "Helvetica"
    }, 
    "spawinphone8": {
        "font_name": "Helvetica"
    }, 
    "tabrcandroid": {
        "font_name": "Lato-Light"
    }, 
    "wType": "TextField", 
    "windows8": {
        "font_name": "GenericMonospace"
    }, 
    "winphone8": {
        "font_name": "GenericMonospace"
    }
}