{
    "android": {
        "background_color": "ffffff00", 
        "bg_type": "one", 
        "border_color": "ffffffff", 
        "border_style": "plain", 
        "border_type": 0, 
        "border_width": 0, 
        "font_color": "3545a2ff", 
        "font_name": "Roboto-Regular", 
        "font_size": 107, 
        "isForked": true, 
        "text_shadow": {
            "br": 0, 
            "color": "000000ff", 
            "nm": 0, 
            "x": 0, 
            "y": 0
        }
    }, 
    "background_color": "ffffffff", 
    "bg_type": "one", 
    "border_color": "ffffffff", 
    "border_style": "plain", 
    "border_type": 0, 
    "border_width": 0, 
    "desktopweb": {
        "background_color": "ffffff00", 
        "bg_type": "one", 
        "bottom_left_border_color": "ffffffff", 
        "bottom_left_border_style": "plain", 
        "bottom_left_border_width": 0, 
        "bottom_right_border_color": "ffffffff", 
        "bottom_right_border_style": "plain", 
        "bottom_right_border_width": 0, 
        "font_color": "3545a2ff", 
        "font_name": "Helvetica", 
        "font_size": 107, 
        "isForked": true, 
        "shadow": {
            "br": 0, 
            "color": "000000ff", 
            "inner": false, 
            "nm": 0, 
            "x": 0, 
            "y": 0
        }, 
        "text_shadow": {
            "br": 0, 
            "color": "000000ff", 
            "nm": 0, 
            "x": 0, 
            "y": 0
        }, 
        "top_left_border_color": "ffffffff", 
        "top_left_border_style": "plain", 
        "top_left_border_width": 0, 
        "top_right_border_color": "ffffffff", 
        "top_right_border_style": "plain", 
        "top_right_border_width": 0
    }, 
    "fontSizeInPx": false, 
    "font_color": "3545a2ff", 
    "font_name": "Helvetica", 
    "font_size": 107, 
    "font_style": "normal", 
    "font_weight": "normal", 
    "ipad": {
        "background_color": "ffffff00", 
        "bg_type": "one", 
        "border_color": "ffffffff", 
        "border_style": "plain", 
        "border_type": 0, 
        "border_width": 0, 
        "font_color": "3545a2ff", 
        "font_name": "Lato-Semibold", 
        "font_size": 107, 
        "isForked": true, 
        "shadow": {
            "br": 0, 
            "color": "000000ff", 
            "inner": false, 
            "nm": 0, 
            "x": 0, 
            "y": 0
        }, 
        "text_shadow": {
            "br": 0, 
            "color": "000000ff", 
            "nm": 0, 
            "x": 0, 
            "y": 0
        }
    }, 
    "iphone": {
        "font_name": "OpenSans-Regular", 
        "font_size": 107, 
        "isForked": false
    }, 
    "isDefaultSkin": false, 
    "kiosk": {
        "background_color": "ffffff00", 
        "bg_type": "one", 
        "border_color": "ffffffff", 
        "border_style": "plain", 
        "border_type": 0, 
        "border_width": 0, 
        "font_color": "3545a2ff", 
        "font_name": "GenericMonospace", 
        "font_size": 107, 
        "isForked": true
    }, 
    "kuid": "sed2b0934c0a484e873fdd0cf0936706", 
    "spaan": {
        "background_color": "ffffff00", 
        "bg_type": "one", 
        "bottom_left_border_color": "ffffffff", 
        "bottom_left_border_style": "plain", 
        "bottom_left_border_width": 0, 
        "bottom_right_border_color": "ffffffff", 
        "bottom_right_border_style": "plain", 
        "bottom_right_border_width": 0, 
        "font_color": "3545a2ff", 
        "font_name": "Helvetica", 
        "font_size": 107, 
        "isForked": true, 
        "shadow": {
            "br": 0, 
            "color": "000000ff", 
            "inner": false, 
            "nm": 0, 
            "x": 0, 
            "y": 0
        }, 
        "text_shadow": {
            "br": 0, 
            "color": "000000ff", 
            "nm": 0, 
            "x": 0, 
            "y": 0
        }, 
        "top_left_border_color": "ffffffff", 
        "top_left_border_style": "plain", 
        "top_left_border_width": 0, 
        "top_right_border_color": "ffffffff", 
        "top_right_border_style": "plain", 
        "top_right_border_width": 0
    }, 
    "spaandroidtablet": {
        "background_color": "ffffff00", 
        "bg_type": "one", 
        "bottom_left_border_color": "ffffffff", 
        "bottom_left_border_style": "plain", 
        "bottom_left_border_width": 0, 
        "bottom_right_border_color": "ffffffff", 
        "bottom_right_border_style": "plain", 
        "bottom_right_border_width": 0, 
        "font_color": "3545a2ff", 
        "font_name": "Helvetica", 
        "font_size": 107, 
        "isForked": true, 
        "shadow": {
            "br": 0, 
            "color": "000000ff", 
            "inner": false, 
            "nm": 0, 
            "x": 0, 
            "y": 0
        }, 
        "text_shadow": {
            "br": 0, 
            "color": "000000ff", 
            "nm": 0, 
            "x": 0, 
            "y": 0
        }, 
        "top_left_border_color": "ffffffff", 
        "top_left_border_style": "plain", 
        "top_left_border_width": 0, 
        "top_right_border_color": "ffffffff", 
        "top_right_border_style": "plain", 
        "top_right_border_width": 0
    }, 
    "spabb": {
        "background_color": "ffffff00", 
        "bg_type": "one", 
        "bottom_left_border_color": "ffffffff", 
        "bottom_left_border_style": "plain", 
        "bottom_left_border_width": 0, 
        "bottom_right_border_color": "ffffffff", 
        "bottom_right_border_style": "plain", 
        "bottom_right_border_width": 0, 
        "font_color": "3545a2ff", 
        "font_name": "Helvetica", 
        "font_size": 107, 
        "isForked": true, 
        "shadow": {
            "br": 0, 
            "color": "000000ff", 
            "inner": false, 
            "nm": 0, 
            "x": 0, 
            "y": 0
        }, 
        "text_shadow": {
            "br": 0, 
            "color": "000000ff", 
            "nm": 0, 
            "x": 0, 
            "y": 0
        }, 
        "top_left_border_color": "ffffffff", 
        "top_left_border_style": "plain", 
        "top_left_border_width": 0, 
        "top_right_border_color": "ffffffff", 
        "top_right_border_style": "plain", 
        "top_right_border_width": 0
    }, 
    "spaip": {
        "background_color": "ffffff00", 
        "bg_type": "one", 
        "bottom_left_border_color": "ffffffff", 
        "bottom_left_border_style": "plain", 
        "bottom_left_border_width": 0, 
        "bottom_right_border_color": "ffffffff", 
        "bottom_right_border_style": "plain", 
        "bottom_right_border_width": 0, 
        "font_color": "3545a2ff", 
        "font_name": "Helvetica", 
        "font_size": 107, 
        "isForked": true, 
        "shadow": {
            "br": 0, 
            "color": "000000ff", 
            "inner": false, 
            "nm": 0, 
            "x": 0, 
            "y": 0
        }, 
        "text_shadow": {
            "br": 0, 
            "color": "000000ff", 
            "nm": 0, 
            "x": 0, 
            "y": 0
        }, 
        "top_left_border_color": "ffffffff", 
        "top_left_border_style": "plain", 
        "top_left_border_width": 0, 
        "top_right_border_color": "ffffffff", 
        "top_right_border_style": "plain", 
        "top_right_border_width": 0
    }, 
    "spaipad": {
        "background_color": "ffffff00", 
        "bg_type": "one", 
        "bottom_left_border_color": "ffffffff", 
        "bottom_left_border_style": "plain", 
        "bottom_left_border_width": 0, 
        "bottom_right_border_color": "ffffffff", 
        "bottom_right_border_style": "plain", 
        "bottom_right_border_width": 0, 
        "font_color": "3545a2ff", 
        "font_name": "Helvetica", 
        "font_size": 107, 
        "isForked": true, 
        "shadow": {
            "br": 0, 
            "color": "000000ff", 
            "inner": false, 
            "nm": 0, 
            "x": 0, 
            "y": 0
        }, 
        "text_shadow": {
            "br": 0, 
            "color": "000000ff", 
            "nm": 0, 
            "x": 0, 
            "y": 0
        }, 
        "top_left_border_color": "ffffffff", 
        "top_left_border_style": "plain", 
        "top_left_border_width": 0, 
        "top_right_border_color": "ffffffff", 
        "top_right_border_style": "plain", 
        "top_right_border_width": 0
    }, 
    "spawindowstablet": {
        "background_color": "ffffff00", 
        "bg_type": "one", 
        "bottom_left_border_color": "ffffffff", 
        "bottom_left_border_style": "plain", 
        "bottom_left_border_width": 0, 
        "bottom_right_border_color": "ffffffff", 
        "bottom_right_border_style": "plain", 
        "bottom_right_border_width": 0, 
        "font_color": "3545a2ff", 
        "font_name": "Helvetica", 
        "font_size": 107, 
        "isForked": true, 
        "shadow": {
            "br": 0, 
            "color": "000000ff", 
            "inner": false, 
            "nm": 0, 
            "x": 0, 
            "y": 0
        }, 
        "text_shadow": {
            "br": 0, 
            "color": "000000ff", 
            "nm": 0, 
            "x": 0, 
            "y": 0
        }, 
        "top_left_border_color": "ffffffff", 
        "top_left_border_style": "plain", 
        "top_left_border_width": 0, 
        "top_right_border_color": "ffffffff", 
        "top_right_border_style": "plain", 
        "top_right_border_width": 0
    }, 
    "spawinphone8": {
        "background_color": "ffffff00", 
        "bg_type": "one", 
        "bottom_left_border_color": "ffffffff", 
        "bottom_left_border_style": "plain", 
        "bottom_left_border_width": 0, 
        "bottom_right_border_color": "ffffffff", 
        "bottom_right_border_style": "plain", 
        "bottom_right_border_width": 0, 
        "font_color": "3545a2ff", 
        "font_name": "Helvetica", 
        "font_size": 107, 
        "isForked": true, 
        "shadow": {
            "br": 0, 
            "color": "000000ff", 
            "inner": false, 
            "nm": 0, 
            "x": 0, 
            "y": 0
        }, 
        "text_shadow": {
            "br": 0, 
            "color": "000000ff", 
            "nm": 0, 
            "x": 0, 
            "y": 0
        }, 
        "top_left_border_color": "ffffffff", 
        "top_left_border_style": "plain", 
        "top_left_border_width": 0, 
        "top_right_border_color": "ffffffff", 
        "top_right_border_style": "plain", 
        "top_right_border_width": 0
    }, 
    "tabrcandroid": {
        "background_color": "ffffff00", 
        "bg_type": "one", 
        "border_color": "ffffffff", 
        "border_style": "plain", 
        "border_type": 0, 
        "border_width": 0, 
        "font_color": "3545a2ff", 
        "font_name": "Lato-Semibold", 
        "font_size": 107, 
        "isForked": true, 
        "text_shadow": {
            "br": 0, 
            "color": "000000ff", 
            "nm": 0, 
            "x": 0, 
            "y": 0
        }
    }, 
    "wType": "Button", 
    "watchos": {
        "font_name": "Helvetica", 
        "font_size": 107, 
        "isForked": false
    }, 
    "windows8": {
        "background_color": "ffffff00", 
        "bg_type": "one", 
        "border_color": "ffffffff", 
        "border_style": "plain", 
        "border_type": 0, 
        "border_width": 0, 
        "font_color": "3545a2ff", 
        "font_name": "GenericMonospace", 
        "font_size": 107, 
        "isForked": true
    }, 
    "winphone8": {
        "background_color": "ffffff00", 
        "bg_type": "one", 
        "border_color": "ffffffff", 
        "border_style": "plain", 
        "border_type": 0, 
        "border_width": 0, 
        "font_color": "3545a2ff", 
        "font_name": "GenericMonospace", 
        "font_size": 107, 
        "isForked": true
    }
}