{
    "DNDConfig": null,
    "_height_": {
        "type": "ref",
        "value": "preferred"
    },
    "_margin_": [
        0,
        0,
        0,
        0
    ],
    "_orientation_": 6,
    "_padding_": [
        0,
        0,
        0,
        0
    ],
    "_percent_": true,
    "_skin_": "s9c3c4f7bae84d62bc23c030fb0536b4",
    "allboxes": [],
    "autogrowmode": 1,
    "canUpdateUI": true,
    "children": [
        "flxHolder1",
        "lblLine"
    ],
    "clipbounds": true,
    "containerId": true,
    "containerweight": 100,
    "controllerInfo": {
        "default": {
            "channel": "mobile",
            "name": "flexHolderController"
        }
    },
    "enablescrolling": true,
    "focusskin": "s9c3c4f7bae84d62bc23c030fb0536b4",
    "id": "flexHolder",
    "info": null,
    "isTemplate": true,
    "isvisible": true,
    "kuid": "f6d66d7b07e64625b05990bf096529ae",
    "layouttype": 4,
    "name": "kony.ui.FlexContainer",
    "parent": "tempListView",
    "pf": "tempListView",
    "snapgridsize": 10,
    "snaptogrid": true,
    "wType": "FlexContainer",
    "widgetalignment": 1
}