{
    "@class": "com.kony.gen.viz.model.component.KVizImage2",
    "DNDConfig": null,
    "__markedForDelete__": true,
    "__parentReadjusting__": false,
    "_base64_": null,
    "_height_": {
        "type": "number",
        "value": "20"
    },
    "_left_": {
        "type": "string",
        "value": "27%"
    },
    "_margin_": [
        0,
        0,
        0,
        0
    ],
    "_padding_": [
        0,
        0,
        0,
        0
    ],
    "_skin_": "s0e8ff23147c46a2a1ba81e94e250a9b",
    "_src_": "directions_icon.png",
    "_top_": {
        "type": "number",
        "value": "8"
    },
    "_width_": {
        "type": "string",
        "value": "13%"
    },
    "canUpdateUI": true,
    "containerId": true,
    "containerweight": 100,
    "context": {
        "channel": "mobile",
        "platform": "iphone",
        "templateType": "segments",
        "topLevelBox": null
    },
    "id": "imgGetDirections",
    "imagescalemode": 1,
    "info": null,
    "isvisible": true,
    "kuid": "ce8177977ec3457e8672c884de3d9219",
    "name": "kony.ui.Image2",
    "parent": "flxDirections",
    "pf": "tempListView",
    "srcType": 1,
    "wType": "Image",
    "widgetalignment": 5,
    "zindex": 1
}