{
    "@class": "com.kony.gen.viz.model.component.KVizLabel",
    "DNDConfig": null,
    "__markedForDelete__": true,
    "__parentReadjusting__": false,
    "_height_": {
        "type": "ref",
        "value": "preferred"
    },
    "_left_": {
        "type": "string",
        "value": "20%"
    },
    "_margin_": [
        1,
        1,
        1,
        1
    ],
    "_padding_": [
        0,
        2,
        0,
        2
    ],
    "_skin_": "s7427b46f01e4b4c9d24e5c6b3663648",
    "_text_": "Call",
    "_top_": {
        "type": "number",
        "value": "5"
    },
    "_width_": {
        "type": "string",
        "value": "70%"
    },
    "_wrapping_": 2,
    "android": {
        "textStyle": {
            "letterSpacing": 0,
            "strikeThrough": false
        }
    },
    "canUpdateUI": true,
    "containerId": true,
    "containerweight": 100,
    "contentalignment": 4,
    "id": "lblCall",
    "info": null,
    "ipad": {
        "psp": {
            "wrapping": 2
        }
    },
    "iphone": {
        "psp": {
            "wrapping": 2
        }
    },
    "isvisible": true,
    "kuid": "ccbfcb82430e43d0ae93d91e6c1937d3",
    "name": "kony.ui.Label",
    "paddinginpixel": false,
    "parent": "flxCall",
    "pf": "tempListView",
    "tooltip": "",
    "wType": "Label",
    "zindex": 1
}