{
    "@class": "com.kony.gen.viz.model.component.KVizLabel",
    "DNDConfig": null,
    "__markedForDelete__": true,
    "__parentReadjusting__": false,
    "_height_": {
        "type": "ref",
        "value": "preferred"
    },
    "_left_": {
        "type": "string",
        "value": "3%"
    },
    "_margin_": [
        1,
        1,
        1,
        1
    ],
    "_padding_": [
        0,
        0,
        0,
        1
    ],
    "_skin_": "s26e157ea1f54f2bbc33bc4a0b97f8a0",
    "_text_": "Place Type",
    "_top_": {
        "type": "number",
        "value": "5"
    },
    "_width_": {
        "type": "string",
        "value": "96%"
    },
    "_wrapping_": 2,
    "android": {
        "textStyle": {
            "letterSpacing": 0,
            "strikeThrough": false
        }
    },
    "canUpdateUI": true,
    "containerId": true,
    "containerweight": 100,
    "contentalignment": 4,
    "id": "lblPlaceType",
    "info": null,
    "ipad": {
        "psp": {
            "wrapping": 2
        }
    },
    "iphone": {
        "psp": {
            "wrapping": 2
        }
    },
    "isvisible": false,
    "kuid": "e4d667b56aab4e759c37f42b624c9642",
    "name": "kony.ui.Label",
    "paddinginpixel": false,
    "parent": "flexLeftPane",
    "pf": "tempListView",
    "tooltip": "",
    "wType": "Label",
    "zindex": 1
}