{
    "@class": "com.kony.gen.viz.model.component.KVizLabel",
    "DNDConfig": null,
    "__markedForDelete__": true,
    "__parentReadjusting__": false,
    "_height_": {
        "type": "ref",
        "value": "preferred"
    },
    "_margin_": [
        1,
        1,
        1,
        1
    ],
    "_padding_": [
        0,
        0,
        0,
        5
    ],
    "_right_": {
        "type": "string",
        "value": "7%"
    },
    "_skin_": "s26e157ea1f54f2bbc33bc4a0b97f8a0",
    "_text_": "Timing",
    "_top_": {
        "type": "string",
        "value": "0dp"
    },
    "_width_": {
        "type": "string",
        "value": "96%"
    },
    "_wrapping_": 2,
    "android": {
        "textStyle": {
            "letterSpacing": 0,
            "strikeThrough": false
        }
    },
    "canUpdateUI": true,
    "containerId": true,
    "containerweight": 100,
    "contentalignment": 6,
    "id": "lblTiming",
    "info": null,
    "ipad": {
        "psp": {
            "wrapping": 2
        }
    },
    "iphone": {
        "psp": {
            "wrapping": 2
        }
    },
    "isvisible": true,
    "kuid": "dd2ffc6fc9c64eb8bc1cbcac806f98f0",
    "name": "kony.ui.Label",
    "paddinginpixel": false,
    "parent": "flexRightPane",
    "pf": "tempListView",
    "tooltip": "",
    "wType": "Label",
    "zindex": 1
}