{
    "DNDConfig": null,
    "__parentReadjusting__": false,
    "_height_": {
        "type": "string",
        "value": "100%"
    },
    "_left_": {
        "type": "string",
        "value": "0dp"
    },
    "_margin_": [
        0,
        0,
        0,
        0
    ],
    "_orientation_": 6,
    "_padding_": [
        0,
        0,
        0,
        0
    ],
    "_percent_": true,
    "_skin_": "s1937cd6f07847c1924fece77e7386e7",
    "_top_": {
        "type": "string",
        "value": "0dp"
    },
    "_width_": {
        "type": "string",
        "value": "100%"
    },
    "allboxes": [],
    "canUpdateUI": true,
    "children": [
        "flxFilterHeader",
        "lblPrice",
        "lblAndBelow",
        "lblPriceL1",
        "lblPriceL2",
        "lblPriceL3",
        "flxSort",
        "flxRating",
        "flxOpenNow",
        "lblResetAll",
        "lblPriceL4",
        "lblHidden1"
    ],
    "clipbounds": true,
    "containerweight": 100,
    "enablescrolling": true,
    "id": "filterscreen",
    "ide_onClick": "AS_FlexContainer_cffcc6c473ad41f38f2fb56677fd1487",
    "info": null,
    "isvisible": true,
    "kuid": "d4d09bd94f414f6e8a281f7289c2ed88",
    "layouttype": 4,
    "name": "kony.ui.FlexContainer",
    "parent": "userwidgetmodel",
    "pf": "userwidgetmodel",
    "snapgridsize": 10,
    "snaptogrid": true,
    "wType": "FlexContainer",
    "widgetalignment": 1
}