{
    "DNDConfig": null,
    "__parentReadjusting__": false,
    "_height_": {
        "type": "string",
        "value": "20%"
    },
    "_left_": {
        "type": "string",
        "value": "0%"
    },
    "_margin_": [
        0,
        0,
        0,
        0
    ],
    "_orientation_": 6,
    "_padding_": [
        0,
        0,
        0,
        0
    ],
    "_percent_": true,
    "_skin_": "s9f77cafe36343e0be648c7e4080a0a3",
    "_top_": {
        "type": "string",
        "value": "0%"
    },
    "_width_": {
        "type": "string",
        "value": "100%"
    },
    "allboxes": [],
    "autogrowmode": 0,
    "canUpdateUI": true,
    "children": [
        "lblRating",
        "imgRating1",
        "imgRating2",
        "imgRating3",
        "imgRating4",
        "imgRating5",
        "lblAndUp"
    ],
    "clipbounds": true,
    "containerweight": 100,
    "enablescrolling": true,
    "id": "flxRating",
    "info": null,
    "isvisible": true,
    "kuid": "i925bdbd672d401daed3ce176cabb142",
    "layouttype": 2,
    "name": "kony.ui.FlexContainer",
    "parent": "filterscreen",
    "pf": "userwidgetmodel",
    "snapgridsize": 10,
    "snaptogrid": true,
    "wType": "FlexContainer",
    "widgetalignment": 1,
    "zindex": 3
}