{
    "DNDConfig": null,
    "__markedForDelete__": true,
    "__parentReadjusting__": false,
    "_height_": {
        "type": "string",
        "value": "35%"
    },
    "_left_": {
        "type": "string",
        "value": "5%"
    },
    "_margin_": [
        0,
        0,
        0,
        0
    ],
    "_orientation_": 6,
    "_padding_": [
        0,
        0,
        0,
        0
    ],
    "_percent_": true,
    "_skin_": "s3f4e391b65b41d490d253d0856c65a7",
    "_top_": {
        "type": "string",
        "value": "40%"
    },
    "_width_": {
        "type": "string",
        "value": "90%"
    },
    "allboxes": [],
    "autogrowmode": 0,
    "canUpdateUI": true,
    "children": [
        "lblBestSort",
        "lblRatingSort",
        "lblDistanceSort",
        "lblAZSort"
    ],
    "clipbounds": true,
    "containerweight": 100,
    "enablescrolling": true,
    "id": "flxSortOptions",
    "info": null,
    "isvisible": true,
    "kuid": "b61f2ff976284612b01fec3cac0056c4",
    "layouttype": 3,
    "name": "kony.ui.FlexContainer",
    "parent": "flxSort",
    "pf": "userwidgetmodel",
    "snapgridsize": 10,
    "snaptogrid": true,
    "wType": "FlexContainer",
    "widgetalignment": 1,
    "zindex": 1
}