{
    "@class": "com.kony.gen.viz.model.component.KVizImage2",
    "DNDConfig": null,
    "__markedForDelete__": true,
    "__parentReadjusting__": false,
    "_base64_": null,
    "_height_": {
        "type": "string",
        "value": "70%"
    },
    "_margin_": [
        0,
        0,
        0,
        0
    ],
    "_padding_": [
        0,
        0,
        0,
        0
    ],
    "_right_": {
        "type": "string",
        "value": "5%"
    },
    "_skin_": "s0e8ff23147c46a2a1ba81e94e250a9b",
    "_src_": "toggle_off.png",
    "_width_": {
        "type": "string",
        "value": "15%"
    },
    "canUpdateUI": true,
    "centery": {
        "type": "string",
        "value": "50%"
    },
    "containerweight": 100,
    "context": {
        "channel": "mobile",
        "formID": "uwuc96dbde39684300bf87de81f7ac7372",
        "platform": "iphone",
        "templateType": "userwidgets",
        "topLevelBox": null
    },
    "id": "imgOpen",
    "imagescalemode": 1,
    "info": null,
    "isvisible": true,
    "kuid": "jc72b2bd4a6c4fdab0f0a00afcf4f362",
    "name": "kony.ui.Image2",
    "parent": "flxOpenNow",
    "pf": "userwidgetmodel",
    "srcType": 1,
    "wType": "Image",
    "widgetalignment": 5,
    "zindex": 1
}