{
    "@class": "com.kony.gen.viz.model.component.KVizImage2",
    "DNDConfig": null,
    "__parentReadjusting__": false,
    "_base64_": null,
    "_height_": {
        "type": "string",
        "value": "24%"
    },
    "_left_": {
        "type": "string",
        "value": "20%"
    },
    "_margin_": [
        0,
        0,
        0,
        0
    ],
    "_padding_": [
        0,
        0,
        0,
        0
    ],
    "_skin_": "s0e8ff23147c46a2a1ba81e94e250a9b",
    "_src_": "star_empty.png",
    "_top_": {
        "type": "string",
        "value": "42%"
    },
    "_width_": {
        "type": "string",
        "value": "10%"
    },
    "canUpdateUI": true,
    "containerweight": 100,
    "context": {
        "channel": "mobile",
        "formID": "uwuc96dbde39684300bf87de81f7ac7372",
        "platform": "iphone",
        "templateType": "userwidgets",
        "topLevelBox": null
    },
    "id": "imgRating2",
    "ide_onTouchEnd": "AS_Image_f5b484deab4a47038779c10e1da70197",
    "imagescalemode": 1,
    "info": null,
    "isvisible": true,
    "kuid": "a5678b374f3946f483245f9aaf4b407a",
    "name": "kony.ui.Image2",
    "parent": "flxRating",
    "pf": "userwidgetmodel",
    "srcType": 1,
    "wType": "Image",
    "widgetalignment": 5,
    "zindex": 1
}