{
    "@class": "com.kony.gen.viz.model.component.KVizLabel",
    "DNDConfig": null,
    "__parentReadjusting__": false,
    "_height_": {
        "type": "string",
        "value": "6%"
    },
    "_left_": {
        "type": "string",
        "value": "30.00%"
    },
    "_margin_": [
        1,
        1,
        1,
        1
    ],
    "_padding_": [
        0,
        0,
        0,
        0
    ],
    "_skin_": "sfe787ed0fa44d459d7b45258766470e",
    "_text_": "$$$",
    "_top_": {
        "type": "string",
        "value": "48.00%"
    },
    "_width_": {
        "type": "string",
        "value": "15%"
    },
    "_wrapping_": 2,
    "android": {
        "textStyle": {
            "letterSpacing": 0,
            "strikeThrough": false
        }
    },
    "canUpdateUI": true,
    "containerweight": 100,
    "contentalignment": 4,
    "id": "lblPriceL3",
    "ide_onTouchEnd": "AS_Label_e7b0d5978b1340b2ba8af5a56ad87fac",
    "info": null,
    "ipad": {
        "psp": {
            "wrapping": 2
        }
    },
    "iphone": {
        "psp": {
            "wrapping": 2
        }
    },
    "isvisible": false,
    "kuid": "be3760d5789e4994996de9c8df45718b",
    "name": "kony.ui.Label",
    "parent": "filterscreen",
    "pf": "userwidgetmodel",
    "tooltip": "",
    "wType": "Label",
    "zindex": 1
}