{
    "@class": "com.kony.gen.viz.model.component.KVizLabel",
    "DNDConfig": null,
    "__parentReadjusting__": false,
    "_height_": {
        "type": "string",
        "value": "6%"
    },
    "_left_": {
        "type": "string",
        "value": "50%"
    },
    "_margin_": [
        1,
        1,
        1,
        1
    ],
    "_padding_": [
        0,
        0,
        0,
        0
    ],
    "_skin_": "sfe787ed0fa44d459d7b45258766470e",
    "_text_": "$$$$",
    "_top_": {
        "type": "string",
        "value": "48%"
    },
    "_width_": {
        "type": "string",
        "value": "18%"
    },
    "_wrapping_": 2,
    "android": {
        "textStyle": {
            "letterSpacing": 0,
            "strikeThrough": false
        }
    },
    "canUpdateUI": true,
    "containerweight": 100,
    "contentalignment": 4,
    "id": "lblPriceL4",
    "ide_onTouchEnd": "AS_Label_d80125d3840741199542c0f892588abc",
    "info": null,
    "ipad": {
        "psp": {
            "wrapping": 2
        }
    },
    "iphone": {
        "psp": {
            "wrapping": 2
        }
    },
    "isvisible": false,
    "kuid": "febec4be2ca04f62a9eb165d8f292bd6",
    "name": "kony.ui.Label",
    "parent": "filterscreen",
    "pf": "userwidgetmodel",
    "tooltip": "",
    "wType": "Label",
    "zindex": 1
}