{
    "NativeFunctionAPI": {
        "iOS": {},
        "Android": {
            "4.0": {
                "Kony_SyncV2-Android-4.0": {
                    "title": "Kony_SyncV2",
                    "platform": "Android",
                    "os": "4.0",
                    "url": "D:\\KonyInstallations\\Workspaces\\VisualizerEnterprise_8.0.0\\.imports\\.temp\\import1979345300\\nativebindings\\Android\\4.0\\Kony_SyncV2-Android-4.0.zip",
                    "filepath": "D:\\KonyInstallations\\Workspaces\\VisualizerEnterprise_8.0.0\\AnimatedTextField\\nativebindings\\Android\\4.0\\Kony_SyncV2-Android-4.0.zip",
                    "enable": true
                }
            }
        }
    }
}