{
    "@class": "com.kony.gen.viz.model.component.KVizButton",
    "DNDConfig": null,
    "__parentReadjusting__": false,
    "_height_": {
        "type": "string",
        "value": "80%"
    },
    "_left_": {
        "type": "string",
        "value": "0%"
    },
    "_margin_": [
        6,
        6,
        6,
        6
    ],
    "_padding_": [
        0,
        0,
        0,
        0
    ],
    "_skin_": "sed2b0934c0a484e873fdd0cf0936706",
    "_text_": "Forgot password?",
    "_width_": {
        "type": "string",
        "value": "90%"
    },
    "canUpdateUI": true,
    "centerx": {
        "type": "string",
        "value": "50%"
    },
    "centery": {
        "type": "string",
        "value": "50%"
    },
    "containerweight": 100,
    "contentalignment": 6,
    "displaytext": true,
    "focusskin": "sd711a9af69a4d388c52fd598d8f2dc7",
    "id": "btnForgotPassword",
    "info": null,
    "iphone": {
        "psp": {
            "showProgressIndicator": false
        }
    },
    "isvisible": true,
    "kuid": "b2de6f8330d14c2489a31088725ac514",
    "name": "kony.ui.Button",
    "parent": "flxForgotPassword",
    "pf": "userwidgetmodel",
    "showprogressindicator": false,
    "wType": "Button",
    "zindex": 1
}