{
    "@class": "com.kony.gen.viz.model.component.KVizButton",
    "DNDConfig": null,
    "__parentReadjusting__": false,
    "_height_": {
        "type": "string",
        "value": "42dp"
    },
    "_margin_": [
        6,
        6,
        6,
        6
    ],
    "_padding_": [
        0,
        0,
        0,
        0
    ],
    "_skin_": "sb389957d2974a03aca0dee355192a33",
    "_text_": "SIGN IN",
    "_top_": {
        "type": "string",
        "value": "60.04%"
    },
    "_width_": {
        "type": "string",
        "value": "80%"
    },
    "canUpdateUI": true,
    "centerx": {
        "type": "string",
        "value": "50.06%"
    },
    "containerweight": 100,
    "contentalignment": 5,
    "displaytext": true,
    "focusskin": "sf51f2bf1fda4ab6b7898461cdcc3ceb",
    "id": "btnLogin",
    "ide_onClick": "AS_Button_4938413b5cd44a87bc918490e6f94e79",
    "info": null,
    "isvisible": true,
    "kuid": "ac33479c328846cabd62987b86200716",
    "name": "kony.ui.Button",
    "parent": "flxCredentials",
    "pf": "userwidgetmodel",
    "wType": "Button",
    "zindex": 1
}