{
    "DNDConfig": null,
    "__parentReadjusting__": false,
    "_height_": {
        "type": "string",
        "value": "15%"
    },
    "_left_": {
        "type": "string",
        "value": "5%"
    },
    "_margin_": [
        0,
        0,
        0,
        0
    ],
    "_padding_": [
        0,
        0,
        0,
        0
    ],
    "_right_": {
        "type": "string",
        "value": "5%"
    },
    "_skin_": "sa2621a2665d45889025f0d869aa30ef",
    "_top_": {
        "type": "string",
        "value": "21%"
    },
    "_width_": {
        "type": "string",
        "value": "90%"
    },
    "allboxes": [],
    "autogrowmode": 0,
    "canUpdateUI": true,
    "children": [
        "tbxPassword",
        "flxBottomPassword"
    ],
    "clipbounds": true,
    "containerweight": 100,
    "enabled": false,
    "enablescrolling": true,
    "id": "flxPassword",
    "info": null,
    "isvisible": true,
    "kuid": "ef8d29cfb56042eb8979257a7fc104c2",
    "layouttype": 2,
    "name": "kony.ui.FlexContainer",
    "orientation": 6,
    "parent": "flxCredentials",
    "percent": true,
    "pf": "userwidgetmodel",
    "snapgridsize": 10,
    "snaptogrid": true,
    "wType": "FlexContainer",
    "widgetalignment": 1,
    "zindex": 1
}