{
    "DNDConfig": null,
    "__parentReadjusting__": false,
    "_height_": {
        "type": "string",
        "value": "34dp"
    },
    "_left_": {
        "type": "string",
        "value": "6.97%"
    },
    "_margin_": [
        0,
        0,
        0,
        0
    ],
    "_padding_": [
        0,
        0,
        0,
        0
    ],
    "_right_": {
        "type": "string",
        "value": "5%"
    },
    "_skin_": "sa2621a2665d45889025f0d869aa30ef",
    "_top_": {
        "type": "string",
        "value": "40.96%"
    },
    "_width_": {
        "type": "string",
        "value": "50%"
    },
    "allboxes": [],
    "autogrowmode": 0,
    "canUpdateUI": true,
    "children": [
        "lblRememberMe",
        "imgRememberme",
        "imgUnselected"
    ],
    "clipbounds": false,
    "containerweight": 100,
    "enabled": false,
    "enablescrolling": true,
    "id": "flxRememberMe",
    "ide_onClick": "AS_FlexContainer_7278fc6cd3c049399803102a0be3bbe9",
    "info": null,
    "isvisible": true,
    "kuid": "ff579d5517a3414aa5cc0f2912f33f0a",
    "layouttype": 2,
    "name": "kony.ui.FlexContainer",
    "orientation": 6,
    "parent": "flxCredentials",
    "percent": true,
    "pf": "userwidgetmodel",
    "snapgridsize": 10,
    "snaptogrid": true,
    "wType": "FlexContainer",
    "widgetalignment": 1,
    "zindex": 1
}