{
    "@class": "com.kony.gen.viz.model.component.KVizImage2",
    "DNDConfig": null,
    "__parentReadjusting__": false,
    "_base64_": null,
    "_height_": {
        "type": "string",
        "value": "30%"
    },
    "_margin_": [
        0,
        0,
        0,
        0
    ],
    "_padding_": [
        0,
        0,
        0,
        0
    ],
    "_skin_": "s0566cf0fd5f4d12bb066ecf54555fb2",
    "_src_": "konympbl80s9logo.png",
    "_width_": {
        "type": "string",
        "value": "30%"
    },
    "canUpdateUI": true,
    "centerx": {
        "type": "string",
        "value": "50%"
    },
    "centery": {
        "type": "string",
        "value": "40%"
    },
    "containerweight": 100,
    "context": {
        "channel": "mobile",
        "formID": "uwuf6e3557d18e4dac8ff79ade6a3b1f25",
        "platform": "iphone",
        "templateType": "userwidgets",
        "topLevelBox": null
    },
    "id": "imgLogo",
    "imagescalemode": 1,
    "info": null,
    "isvisible": true,
    "kuid": "a4ac20b92ce749369d921131f8b509ab",
    "name": "kony.ui.Image2",
    "parent": "flxlogo",
    "pf": "userwidgetmodel",
    "srcType": 1,
    "wType": "Image",
    "widgetalignment": 5,
    "zindex": 1
}