{
    "@class": "com.kony.gen.viz.model.component.KVizImage2",
    "DNDConfig": null,
    "__parentReadjusting__": false,
    "_base64_": null,
    "_height_": {
        "type": "string",
        "value": "20dp"
    },
    "_left_": {
        "type": "string",
        "value": "5%"
    },
    "_margin_": [
        0,
        0,
        0,
        0
    ],
    "_padding_": [
        0,
        0,
        0,
        0
    ],
    "_render_": true,
    "_skin_": "s0566cf0fd5f4d12bb066ecf54555fb2",
    "_src_": "konympbl80s9checkboxselected.png",
    "_top_": {
        "type": "string",
        "value": "0dp"
    },
    "_width_": {
        "type": "string",
        "value": "25dp"
    },
    "android": {
        "render": true
    },
    "canUpdateUI": true,
    "centery": {
        "type": "string",
        "value": "50%"
    },
    "containerweight": 100,
    "context": {
        "channel": "mobile",
        "formID": "uwuf6e3557d18e4dac8ff79ade6a3b1f25",
        "platform": "iphone",
        "templateType": "userwidgets",
        "topLevelBox": null
    },
    "id": "imgRememberme",
    "imagescalemode": 1,
    "imagewhenfailed": "checkbox_unselected.png",
    "info": null,
    "invokedProperty": "src",
    "iphone": {
        "render": true
    },
    "ispercent": true,
    "isvisible": false,
    "kuid": "b6ff806b221a416e9603abc1f85f509d",
    "name": "kony.ui.Image2",
    "parent": "flxRememberMe",
    "pf": "userwidgetmodel",
    "spaan": {
        "render": true
    },
    "spabb": {
        "render": true
    },
    "spaip": {
        "render": true
    },
    "spawinphone8": {
        "render": true
    },
    "srcType": 1,
    "wType": "Image",
    "widgetalignment": 5,
    "winphone8": {
        "render": true
    },
    "zindex": 1
}