{
    "@class": "com.kony.gen.viz.model.component.KVizLabel",
    "DNDConfig": null,
    "__parentReadjusting__": false,
    "_height_": {
        "type": "string",
        "value": "33dp"
    },
    "_left_": {
        "type": "string",
        "value": "5%"
    },
    "_margin_": [
        1,
        1,
        1,
        1
    ],
    "_padding_": [
        0,
        0,
        0,
        0
    ],
    "_skin_": "s5abd1851bdc4b219aabf5bdc0891700",
    "_text_": "Username",
    "_top_": {
        "type": "string",
        "value": "6%"
    },
    "_width_": {
        "type": "string",
        "value": "90%"
    },
    "_wrapping_": 2,
    "android": {
        "textStyle": {
            "letterSpacing": 0,
            "strikeThrough": false
        }
    },
    "canUpdateUI": true,
    "containerweight": 100,
    "contentalignment": 4,
    "id": "lblUsername",
    "info": null,
    "ipad": {
        "psp": {
            "wrapping": 2
        }
    },
    "iphone": {
        "psp": {
            "wrapping": 2
        }
    },
    "isvisible": true,
    "kuid": "d03f0805474d4c07a5835e5475eeaebf",
    "name": "kony.ui.Label",
    "parent": "flxCredentials",
    "pf": "userwidgetmodel",
    "tooltip": "",
    "wType": "Label",
    "zindex": 1
}