{
    "@class": "com.kony.gen.viz.model.component.KVizTextBox2",
    "DNDConfig": null,
    "__parentReadjusting__": false,
    "_height_": {
        "type": "string",
        "value": "36dp"
    },
    "_left_": {
        "type": "string",
        "value": "0dp"
    },
    "_margin_": [
        0,
        0,
        0,
        0
    ],
    "_padding_": [
        0,
        0,
        0,
        0
    ],
    "_placeholder_": "",
    "_right_": {
        "type": "number",
        "value": "0"
    },
    "_skin_": "s17720231b304a6bb0b73367995c03dd",
    "_text_": "",
    "_top_": {
        "type": "string",
        "value": "15%"
    },
    "_width_": {
        "type": "string",
        "value": "100%"
    },
    "android": {},
    "autocapitalize": "none",
    "autocomplete": false,
    "autocorrect": false,
    "autofilter": false,
    "canUpdateUI": true,
    "containerheight": "",
    "containerheightmode": 1,
    "containerweight": 100,
    "contentalignment": 4,
    "disabledSkins": {},
    "enabled": false,
    "focusskin": "s17720231b304a6bb0b73367995c03dd",
    "id": "tbxPassword",
    "ide_onDone": "AS_TextField_8eac0215d1ab4f9e89ce5a9507b0aaef",
    "info": null,
    "iphone": {},
    "isvisible": true,
    "keyboardtype": "A",
    "kuid": "cef4b5d91eb6484286324bd4aa00811e",
    "maxtextlength": 30,
    "mode": "A",
    "name": "kony.ui.TextBox2",
    "parent": "flxPassword",
    "pf": "userwidgetmodel",
    "placeholderskin": "s7eba30d89874a27878e46563e793fc7",
    "securetextentry": true,
    "textinputmode": "A",
    "viewtype": "default",
    "wType": "TextField"
}