{
    "@class": "com.kony.gen.viz.model.container.KVizForm",
    "DNDConfig": null,
    "_margin_": [
        0,
        0,
        0,
        0
    ],
    "_orientation_": 1,
    "_padding_": [
        0,
        0,
        0,
        0
    ],
    "_percent_": true,
    "_skin_": "sd1d0495590d450cbe9067f38159c859",
    "_title_": null,
    "addWidgetsdone": false,
    "allboxes": [],
    "canUpdateUI": true,
    "children": [
        "basiclogin"
    ],
    "containerweight": 100,
    "currentLocale": "default",
    "device": "iPhone6",
    "displayorientation": 3,
    "enabledforidletimeout": false,
    "globalUserWidgetRefs": [
        "u44116c07fab4a7581e38e3aa28642b6",
        "u29cdffe0cef4a38af6eabfd0452ed85",
        "u7543b6491894d968356771b33debea5",
        "uf64e37c3d4d437dbf573d0a05a909b3",
        "u4e92f7f0ccc4bd7895009585236e297",
        "u47988a387d042659d5252fc05891c58",
        "u06c4b3e9d3c4a25ad94e7344a51af4b",
        "uc472513a48340d8959ba37690ba565e",
        "ud276ce558ea44668aaf5a4b84590217"
    ],
    "id": "userwidgetmodel",
    "info": null,
    "initdone": false,
    "inputaccessoryviewtype": 4,
    "intransitionconfig": {
        "formTransition": "None"
    },
    "isvisible": true,
    "kuid": "uf6e3557d18e4dac8ff79ade6a3b1f25",
    "layouttype": 2,
    "masterType": 1,
    "name": "kony.ui.Form2",
    "needappmenu": true,
    "outtransitionconfig": {
        "formTransition": "None"
    },
    "paddinginpixel": false,
    "platform": "iphone",
    "prevDevice": "iPhone6",
    "prevPlatform": "spaip",
    "retainscrollposition": false,
    "shellCSS": "iOS_iPhone6",
    "titleBarSkin": "s4aaf2638da4432789916d842d7d0639",
    "titlebar": true,
    "type": 3,
    "wType": "Form"
}