{
    "classname": "listmapview",
    "definitions": {
        "apis": {
            "custom": [
                {
                    "kuid": "c9ec9e8498ff4c8ca74593c333f75d48",
                    "paramList": [
                        {
                            "name": "formattedResponse"
                        }
                    ],
                    "propertyKey": "mapDataToSegmentAndMap",
                    "pw": {
                        "displayName": "mapDataToSegmentAndMap",
                        "uiRepresentation": "Label-Label-Button-Button"
                    },
                    "srcWgtKUID": "edebe60cb14141e893aa7a61c1429f58",
                    "type": "event"
                },
                {
                    "kuid": "f89549b754054ceeaf63f8918a24859c",
                    "paramList": [
                        {
                            "name": "viewName"
                        }
                    ],
                    "propertyKey": "shiftToView",
                    "pw": {
                        "displayName": "shiftToView",
                        "uiRepresentation": "Label-Label-Button-Button"
                    },
                    "srcWgtKUID": "edebe60cb14141e893aa7a61c1429f58",
                    "type": "event"
                },
                {
                    "kuid": "e0901bb9fb814a1f867b937e90ead9f3",
                    "paramList": [
                        {
                            "name": "origin"
                        },
                        {
                            "name": "destination"
                        }
                    ],
                    "propertyKey": "getDirections",
                    "pw": {
                        "displayName": "getDirections",
                        "uiRepresentation": "Label-Label-Button-Button"
                    },
                    "srcWgtKUID": "edebe60cb14141e893aa7a61c1429f58",
                    "type": "event"
                },
                {
                    "kuid": "ic2b59660761448b8a64179a6ef80c4c",
                    "paramList": [
                        {
                            "name": "data"
                        },
                        {
                            "name": "position"
                        }
                    ],
                    "propertyKey": "setDataToSegmentAtAPosition",
                    "pw": {
                        "displayName": "setDataToSegmentAtAPosition",
                        "uiRepresentation": "Label-Label-Button-Button"
                    },
                    "srcWgtKUID": "edebe60cb14141e893aa7a61c1429f58",
                    "type": "event"
                },
                {
                    "kuid": "a483c1edcb86450cbff789583f08975b",
                    "paramList": [
                        {
                            "name": "locationData"
                        }
                    ],
                    "propertyKey": "navigateToLocation",
                    "pw": {
                        "displayName": "navigateToLocation",
                        "uiRepresentation": "Label-Label-Button-Button"
                    },
                    "srcWgtKUID": "edebe60cb14141e893aa7a61c1429f58",
                    "type": "event"
                },
                {
                    "kuid": "aa8bee496f564809bc875ec8133d085d",
                    "paramList": [
                        {
                            "name": "bottomValue"
                        },
                        {
                            "name": "time"
                        }
                    ],
                    "propertyKey": "hideOrUnhideMapSegmentCallout",
                    "pw": {
                        "displayName": "hideOrUnhideMapSegmentCallout",
                        "uiRepresentation": "Label-Label-Button-Button"
                    },
                    "srcWgtKUID": "edebe60cb14141e893aa7a61c1429f58",
                    "type": "event"
                },
                {
                    "kuid": "ca0073299ae640d0b2fd8a2763bc26ea",
                    "paramList": [
                        {
                            "name": "formattedResponse"
                        }
                    ],
                    "propertyKey": "appendDataToSegment",
                    "pw": {
                        "displayName": "appendDataToSegment",
                        "uiRepresentation": "Label-Label-Button-Button"
                    },
                    "srcWgtKUID": "edebe60cb14141e893aa7a61c1429f58",
                    "type": "event"
                }
            ],
            "passthrough": []
        },
        "events": {
            "custom": [
                {
                    "kuid": "f7d1f3cd2a67486aa4f9455e123801f2",
                    "paramList": [
                        {
                            "name": "location"
                        }
                    ],
                    "propertyKey": "customPinClick",
                    "pw": {
                        "displayName": "customPinClick",
                        "uiRepresentation": "Label-Label-Button-Button"
                    },
                    "srcWgtKUID": "edebe60cb14141e893aa7a61c1429f58",
                    "type": "event"
                },
                {
                    "kuid": "f996c2b8cd9b42acb87f1947a121b3a7",
                    "paramList": [
                        {
                            "name": "context"
                        }
                    ],
                    "propertyKey": "getDirectionsInvokedCallback",
                    "pw": {
                        "displayName": "getDirectionsInvokedCallback",
                        "uiRepresentation": "Label-Label-Button-Button"
                    },
                    "srcWgtKUID": "edebe60cb14141e893aa7a61c1429f58",
                    "type": "event"
                },
                {
                    "kuid": "b16cdec016184d4b86301f4b4b023ad0",
                    "paramList": [],
                    "propertyKey": "successDrawMapRoute",
                    "pw": {
                        "displayName": "successDrawMapRoute",
                        "uiRepresentation": "Label-Label-Button-Button"
                    },
                    "srcWgtKUID": "edebe60cb14141e893aa7a61c1429f58",
                    "type": "event"
                },
                {
                    "kuid": "j2758592fde743b5b5ae909652395afe",
                    "paramList": [],
                    "propertyKey": "refreshData",
                    "pw": {
                        "displayName": "refreshData",
                        "uiRepresentation": "Label-Label-Button-Button"
                    },
                    "srcWgtKUID": "edebe60cb14141e893aa7a61c1429f58",
                    "type": "event"
                },
                {
                    "kuid": "hc4f7c6c7b79476fa558bead5911127e",
                    "paramList": [
                        {
                            "name": "placeID"
                        }
                    ],
                    "propertyKey": "callToInvoked",
                    "pw": {
                        "displayName": "callToInvoked",
                        "uiRepresentation": "Label-Label-Button-Button"
                    },
                    "srcWgtKUID": "edebe60cb14141e893aa7a61c1429f58",
                    "type": "event"
                },
                {
                    "kuid": "d148db96334e4f0784137ceaac5a7787",
                    "paramList": [],
                    "propertyKey": "callSearchHere",
                    "pw": {
                        "displayName": "callSearchHere",
                        "uiRepresentation": "Label-Label-Button-Button"
                    },
                    "srcWgtKUID": "edebe60cb14141e893aa7a61c1429f58",
                    "type": "event"
                },
                {
                    "kuid": "aa000f471fd24acb9c58dd84bcd4d8be",
                    "paramList": [
                        {
                            "name": "formattedResponse"
                        }
                    ],
                    "propertyKey": "postDataMapping",
                    "pw": {
                        "displayName": "postDataMapping",
                        "uiRepresentation": "Label-Label-Button-Button"
                    },
                    "srcWgtKUID": "edebe60cb14141e893aa7a61c1429f58",
                    "type": "event"
                },
                {
                    "kuid": "ge33c2699b3d4e02be2b78fe9fef0632",
                    "paramList": [],
                    "propertyKey": "cancelMapsSuccess",
                    "pw": {
                        "displayName": "cancelMapsSuccess",
                        "uiRepresentation": "Label-Label-Button-Button"
                    },
                    "srcWgtKUID": "edebe60cb14141e893aa7a61c1429f58",
                    "type": "event"
                },
                {
                    "kuid": "dcd811e8a16148dc850d64e32a7ca72d",
                    "paramList": [],
                    "propertyKey": "openMapsSuccess",
                    "pw": {
                        "displayName": "openMapsSuccess",
                        "uiRepresentation": "Label-Label-Button-Button"
                    },
                    "srcWgtKUID": "edebe60cb14141e893aa7a61c1429f58",
                    "type": "event"
                },
                {
                    "kuid": "cd4fdd9015184b969f814fa0b9b87810",
                    "paramList": [
                        {
                            "name": "placeDetails"
                        }
                    ],
                    "propertyKey": "getPlaceDetails",
                    "pw": {
                        "displayName": "getPlaceDetails",
                        "uiRepresentation": "Label-Label-Button-Button"
                    },
                    "srcWgtKUID": "edebe60cb14141e893aa7a61c1429f58",
                    "type": "event"
                },
                {
                    "kuid": "a80c987568984840a1c0c067345d9c82",
                    "paramList": [],
                    "propertyKey": "onPushOfSegment",
                    "pw": {
                        "displayName": "onPushOfSegment",
                        "uiRepresentation": "Label-Label-Button-Button"
                    },
                    "srcWgtKUID": "edebe60cb14141e893aa7a61c1429f58",
                    "type": "event"
                }
            ],
            "passthrough": [
                {
                    "access": "Enable",
                    "kuid": "f267b1065f0f4f62b34d9856b1e94835",
                    "originalPropertyKey": "onClick",
                    "propertyKey": "getCurrentLocation",
                    "pw": {
                        "access": "readwrite",
                        "category": "action",
                        "displayName": "getCurrentLocation",
                        "srcWidget": "flxNavigateToCurrentLoction",
                        "type": "action",
                        "uiRepresentation": "Label-Label-Button-Button",
                        "wType": "FlexContainer"
                    },
                    "srcWgtKUID": "be4b9dce934e4ef5a3ce0fa6856843a7"
                },
                {
                    "access": "Enable",
                    "kuid": "j7868bb854cd4569b52873b292015b9e",
                    "originalPropertyKey": "onClick",
                    "propertyKey": "onMapClick",
                    "pw": {
                        "access": "readwrite",
                        "category": "action",
                        "displayName": "onMapClick",
                        "srcWidget": "mapLayout",
                        "type": "action",
                        "uiRepresentation": "Label-Label-Button-Button",
                        "wType": "Map"
                    },
                    "srcWgtKUID": "ifdb49bf09e34dfc8c249448bf2aa9ba"
                }
            ]
        },
        "groups": {
            "apis": [],
            "events": [],
            "properties": [
                "General"
            ],
            "widgets": []
        },
        "properties": {
            "custom": [
                {
                    "access": "Read",
                    "defaultValue": "null",
                    "kuid": "j8484bf81363457f9d9a1c7b0c406538",
                    "originalPropertyKey": "locationData",
                    "propertyIndex": 8,
                    "propertyKey": "locationData",
                    "pw": {
                        "displayName": "Location Data",
                        "uiRepresentation": "Label-Textbox"
                    },
                    "srcWgtKUID": "edebe60cb14141e893aa7a61c1429f58",
                    "type": "string",
                    "value": ""
                },
                {
                    "access": "Read",
                    "defaultValue": "null",
                    "kuid": "jab9c9bacb524dd5a1e029739e30c823",
                    "originalPropertyKey": "selectedPinLocation",
                    "propertyIndex": 9,
                    "propertyKey": "selectedPinLocation",
                    "pw": {
                        "displayName": "Selected Pin Location",
                        "uiRepresentation": "Label-Textbox"
                    },
                    "srcWgtKUID": "edebe60cb14141e893aa7a61c1429f58",
                    "type": "string",
                    "value": ""
                },
                {
                    "access": "Write",
                    "defaultValue": "null",
                    "kuid": "d4d803c596f54f62a87f626d78263cdc",
                    "originalPropertyKey": "mapData",
                    "propertyIndex": 10,
                    "propertyKey": "mapData",
                    "pw": {
                        "displayName": "Map Data",
                        "uiRepresentation": "Label-Textbox"
                    },
                    "srcWgtKUID": "edebe60cb14141e893aa7a61c1429f58",
                    "type": "string",
                    "value": ""
                }
            ],
            "passthrough": [
                {
                    "access": "Enable",
                    "kuid": "ce5c078ca3004029ad95eb11a56e8499",
                    "originalPropertyKey": "isVisible",
                    "propertyIndex": 1,
                    "propertyKey": "mapRouteVisibility",
                    "pw": {
                        "access": "readwrite",
                        "category": "look",
                        "displayName": "Map Route Visibility",
                        "srcWidget": "flxMapRoute",
                        "type": "boolean",
                        "uiRepresentation": "Label-Radiobuttongroup",
                        "wType": "FlexContainer"
                    },
                    "srcWgtKUID": "jea2b4a73b6d462ca47356b3879063bd"
                },
                {
                    "access": "Enable",
                    "kuid": "f41482641240457abce4e6c39a5f5e5e",
                    "originalPropertyKey": "isVisible",
                    "propertyIndex": 2,
                    "propertyKey": "mapNearByVisibility",
                    "pw": {
                        "access": "readwrite",
                        "category": "look",
                        "displayName": "Map NearBy Visibility",
                        "srcWidget": "flxMapView",
                        "type": "boolean",
                        "uiRepresentation": "Label-Radiobuttongroup",
                        "wType": "FlexContainer"
                    },
                    "srcWgtKUID": "ac9168213e074b4d9e37b2771b6b709a"
                },
                {
                    "access": "Enable",
                    "kuid": "g12dc84cd66f4076879848e4de9bb62a",
                    "originalPropertyKey": "rowTemplate",
                    "propertyIndex": 3,
                    "propertyKey": "rowTemplate",
                    "pw": {
                        "access": "readwrite",
                        "category": "widget",
                        "companionKeys": [
                            "sectionHeaderTemplate",
                            "data"
                        ],
                        "displayName": "List View Row Template",
                        "srcWidget": "segListView",
                        "type": "template",
                        "uiRepresentation": "Label-Combobox",
                        "wType": "Segment"
                    },
                    "srcWgtKUID": "g12b25315b804ff7a459fac7935af3fe"
                },
                {
                    "access": "Enable",
                    "kuid": "a0bcb6b3e9194411ad6987c18a36566d",
                    "originalPropertyKey": "rowTemplate",
                    "propertyIndex": 4,
                    "propertyKey": "segCalloutRowTemplate",
                    "pw": {
                        "access": "readwrite",
                        "category": "widget",
                        "companionKeys": [
                            "sectionHeaderTemplate",
                            "data"
                        ],
                        "displayName": "Callout Row Template",
                        "srcWidget": "segMapCallout",
                        "type": "template",
                        "uiRepresentation": "Label-Combobox",
                        "wType": "Segment"
                    },
                    "srcWgtKUID": "jc6292b4dffc4b5baf488b85692ef76f"
                },
                {
                    "access": "Enable",
                    "kuid": "e9dbcae59c8748e39647276025f653ad",
                    "originalPropertyKey": "text",
                    "propertyIndex": 5,
                    "propertyKey": "mapViewSearchThisAreaText",
                    "pw": {
                        "access": "readwrite",
                        "category": "look",
                        "displayName": "Search this area Text",
                        "srcWidget": "lblSearchHere",
                        "type": "string",
                        "uiRepresentation": "Label-Textbox",
                        "wType": "Label"
                    },
                    "srcWgtKUID": "c2e49623e6d54eaa804c43dc37b256cb"
                },
                {
                    "access": "Enable",
                    "kuid": "ef5df0f834ca44b9b4d7f70b875bd461",
                    "originalPropertyKey": "src",
                    "propertyIndex": 6,
                    "propertyKey": "mapViewSearchThisAreaIcon",
                    "pw": {
                        "access": "readwrite",
                        "category": "widget",
                        "displayName": "Search this area Icon",
                        "srcWidget": "imgRefresh",
                        "type": "string",
                        "uiConfig": {
                            "Button": {
                                "dataRetrieverId": "Imagelist",
                                "dataUpdaterId": "Imagelist",
                                "popupId": "Imagelist",
                                "type": "ImageEditBtn"
                            },
                            "Label": {}
                        },
                        "uiRepresentation": "Label-Label-Button",
                        "wType": "Image"
                    },
                    "srcWgtKUID": "d7e20dc00c964e3c9a005c59a33cf2dd"
                },
                {
                    "access": "Enable",
                    "kuid": "ce2b401d171e49fcbf7ed72c620cdf77",
                    "originalPropertyKey": "src",
                    "propertyIndex": 7,
                    "propertyKey": "mapViewNavigateIcon",
                    "pw": {
                        "access": "readwrite",
                        "category": "widget",
                        "displayName": "Navigation Icon",
                        "srcWidget": "imgCurrentLocation",
                        "type": "string",
                        "uiConfig": {
                            "Button": {
                                "dataRetrieverId": "Imagelist",
                                "dataUpdaterId": "Imagelist",
                                "popupId": "Imagelist",
                                "type": "ImageEditBtn"
                            },
                            "Label": {}
                        },
                        "uiRepresentation": "Label-Label-Button",
                        "wType": "Image"
                    },
                    "srcWgtKUID": "b08eff3555624c19ad517c80d334fac5"
                }
            ]
        },
        "widgets": {
            "expose": [],
            "passthrough": []
        }
    },
    "namespace": "com.konymp",
    "version": "1.0.0"
}