{
    "classname": "filterscreen",
    "definitions": {
        "apis": {
            "custom": [
                {
                    "kuid": "d565fc137a2245d0a4eac02d071bf7f8",
                    "paramList": [
                        {
                            "name": "setDataJSON"
                        }
                    ],
                    "propertyKey": "setDatatoFilterScreen",
                    "pw": {
                        "displayName": "setDatatoFilterScreen",
                        "uiRepresentation": "Label-Label-Button-Button"
                    },
                    "srcWgtKUID": "d4d09bd94f414f6e8a281f7289c2ed88",
                    "type": "event"
                },
                {
                    "kuid": "c1e570c50eb7481284a55a0691835aed",
                    "paramList": [
                        {
                            "name": "filterData"
                        }
                    ],
                    "propertyKey": "getAppliedFilter",
                    "pw": {
                        "displayName": "getAppliedFilter",
                        "uiRepresentation": "Label-Label-Button-Button"
                    },
                    "srcWgtKUID": "d4d09bd94f414f6e8a281f7289c2ed88",
                    "type": "event"
                },
                {
                    "kuid": "e87fce6ed8d44ad28cdb97865d7276be",
                    "paramList": [],
                    "propertyKey": "resetFilters",
                    "pw": {
                        "displayName": "resetFilters",
                        "uiRepresentation": "Label-Label-Button-Button"
                    },
                    "srcWgtKUID": "d4d09bd94f414f6e8a281f7289c2ed88",
                    "type": "event"
                },
                {
                    "kuid": "g00eae3f008c4b45b3db123c5fb020a3",
                    "paramList": [],
                    "propertyKey": "changeFilterOptions",
                    "pw": {
                        "displayName": "changeFilterOptions",
                        "uiRepresentation": "Label-Label-Button-Button"
                    },
                    "srcWgtKUID": "d4d09bd94f414f6e8a281f7289c2ed88",
                    "type": "event"
                }
            ],
            "passthrough": []
        },
        "events": {
            "custom": [
                {
                    "kuid": "h7239b3faff44882a3a73d28d4fabe3b",
                    "paramList": [
                        {
                            "name": "filterSortDetails"
                        }
                    ],
                    "propertyKey": "customApplyFilter",
                    "pw": {
                        "displayName": "customApplyFilter",
                        "uiRepresentation": "Label-Label-Button-Button"
                    },
                    "srcWgtKUID": "d4d09bd94f414f6e8a281f7289c2ed88",
                    "type": "event"
                }
            ],
            "passthrough": [
                {
                    "access": "Enable",
                    "kuid": "b16a9d45f050448591ccdbe51dc1305f",
                    "originalPropertyKey": "onTouchEnd",
                    "propertyKey": "cancelFilter",
                    "pw": {
                        "access": "readwrite",
                        "category": "action",
                        "displayName": "cancelFilter",
                        "srcWidget": "lblCancel",
                        "type": "action",
                        "uiRepresentation": "Label-Label-Button-Button",
                        "wType": "Label"
                    },
                    "srcWgtKUID": "f2a1cb77724d4957892bb980b107b327"
                }
            ]
        },
        "groups": {
            "apis": [],
            "events": [],
            "properties": [
                "General"
            ],
            "widgets": []
        },
        "properties": {
            "custom": [
                {
                    "access": "Write",
                    "defaultValue": "star_empty.png",
                    "kuid": "c2a12c07e489496fa79feb7795cb56f1",
                    "originalPropertyKey": "inactiveIcon",
                    "propertyIndex": 7,
                    "propertyKey": "inactiveIcon",
                    "pw": {
                        "displayName": "Rating Inactive icon",
                        "uiRepresentation": "Label-Textbox"
                    },
                    "srcWgtKUID": "d4d09bd94f414f6e8a281f7289c2ed88",
                    "type": "string",
                    "value": ""
                },
                {
                    "access": "Write",
                    "defaultValue": "star_full.png",
                    "kuid": "a4fe0b6974cf4dc69c5c30306a0a0a17",
                    "originalPropertyKey": "activeIcon",
                    "propertyIndex": 8,
                    "propertyKey": "activeIcon",
                    "pw": {
                        "displayName": "Rating active icon",
                        "uiRepresentation": "Label-Textbox"
                    },
                    "srcWgtKUID": "d4d09bd94f414f6e8a281f7289c2ed88",
                    "type": "string",
                    "value": ""
                },
                {
                    "access": "Write",
                    "defaultValue": "toggle_off.png",
                    "kuid": "aed4a0c3d8174c11bd58a5b9f8b479a5",
                    "originalPropertyKey": "inactiveTimingsIcon",
                    "propertyIndex": 9,
                    "propertyKey": "inactiveTimingsIcon",
                    "pw": {
                        "displayName": "Filter by Open now inactive icon",
                        "uiRepresentation": "Label-Textbox"
                    },
                    "srcWgtKUID": "d4d09bd94f414f6e8a281f7289c2ed88",
                    "type": "string",
                    "value": ""
                },
                {
                    "access": "Write",
                    "defaultValue": "toggle_on.png",
                    "kuid": "c29355bcdaed4e40b51b708c4fc04a71",
                    "originalPropertyKey": "activeTimingsIcon",
                    "propertyIndex": 10,
                    "propertyKey": "activeTimingsIcon",
                    "pw": {
                        "displayName": "Filter by Open now active icon",
                        "uiRepresentation": "Label-Textbox"
                    },
                    "srcWgtKUID": "d4d09bd94f414f6e8a281f7289c2ed88",
                    "type": "string",
                    "value": ""
                }
            ],
            "passthrough": [
                {
                    "access": "Enable",
                    "kuid": "ea81f8948eb7494c87bff5fa17538094",
                    "originalPropertyKey": "isVisible",
                    "propertyIndex": 1,
                    "propertyKey": "sortVisibility",
                    "pw": {
                        "access": "readwrite",
                        "category": "look",
                        "displayName": "Display Sorting option in Filter",
                        "srcWidget": "flxSort",
                        "type": "boolean",
                        "uiRepresentation": "Label-Radiobuttongroup",
                        "wType": "FlexContainer"
                    },
                    "srcWgtKUID": "f7c05e1faed94974a9b2a86a46c2daaa"
                },
                {
                    "access": "Enable",
                    "kuid": "cd9dd32efd8a45e99ad510c4f14b4dd9",
                    "originalPropertyKey": "isVisible",
                    "propertyIndex": 2,
                    "propertyKey": "ratingsVisibility",
                    "pw": {
                        "access": "readwrite",
                        "category": "look",
                        "displayName": "Filter by Rating",
                        "srcWidget": "flxRating",
                        "type": "boolean",
                        "uiRepresentation": "Label-Radiobuttongroup",
                        "wType": "FlexContainer"
                    },
                    "srcWgtKUID": "i925bdbd672d401daed3ce176cabb142"
                },
                {
                    "access": "Enable",
                    "kuid": "ia834245029547598ab9c67ea01fb3d4",
                    "originalPropertyKey": "isVisible",
                    "propertyIndex": 3,
                    "propertyKey": "timingsVisibility",
                    "pw": {
                        "access": "readwrite",
                        "category": "look",
                        "displayName": "Filter by Open now",
                        "srcWidget": "flxOpenNow",
                        "type": "boolean",
                        "uiRepresentation": "Label-Radiobuttongroup",
                        "wType": "FlexContainer"
                    },
                    "srcWgtKUID": "jc8248494b0a4c908a4db40203fe7522"
                },
                {
                    "access": "Enable",
                    "kuid": "d74453523c6444c59851f3b4284d0521",
                    "originalPropertyKey": "isVisible",
                    "propertyIndex": 4,
                    "propertyKey": "sortByDistance",
                    "pw": {
                        "access": "readwrite",
                        "category": "look",
                        "displayName": "Enable Sort by Distance",
                        "srcWidget": "lblDistanceSort",
                        "type": "boolean",
                        "uiRepresentation": "Label-Radiobuttongroup",
                        "wType": "Label"
                    },
                    "srcWgtKUID": "bb89aa0956d04f6c85c7034e9b313ca4"
                },
                {
                    "access": "Enable",
                    "kuid": "h7f4218c51674ae4af9ae58dd8736635",
                    "originalPropertyKey": "isVisible",
                    "propertyIndex": 5,
                    "propertyKey": "sortByRating",
                    "pw": {
                        "access": "readwrite",
                        "category": "look",
                        "displayName": "Enable Sort by Rating",
                        "srcWidget": "lblRatingSort",
                        "type": "boolean",
                        "uiRepresentation": "Label-Radiobuttongroup",
                        "wType": "Label"
                    },
                    "srcWgtKUID": "d8c411a2a0f94c3bba433aad99a061a8"
                },
                {
                    "access": "Enable",
                    "kuid": "f00de5cfc3184d0ca316bdd886b7eb3d",
                    "originalPropertyKey": "isVisible",
                    "propertyIndex": 6,
                    "propertyKey": "sortByAZ",
                    "pw": {
                        "access": "readwrite",
                        "category": "look",
                        "displayName": "Enable Sort by AtoZ",
                        "srcWidget": "lblAZSort",
                        "type": "boolean",
                        "uiRepresentation": "Label-Radiobuttongroup",
                        "wType": "Label"
                    },
                    "srcWgtKUID": "db459573d64b462a92c63d75ba91f138"
                }
            ]
        },
        "widgets": {
            "expose": [],
            "passthrough": []
        }
    },
    "namespace": "com.konymp",
    "version": "1.0.0"
}