{
    "classname": "pdfviewer",
    "definitions": {
        "apis": {
            "custom": [
                {
                    "group": "General",
                    "kuid": "af817e80c8a943be88edf8dee54f8e90",
                    "paramList": [
                        {
                            "name": "url"
                        }
                    ],
                    "propertyKey": "setURL",
                    "pw": {
                        "displayName": "setURL",
                        "uiRepresentation": "Label-Label-Button-Button"
                    },
                    "srcWgtKUID": "f99fd8ad43f941cfa0053ced52dd3848",
                    "type": "event"
                },
                {
                    "group": "General",
                    "kuid": "f90c7a93d4f54bea907f1ab30643aefd",
                    "paramList": [
                        {
                            "name": "path"
                        }
                    ],
                    "propertyKey": "setAndroidFilePath",
                    "pw": {
                        "displayName": "setAndroidFilePath",
                        "uiRepresentation": "Label-Label-Button-Button"
                    },
                    "srcWgtKUID": "f99fd8ad43f941cfa0053ced52dd3848",
                    "type": "event"
                },
                {
                    "group": "General",
                    "kuid": "e0c2b9de39c247ed9cc73dad728319ab",
                    "paramList": [
                        {
                            "name": "path"
                        }
                    ],
                    "propertyKey": "setIphoneFilePath",
                    "pw": {
                        "displayName": "setIphoneFilePath",
                        "uiRepresentation": "Label-Label-Button-Button"
                    },
                    "srcWgtKUID": "f99fd8ad43f941cfa0053ced52dd3848",
                    "type": "event"
                }
            ],
            "passthrough": []
        },
        "events": {
            "custom": [],
            "passthrough": []
        },
        "groups": {
            "apis": [
                "General"
            ],
            "events": [],
            "properties": [
                "Online",
                "Local File Path"
            ],
            "widgets": []
        },
        "properties": {
            "custom": [
                {
                    "access": "Write",
                    "defaultValue": "http://forms.kony.com/rs/konysolutions/images/DS-Kony-Marketplace.pdf",
                    "group": "Online",
                    "kuid": "d78bf6fd3f8b4d298cbddd70b040d08c",
                    "originalPropertyKey": "url",
                    "propertyIndex": 1,
                    "propertyKey": "url",
                    "pw": {
                        "displayName": "URL",
                        "uiRepresentation": "Label-Textbox"
                    },
                    "srcWgtKUID": "f99fd8ad43f941cfa0053ced52dd3848",
                    "type": "string",
                    "value": ""
                },
                {
                    "access": "Write",
                    "defaultValue": "Online",
                    "group": "General",
                    "kuid": "f9dbc3b40c69413cb5a173c0914eee75",
                    "originalPropertyKey": "pdfType",
                    "propertyIndex": 1,
                    "propertyKey": "pdfType",
                    "pw": {
                        "displayName": "Type",
                        "uiRepresentation": "Label-Combobox"
                    },
                    "srcWgtKUID": "f99fd8ad43f941cfa0053ced52dd3848",
                    "type": "list selector",
                    "value": [
                        "Online",
                        "Local File Path"
                    ]
                },
                {
                    "access": "Write",
                    "defaultValue": "",
                    "group": "Local File Path",
                    "kuid": "j30ecee3a8b74a3daa1a073ede85aedb",
                    "originalPropertyKey": "setAndroidPath",
                    "propertyIndex": 1,
                    "propertyKey": "setAndroidPath",
                    "pw": {
                        "displayName": "Android",
                        "uiRepresentation": "Label-Textbox"
                    },
                    "srcWgtKUID": "f99fd8ad43f941cfa0053ced52dd3848",
                    "type": "string",
                    "value": ""
                },
                {
                    "access": "Write",
                    "defaultValue": "",
                    "group": "Local File Path",
                    "kuid": "a609d3668b914184a208d449ddebb34a",
                    "originalPropertyKey": "setIphonePath",
                    "propertyIndex": 2,
                    "propertyKey": "setIphonePath",
                    "pw": {
                        "displayName": "iOS",
                        "uiRepresentation": "Label-Textbox"
                    },
                    "srcWgtKUID": "f99fd8ad43f941cfa0053ced52dd3848",
                    "type": "string",
                    "value": ""
                }
            ],
            "passthrough": []
        },
        "widgets": {
            "expose": [],
            "passthrough": []
        }
    },
    "namespace": "com.konymp",
    "version": "1.0.0"
}