{
    "@class": "com.kony.gen.viz.model.component.KVizButton",
    "DNDConfig": null,
    "__parentReadjusting__": false,
    "_height_": {
        "type": "string",
        "value": "85%"
    },
    "_margin_": [
        6,
        6,
        6,
        6
    ],
    "_padding_": [
        0,
        0,
        0,
        0
    ],
    "_skin_": "s206ec86030145dea77601b400f38ada",
    "_text_": "Search",
    "_top_": {
        "type": "string",
        "value": "5%"
    },
    "_width_": {
        "type": "string",
        "value": "60%"
    },
    "canUpdateUI": true,
    "centerx": {
        "type": "string",
        "value": "50%"
    },
    "containerweight": 100,
    "contentalignment": 5,
    "displaytext": true,
    "focusskin": "s206ec86030145dea77601b400f38ada",
    "id": "btnSearchSelection",
    "info": null,
    "isvisible": true,
    "kuid": "b77d0d85cfca4ee78543b7f01401c886",
    "name": "kony.ui.Button",
    "parent": "flxSearchSelection",
    "pf": "userwidgetmodel",
    "wType": "Button",
    "zindex": 1
}