{
    "@class": "com.kony.gen.viz.model.component.KVizImage2",
    "DNDConfig": null,
    "__parentReadjusting__": false,
    "_base64_": null,
    "_height_": {
        "type": "string",
        "value": "20%"
    },
    "_margin_": [
        0,
        0,
        0,
        0
    ],
    "_padding_": [
        0,
        0,
        0,
        0
    ],
    "_skin_": "s0e8ff23147c46a2a1ba81e94e250a9b",
    "_src_": "more_icon.png",
    "_width_": {
        "type": "string",
        "value": "14%"
    },
    "canUpdateUI": true,
    "centerx": {
        "type": "string",
        "value": "87.50%"
    },
    "centery": {
        "type": "string",
        "value": "70%"
    },
    "containerweight": 100,
    "context": {
        "channel": "mobile",
        "formID": "uwufa7a20a215442caaf0514a8186c2009",
        "platform": "iphone",
        "templateType": "userwidgets",
        "topLevelBox": null
    },
    "id": "imgMore",
    "imagescalemode": 1,
    "info": null,
    "invokedProperty": "src",
    "isvisible": false,
    "kuid": "h845de749399497d832b596d9baedd87",
    "name": "kony.ui.Image2",
    "parent": "flxMenu",
    "pf": "userwidgetmodel",
    "srcType": 1,
    "wType": "Image",
    "widgetalignment": 5,
    "zindex": 1
}