{
    "@class": "com.kony.gen.viz.model.component.KVizLabel",
    "DNDConfig": null,
    "__parentReadjusting__": false,
    "_height_": {
        "type": "ref",
        "value": "preferred"
    },
    "_margin_": [
        1,
        1,
        1,
        1
    ],
    "_padding_": [
        0,
        0,
        0,
        0
    ],
    "_skin_": "s26e157ea1f54f2bbc33bc4a0b97f8a0",
    "_text_": "More",
    "_width_": {
        "type": "string",
        "value": "25%"
    },
    "_wrapping_": 2,
    "android": {
        "textStyle": {
            "letterSpacing": 0,
            "strikeThrough": false
        }
    },
    "canUpdateUI": true,
    "centerx": {
        "type": "string",
        "value": "87.50%"
    },
    "centery": {
        "type": "string",
        "value": "85%"
    },
    "containerweight": 100,
    "contentalignment": 5,
    "id": "lblMore",
    "info": null,
    "ipad": {
        "psp": {
            "wrapping": 2
        }
    },
    "iphone": {
        "psp": {
            "wrapping": 2
        }
    },
    "isvisible": false,
    "kuid": "da42c10b701d43f495d5ec20c8deacfb",
    "name": "kony.ui.Label",
    "parent": "flxMenu",
    "pf": "userwidgetmodel",
    "tooltip": "",
    "wType": "Label",
    "zindex": 1
}