{"policyScope":"local","policyInfo":"{\"identitySvcs\":[],\"middlewareSvcs\":[{\"name\":\"GoogleService\",\"version\":\"1.0\",\"type\":\"integration\",\"conflictType\":\"name\",\"supportedConflictResolutionPolicies\":[\"override\",\"reuse\"],\"conflictResolutionPolicy\":\"override\"},{\"name\":\"GetNearbyPlaceIds\",\"version\":\"1.0\",\"type\":\"orchestration\",\"conflictType\":\"name\",\"supportedConflictResolutionPolicies\":[\"override\",\"reuse\"],\"conflictResolutionPolicy\":\"override\"},{\"name\":\"NearbyUsingCoordinates\",\"version\":\"1.0\",\"type\":\"orchestration\",\"conflictType\":\"name\",\"supportedConflictResolutionPolicies\":[\"override\",\"reuse\"],\"conflictResolutionPolicy\":\"override\"},{\"name\":\"GetPlaceDetailsLoop\",\"version\":\"1.0\",\"type\":\"orchestration\",\"conflictType\":\"name\",\"supportedConflictResolutionPolicies\":[\"override\",\"reuse\"],\"conflictResolutionPolicy\":\"override\"},{\"name\":\"PlaceLocatorObjectServices\",\"version\":\"1.0\",\"type\":\"objectSvc\",\"conflictType\":\"name\",\"supportedConflictResolutionPolicies\":[\"override\",\"reuse\"],\"conflictResolutionPolicy\":\"override\"}],\"dataAdapters\":[],\"logicPackages\":[],\"customCodeResources\":[{\"name\":\"googleAPIProcessor.jar\",\"type\":\"jar\",\"conflictType\":\"name\",\"supportedConflictResolutionPolicies\":[\"override\",\"reuse\"],\"conflictResolutionPolicy\":\"override\"}]}"}