{"policyScope":"local","policyInfo":"{\"identitySvcs\":[],\"middlewareSvcs\":[{\"name\":\"StorageObjectServices\",\"version\":\"1.0\",\"type\":\"objectSvc\",\"conflictType\":\"name\",\"supportedConflictResolutionPolicies\":[\"override\",\"reuse\"],\"conflictResolutionPolicy\":\"reuse\"},{\"name\":\"EmployeeModelSchema\",\"version\":\"1.0\",\"type\":\"objectSvc\",\"conflictType\":\"name\",\"supportedConflictResolutionPolicies\":[\"override\",\"reuse\"],\"conflictResolutionPolicy\":\"reuse\"},{\"name\":\"EmployeeStorageObjects\",\"version\":\"1.0\",\"type\":\"orchestration\",\"conflictType\":\"name\",\"supportedConflictResolutionPolicies\":[\"override\",\"reuse\"],\"conflictResolutionPolicy\":\"reuse\"},{\"name\":\"fetchImageService\",\"version\":\"1.0\",\"type\":\"integration\",\"conflictType\":\"name\",\"supportedConflictResolutionPolicies\":[\"override\",\"reuse\"],\"conflictResolutionPolicy\":\"reuse\"}],\"dataAdapters\":[],\"logicPackages\":[],\"customCodeResources\":[]}"}