{
    "@class": "com.kony.gen.viz.model.component.KVizButton",
    "DNDConfig": null,
    "__parentReadjusting__": false,
    "_height_": {
        "type": "string",
        "value": "35%"
    },
    "_margin_": [
        6,
        6,
        6,
        6
    ],
    "_padding_": [
        0,
        0,
        0,
        0
    ],
    "_render_": true,
    "_skin_": "scb2072624f14a3bacabd4d7578d7e27",
    "_text_": "",
    "_width_": {
        "type": "string",
        "value": "5%"
    },
    "android": {
        "render": true
    },
    "canUpdateUI": true,
    "centerx": {
        "type": "string",
        "value": "90%"
    },
    "centery": {
        "type": "string",
        "value": "40%"
    },
    "containerweight": 100,
    "contentalignment": 5,
    "displaytext": false,
    "focusskin": "scb2072624f14a3bacabd4d7578d7e27",
    "id": "btnClearLocation",
    "ide_onClick": "AS_Button_ib9ed33b8bd14867971e7bb8a4d41f54",
    "info": null,
    "iphone": {
        "render": true
    },
    "isvisible": false,
    "kuid": "c855c907be2f4e83ba4aa37194d42976",
    "name": "kony.ui.Button",
    "parent": "flxHeader",
    "pf": "userwidgetmodel",
    "spaan": {
        "render": true
    },
    "spabb": {
        "render": false
    },
    "spaip": {
        "render": true
    },
    "spawinphone8": {
        "render": false
    },
    "wType": "Button",
    "winphone8": {
        "render": false
    },
    "zindex": 4
}