{
    "@class": "com.kony.gen.viz.model.component.KVizImage2",
    "DNDConfig": null,
    "__parentReadjusting__": false,
    "_base64_": null,
    "_height_": {
        "type": "string",
        "value": "55%"
    },
    "_left_": {
        "type": "string",
        "value": "22dp"
    },
    "_margin_": [
        0,
        0,
        0,
        0
    ],
    "_padding_": [
        0,
        0,
        0,
        0
    ],
    "_skin_": "s0e8ff23147c46a2a1ba81e94e250a9b",
    "_src_": "location_icon.png",
    "_top_": {
        "type": "string",
        "value": "2dp"
    },
    "_width_": {
        "type": "string",
        "value": "5%"
    },
    "canUpdateUI": true,
    "centerx": {
        "type": "string",
        "value": "10%"
    },
    "centery": {
        "type": "string",
        "value": "40%"
    },
    "containerweight": 100,
    "context": {
        "channel": "mobile",
        "formID": "uwu3f5fabf457b48cf9aac22c5593fe11e",
        "platform": "iphone",
        "templateType": "userwidgets",
        "topLevelBox": null
    },
    "id": "imgLocation",
    "imagescalemode": 1,
    "imagewhenfailed": null,
    "info": null,
    "invokedProperty": "src",
    "isvisible": true,
    "kuid": "ec53d26e6609491f81acc130c8ae6db4",
    "name": "kony.ui.Image2",
    "parent": "flxHeader",
    "pf": "userwidgetmodel",
    "srcType": 1,
    "wType": "Image",
    "widgetalignment": 5,
    "zindex": 1
}