{
    "@class": "com.kony.gen.viz.model.component.KVizTextBox2",
    "DNDConfig": null,
    "__parentReadjusting__": false,
    "_height_": {
        "type": "string",
        "value": "32%"
    },
    "_left_": {
        "type": "string",
        "value": "0%"
    },
    "_margin_": [
        0,
        0,
        0,
        0
    ],
    "_padding_": [
        8,
        0,
        8,
        0
    ],
    "_placeholder_": "Search Place or Category",
    "_skin_": "s6cef28e0bed4b1fa6891873879291c0",
    "_text_": "",
    "_width_": {
        "type": "string",
        "value": "90%"
    },
    "android": {
        "psp": {
            "keyboardActionLabel": 3
        }
    },
    "autocapitalize": "none",
    "autocomplete": false,
    "autocorrect": false,
    "autofilter": false,
    "canUpdateUI": true,
    "centerx": {
        "type": "string",
        "value": "51%"
    },
    "centery": {
        "type": "string",
        "value": "28%"
    },
    "containerheight": "",
    "containerheightmode": 1,
    "containerweight": 100,
    "contentalignment": 4,
    "focusskin": "s6cef28e0bed4b1fa6891873879291c0",
    "id": "txtPlaceOrCategory",
    "ide_onTextChange": "AS_TextField_fcabf0661af645f48ca7e4a198dfde07",
    "ide_onTouchStart": "AS_TextField_jeaa0c3e9b614c8faa88a4c1cb50efea",
    "info": null,
    "iphone": {
        "psp": {
            "closeButtonText": "Close",
            "keyboardActionLabel": 3,
            "showClearButton": false,
            "showCloseButton": true
        }
    },
    "isvisible": false,
    "keyboardactionlabel": 3,
    "keyboardtype": "A",
    "kuid": "c998881b7b934d6e8f95fd8b22cc1b86",
    "mode": "A",
    "name": "kony.ui.TextBox2",
    "paddinginpixel": false,
    "parent": "flxHeader",
    "pf": "userwidgetmodel",
    "placeholderskin": "s10125192d894b838e0bbf5fc3c7e31d",
    "securetextentry": false,
    "showclearbutton": false,
    "textinputmode": "A",
    "viewtype": "default",
    "wType": "TextField",
    "zindex": 1
}