{
    "DNDConfig": null,
    "_height_": {
        "type": "string",
        "value": "10%"
    },
    "_margin_": [
        0,
        0,
        0,
        0
    ],
    "_orientation_": 6,
    "_padding_": [
        0,
        0,
        0,
        0
    ],
    "_percent_": true,
    "_skin_": "s59e8c0b645e48c7bb3a8fba9b13de5a",
    "allboxes": [],
    "autogrowmode": 0,
    "canUpdateUI": true,
    "children": [
        "lblRecentSearchHeader"
    ],
    "clipbounds": true,
    "containerId": true,
    "containerweight": 100,
    "controllerInfo": {
        "default": {
            "channel": "mobile",
            "name": "flxHeaderController"
        }
    },
    "enablescrolling": true,
    "id": "flxHeader",
    "info": null,
    "isTemplate": true,
    "isvisible": true,
    "kuid": "fb9e4a627dba4e7795129435a2aebd0e",
    "layouttype": 2,
    "name": "kony.ui.FlexContainer",
    "parent": "tempRecentHeader",
    "pf": "tempRecentHeader",
    "snapgridsize": 10,
    "snaptogrid": true,
    "wType": "FlexContainer",
    "widgetalignment": 1
}