{
    "@class": "com.kony.gen.viz.model.component.KVizLabel",
    "DNDConfig": null,
    "__parentReadjusting__": false,
    "_height_": {
        "type": "string",
        "value": "100%"
    },
    "_left_": {
        "type": "string",
        "value": "0%"
    },
    "_margin_": [
        1,
        1,
        1,
        1
    ],
    "_padding_": [
        3,
        0,
        0,
        0
    ],
    "_skin_": "s26e157ea1f54f2bbc33bc4a0b97f8a0",
    "_text_": "Recent Search",
    "_top_": {
        "type": "string",
        "value": "0%"
    },
    "_width_": {
        "type": "string",
        "value": "100%"
    },
    "_wrapping_": 2,
    "android": {
        "textStyle": {
            "letterSpacing": 0,
            "strikeThrough": false
        }
    },
    "canUpdateUI": true,
    "containerId": true,
    "containerweight": 100,
    "contentalignment": 4,
    "id": "lblRecentSearchHeader",
    "info": null,
    "ipad": {
        "psp": {
            "wrapping": 2
        }
    },
    "iphone": {
        "psp": {
            "wrapping": 2
        }
    },
    "isvisible": true,
    "kuid": "f75c23c2995b4204be6dc6bc7979529a",
    "name": "kony.ui.Label",
    "paddinginpixel": false,
    "parent": "flxHeader",
    "pf": "tempRecentHeader",
    "tooltip": "",
    "wType": "Label",
    "zindex": 1
}