{
    "classname": "menucomponent",
    "definitions": {
        "apis": {
            "custom": [
                {
                    "kuid": "g555e0300b9240e484f8ae7af12842a6",
                    "paramList": [
                        {
                            "name": "booleanValue"
                        }
                    ],
                    "propertyKey": "enableDisableSearchButton",
                    "pw": {
                        "displayName": "enableDisableSearchButton",
                        "uiRepresentation": "Label-Label-Right"
                    },
                    "type": "api"
                },
                {
                    "kuid": "e0cdac998edc42ea9839b171744330be",
                    "paramList": [],
                    "propertyKey": "getSelectedCategory",
                    "pw": {
                        "displayName": "getSelectedCategory",
                        "uiRepresentation": "Label-Label-Right"
                    },
                    "type": "api"
                },
                {
                    "kuid": "ebb36d1ac4eb43c8a846082728be6d7f",
                    "paramList": [],
                    "propertyKey": "forceLayoutTheComponent",
                    "pw": {
                        "displayName": "forceLayoutTheComponent",
                        "uiRepresentation": "Label-Label-Right"
                    },
                    "type": "api"
                },
                {
                    "kuid": "e1deb14aee4c4a12bed49af20ed17c3c",
                    "paramList": [],
                    "propertyKey": "creatDynamicMenu",
                    "pw": {
                        "displayName": "creatDynamicMenu",
                        "uiRepresentation": "Label-Label-Right"
                    },
                    "type": "api"
                }
            ],
            "passthrough": []
        },
        "events": {
            "custom": [
                {
                    "kuid": "ga2a6d902962434fa50ad47e5e53fe4b",
                    "paramList": [
                        {
                            "name": "isSelected"
                        }
                    ],
                    "propertyKey": "selectedUnselectedImage",
                    "pw": {
                        "displayName": "selectedUnselectedImage",
                        "uiRepresentation": "Label-Label-Button-Button"
                    },
                    "srcWgtKUID": "m6a60d74349546fcb37b20aa5149b982",
                    "type": "event"
                }
            ],
            "passthrough": [
                {
                    "access": "Enable",
                    "kuid": "ecf45af6a91b43d48b312a1b5b149532",
                    "originalPropertyKey": "onClick",
                    "propertyKey": "onSearchSelectionClicked",
                    "pw": {
                        "access": "readwrite",
                        "category": "action",
                        "displayName": "onSearchSelectionClicked",
                        "srcWidget": "btnSearchSelection",
                        "type": "action",
                        "uiRepresentation": "Label-Label-Button-Button",
                        "wType": "Button"
                    },
                    "srcWgtKUID": "b77d0d85cfca4ee78543b7f01401c886"
                }
            ]
        },
        "groups": {
            "apis": [],
            "events": [],
            "properties": [
                "General"
            ],
            "widgets": []
        },
        "properties": {
            "custom": [
                {
                    "access": "Write",
                    "defaultValue": "konympPLsknFlexffffff",
                    "group": "General",
                    "kuid": "f866a1da0c9e42b8bcea76fc098450bb",
                    "originalPropertyKey": "menuContainerSkin",
                    "propertyKey": "menuContainerSkin",
                    "pw": {
                        "displayName": "Menu Container Skin",
                        "uiRepresentation": "Label-Textbox"
                    },
                    "srcWgtKUID": "m6a60d74349546fcb37b20aa5149b982",
                    "type": "string",
                    "value": ""
                }
            ],
            "passthrough": [
                {
                    "access": "Enable",
                    "kuid": "f785448af7e7466798adef3986f1ea3a",
                    "originalPropertyKey": "isVisible",
                    "propertyIndex": 1,
                    "propertyKey": "titleVisibility",
                    "pw": {
                        "access": "readwrite",
                        "category": "look",
                        "displayName": "Title Visibility",
                        "srcWidget": "lblTitle",
                        "type": "boolean",
                        "uiRepresentation": "Label-Radiobuttongroup",
                        "wType": "Label"
                    },
                    "srcWgtKUID": "e3dca6f9afe943dfba08fb1fa00eb12c"
                },
                {
                    "access": "Enable",
                    "kuid": "f597a3364f3c4ed184e47bd3632691e3",
                    "originalPropertyKey": "text",
                    "propertyIndex": 2,
                    "propertyKey": "titleText",
                    "pw": {
                        "access": "readwrite",
                        "category": "look",
                        "displayName": "Title Text",
                        "srcWidget": "lblTitle",
                        "type": "string",
                        "uiRepresentation": "Label-Textbox",
                        "wType": "Label"
                    },
                    "srcWgtKUID": "e3dca6f9afe943dfba08fb1fa00eb12c"
                },
                {
                    "access": "Enable",
                    "kuid": "jaa430b652d8472683c367669084abac",
                    "originalPropertyKey": "isVisible",
                    "propertyIndex": 3,
                    "propertyKey": "searchSelectionVisibility",
                    "pw": {
                        "access": "readwrite",
                        "category": "look",
                        "displayName": "Search Selection Visibility",
                        "srcWidget": "flxSearchSelection",
                        "type": "boolean",
                        "uiRepresentation": "Label-Radiobuttongroup",
                        "wType": "FlexContainer"
                    },
                    "srcWgtKUID": "a33ffd9aa702498cab49aa8a5ed6c04c"
                },
                {
                    "access": "Enable",
                    "kuid": "i025cad166fc4495abf4b0bb3c5923db",
                    "originalPropertyKey": "text",
                    "propertyIndex": 4,
                    "propertyKey": "searchButtonText",
                    "pw": {
                        "access": "readwrite",
                        "category": "look",
                        "displayName": "Search Button Text",
                        "srcWidget": "btnSearchSelection",
                        "type": "string",
                        "uiRepresentation": "Label-Textbox",
                        "wType": "Button"
                    },
                    "srcWgtKUID": "b77d0d85cfca4ee78543b7f01401c886"
                }
            ]
        },
        "widgets": {
            "expose": [],
            "passthrough": []
        }
    },
    "namespace": "com.konymp",
    "version": "1.0.0"
}