{
    "@class": "com.kony.gen.viz.model.component.KVizButton",
    "DNDConfig": null,
    "__parentReadjusting__": false,
    "_height_": {
        "type": "string",
        "value": "3.50%"
    },
    "_margin_": [
        6,
        6,
        6,
        6
    ],
    "_padding_": [
        0,
        0,
        0,
        0
    ],
    "_right_": {
        "type": "string",
        "value": "6%"
    },
    "_skin_": "s3b6783771d04e838f2753e81b07c178",
    "_text_": "A",
    "_top_": {
        "type": "string",
        "value": "0%"
    },
    "_width_": {
        "type": "string",
        "value": "56%"
    },
    "canUpdateUI": true,
    "containerweight": 100,
    "contentalignment": 5,
    "displaytext": true,
    "focusskin": "s3b6783771d04e838f2753e81b07c178",
    "id": "A",
    "ide_onClick": "AS_Button_f81abe2f93ac412aab46b47f027d30c1",
    "info": null,
    "isvisible": true,
    "kuid": "aa355b6aad9247aea50f8e2c26e84b64",
    "name": "kony.ui.Button",
    "paddinginpixel": false,
    "parent": "flxDictionary",
    "pf": "userwidgetmodel",
    "wType": "Button",
    "zindex": 10
}