{
    "@class": "com.kony.gen.viz.model.component.KVizButton",
    "DNDConfig": null,
    "__parentReadjusting__": false,
    "_height_": {
        "type": "string",
        "value": "100%"
    },
    "_left_": {
        "type": "string",
        "value": "0%"
    },
    "_margin_": [
        6,
        6,
        6,
        6
    ],
    "_padding_": [
        0,
        0,
        0,
        0
    ],
    "_skin_": "s36ec613324f4f31adc0ca15180725e2",
    "_text_": "",
    "_top_": {
        "type": "string",
        "value": "0%"
    },
    "_width_": {
        "type": "string",
        "value": "100%"
    },
    "canUpdateUI": true,
    "containerweight": 100,
    "contentalignment": 5,
    "displaytext": true,
    "focusskin": "s36ec613324f4f31adc0ca15180725e2",
    "id": "btnMenu",
    "info": null,
    "isvisible": true,
    "kuid": "hd57b782496c4023a5e23a2cce4fd150",
    "name": "kony.ui.Button",
    "parent": "flxMenu",
    "pf": "userwidgetmodel",
    "wType": "Button",
    "zindex": 3
}