{
    "@class": "com.kony.gen.viz.model.component.KVizButton",
    "DNDConfig": null,
    "__parentReadjusting__": false,
    "_height_": {
        "type": "string",
        "value": "0%"
    },
    "_left_": {
        "type": "string",
        "value": "0%"
    },
    "_margin_": [
        6,
        6,
        6,
        6
    ],
    "_padding_": [
        0,
        0,
        0,
        0
    ],
    "_skin_": "s37744b0378a41318c807a78127e7e01",
    "_text_": "",
    "_top_": {
        "type": "string",
        "value": "0%"
    },
    "_width_": {
        "type": "string",
        "value": "0%"
    },
    "canUpdateUI": true,
    "containerweight": 100,
    "contentalignment": 5,
    "displaytext": true,
    "focusskin": null,
    "id": "btnSecret",
    "info": null,
    "isvisible": false,
    "kuid": "h5a445d0a21747a9b136bf8f140a7c12",
    "name": "kony.ui.Button",
    "parent": "flxHeader",
    "pf": "userwidgetmodel",
    "wType": "Button",
    "zindex": 1
}