{
    "@class": "com.kony.gen.viz.model.component.KVizButton",
    "DNDConfig": null,
    "__parentReadjusting__": false,
    "_height_": {
        "type": "string",
        "value": "90%"
    },
    "_margin_": [
        6,
        6,
        6,
        6
    ],
    "_padding_": [
        0,
        0,
        0,
        0
    ],
    "_right_": {
        "type": "string",
        "value": "0%"
    },
    "_skin_": "s4ee2fb7037842b9ae90cd0c09209931",
    "_text_": "Cancel",
    "_width_": {
        "type": "string",
        "value": "16%"
    },
    "canUpdateUI": true,
    "centery": {
        "type": "string",
        "value": "50%"
    },
    "containerweight": 100,
    "contentalignment": 6,
    "displaytext": true,
    "focusskin": "s4ee2fb7037842b9ae90cd0c09209931",
    "id": "btnSearchCancel",
    "ide_onClick": "AS_Button_i1dcbfe09be14023ab3d25e5dce6e1f6",
    "info": null,
    "isvisible": false,
    "kuid": "f8db3cb58ebd443a90887533b7876e33",
    "name": "kony.ui.Button",
    "parent": "flxSearch",
    "pf": "userwidgetmodel",
    "wType": "Button",
    "zindex": 4
}