{
    "@class": "com.kony.gen.viz.model.component.KVizButton",
    "DNDConfig": null,
    "__parentReadjusting__": false,
    "_height_": {
        "type": "string",
        "value": "3.40%"
    },
    "_margin_": [
        6,
        6,
        6,
        6
    ],
    "_padding_": [
        0,
        0,
        0,
        0
    ],
    "_right_": {
        "type": "string",
        "value": "6%"
    },
    "_skin_": "s3b6783771d04e838f2753e81b07c178",
    "_text_": "D",
    "_top_": {
        "type": "string",
        "value": "11.40%"
    },
    "_width_": {
        "type": "string",
        "value": "56%"
    },
    "canUpdateUI": true,
    "containerweight": 100,
    "contentalignment": 5,
    "displaytext": true,
    "focusskin": "s3b6783771d04e838f2753e81b07c178",
    "id": "D",
    "ide_onClick": "AS_Button_a66c07e6344148e388d89ca3da3f7ff9",
    "info": null,
    "isvisible": true,
    "kuid": "e9a5a96009c946c794b6174d0142cdea",
    "name": "kony.ui.Button",
    "parent": "flxDictionary",
    "pf": "userwidgetmodel",
    "wType": "Button",
    "zindex": 10
}