{
    "@class": "com.kony.gen.viz.model.component.KVizButton",
    "DNDConfig": null,
    "__parentReadjusting__": false,
    "_height_": {
        "type": "string",
        "value": "3.40%"
    },
    "_margin_": [
        6,
        6,
        6,
        6
    ],
    "_padding_": [
        0,
        0,
        0,
        0
    ],
    "_right_": {
        "type": "string",
        "value": "6%"
    },
    "_skin_": "s3b6783771d04e838f2753e81b07c178",
    "_text_": "F",
    "_top_": {
        "type": "string",
        "value": "19%"
    },
    "_width_": {
        "type": "string",
        "value": "56%"
    },
    "canUpdateUI": true,
    "containerweight": 100,
    "contentalignment": 5,
    "displaytext": true,
    "focusskin": "s3b6783771d04e838f2753e81b07c178",
    "id": "F",
    "ide_onClick": "AS_Button_c208f9f851314e9295825367f25db91f",
    "info": null,
    "isvisible": true,
    "kuid": "fce2a306980144bbb9e7df0c00b1616d",
    "name": "kony.ui.Button",
    "parent": "flxDictionary",
    "pf": "userwidgetmodel",
    "wType": "Button",
    "zindex": 10
}