{
    "DNDConfig": null,
    "__parentReadjusting__": false,
    "_height_": {
        "type": "string",
        "value": "0.10%"
    },
    "_left_": {
        "type": "string",
        "value": "99%"
    },
    "_margin_": [
        0,
        0,
        0,
        0
    ],
    "_orientation_": 6,
    "_padding_": [
        0,
        0,
        0,
        0
    ],
    "_percent_": true,
    "_skin_": "s4165361bdc94bf4bcf75a23920cef6d",
    "_top_": {
        "type": "string",
        "value": "99%"
    },
    "_width_": {
        "type": "string",
        "value": "1%"
    },
    "allboxes": [],
    "autogrowmode": 0,
    "canUpdateUI": true,
    "children": [
        "bottomLabel"
    ],
    "clipbounds": true,
    "containerweight": 100,
    "enablescrolling": true,
    "id": "flxBottom",
    "info": null,
    "isvisible": true,
    "kuid": "j7e9adf1fdd54da1a4bf82d27623b889",
    "layouttype": 2,
    "name": "kony.ui.FlexContainer",
    "parent": "flxList",
    "pf": "userwidgetmodel",
    "snapgridsize": 10,
    "snaptogrid": true,
    "wType": "FlexContainer",
    "widgetalignment": 1,
    "zindex": 10
}