{
    "DNDConfig": null,
    "__parentReadjusting__": false,
    "_height_": {
        "type": "string",
        "value": "99%"
    },
    "_margin_": [
        0,
        0,
        0,
        0
    ],
    "_orientation_": 6,
    "_padding_": [
        0,
        0,
        0,
        0
    ],
    "_percent_": true,
    "_render_": true,
    "_right_": {
        "type": "string",
        "value": "1%"
    },
    "_skin_": "s4165361bdc94bf4bcf75a23920cef6d",
    "_top_": {
        "type": "string",
        "value": "1%"
    },
    "_width_": {
        "type": "string",
        "value": "8%"
    },
    "allboxes": [],
    "android": {
        "render": true
    },
    "autogrowmode": 0,
    "canUpdateUI": true,
    "children": [
        "A",
        "B",
        "C",
        "D",
        "E",
        "F",
        "G",
        "H",
        "I",
        "J",
        "K",
        "L",
        "M",
        "N",
        "O",
        "P",
        "Q",
        "R",
        "S",
        "T",
        "U",
        "V",
        "W",
        "X",
        "Y",
        "Z"
    ],
    "clipbounds": true,
    "containerweight": 100,
    "enablescrolling": true,
    "id": "flxDictionary",
    "ide_onTouchEnd": "AS_FlexContainer_c2ca92b3b7ce4f23bca4a08746ab875c",
    "ide_onTouchMove": "AS_FlexContainer_d4d4860de4534e04bc60477e92369e57",
    "info": null,
    "iphone": {
        "render": true
    },
    "isvisible": true,
    "kuid": "bc47fcf7c84842a2a316b566e3ed3bea",
    "layouttype": 2,
    "name": "kony.ui.FlexContainer",
    "parent": "flxList",
    "pf": "userwidgetmodel",
    "snapgridsize": 10,
    "snaptogrid": true,
    "spaan": {
        "render": true
    },
    "spabb": {
        "render": false
    },
    "spaip": {
        "render": true
    },
    "spawinphone8": {
        "render": true
    },
    "wType": "FlexContainer",
    "widgetalignment": 1,
    "winphone8": {
        "render": true
    },
    "zindex": 3
}