{
    "DNDConfig": null,
    "__parentReadjusting__": false,
    "_height_": {
        "type": "string",
        "value": "42.25%"
    },
    "_left_": {
        "type": "string",
        "value": "0%"
    },
    "_margin_": [
        0,
        0,
        0,
        0
    ],
    "_orientation_": 6,
    "_padding_": [
        0,
        0,
        0,
        0
    ],
    "_percent_": true,
    "_skin_": "s894d375a2634f8592807f0cc4a5dc6b",
    "_top_": {
        "type": "string",
        "value": "0%"
    },
    "_width_": {
        "type": "string",
        "value": "100%"
    },
    "allboxes": [],
    "autogrowmode": 0,
    "canUpdateUI": true,
    "children": [
        "flxHeaderBar",
        "flxEmployeeName",
        "flxEmployeeProfilePic",
        "FlxBackGround",
        "flxWrapper"
    ],
    "clipbounds": true,
    "containerweight": 100,
    "enablescrolling": true,
    "id": "flxDetailsHeader",
    "ide_onClick": "AS_FlexContainer_e8eacf497d014a869b4bc5127c5ca629",
    "info": null,
    "isvisible": true,
    "kuid": "b81579f89291485d9a7a9ac24e667ae7",
    "layouttype": 2,
    "name": "kony.ui.FlexContainer",
    "parent": "flxDetailsScreen",
    "pf": "userwidgetmodel",
    "snapgridsize": 10,
    "snaptogrid": true,
    "wType": "FlexContainer",
    "widgetalignment": 1,
    "zindex": 2
}