{
    "DNDConfig": null,
    "__parentReadjusting__": false,
    "_height_": {
        "type": "string",
        "value": "32dp"
    },
    "_left_": {
        "type": "string",
        "value": "84%"
    },
    "_margin_": [
        0,
        0,
        0,
        0
    ],
    "_orientation_": 6,
    "_padding_": [
        0,
        0,
        0,
        0
    ],
    "_percent_": true,
    "_skin_": "s3747f46be52406a82f2a25e399e81e7",
    "_width_": {
        "type": "string",
        "value": "32dp"
    },
    "allboxes": [],
    "autogrowmode": 0,
    "canUpdateUI": true,
    "centery": {
        "type": "string",
        "value": "60%"
    },
    "children": [
        "imgReportingTo"
    ],
    "clipbounds": true,
    "containerweight": 100,
    "enablescrolling": true,
    "id": "flxImageReportingManagerHolder",
    "info": null,
    "isvisible": true,
    "kuid": "aaa0f604c0ec4ccb9f244376fb080b3f",
    "layouttype": 2,
    "name": "kony.ui.FlexContainer",
    "parent": "reportingToFlex",
    "pf": "userwidgetmodel",
    "snapgridsize": 10,
    "snaptogrid": true,
    "wType": "FlexContainer",
    "widgetalignment": 1,
    "zindex": 2
}