{
    "DNDConfig": null,
    "__parentReadjusting__": false,
    "_height_": {
        "type": "string",
        "value": "88%"
    },
    "_left_": {
        "type": "string",
        "value": "0%"
    },
    "_margin_": [
        0,
        0,
        0,
        0
    ],
    "_orientation_": 6,
    "_padding_": [
        0,
        0,
        0,
        0
    ],
    "_percent_": true,
    "_skin_": "sd4c5fd25352447db99f984011a7d873",
    "_top_": {
        "type": "string",
        "value": "0%"
    },
    "_width_": {
        "type": "string",
        "value": "100%"
    },
    "allboxes": [],
    "allowhorizontalbounce": false,
    "allowverticalbounce": true,
    "bounces": false,
    "bouncesZoom": true,
    "canUpdateUI": true,
    "children": [
        "callMobileFlex",
        "callWorkFlex",
        "emailFlex",
        "departmentFlex",
        "reportingToFlex",
        "locationFlex",
        "wksFlex",
        "empFlex",
        "skypeFlex",
        "addressFlex",
        "timezoneFlex",
        "groupsFlex"
    ],
    "clipbounds": false,
    "containerweight": 100,
    "decelerat": false,
    "dragg": false,
    "enablescrolling": false,
    "horizontalscrollindicator": true,
    "id": "flxScrollDetails",
    "info": null,
    "ipad": {
        "psp": {
            "bouncesZoom": false
        }
    },
    "iphone": {
        "psp": {
            "bouncesZoom": false
        }
    },
    "isvisible": true,
    "kuid": "idf9ad6edadc454781dba55c8a94c82c",
    "layouttype": 4,
    "name": "kony.ui.FlexScrollContainer",
    "pagingenabled": false,
    "parent": "flxBody",
    "pf": "userwidgetmodel",
    "scrolldirection": 2,
    "snapgridsize": 10,
    "snaptogrid": false,
    "track": false,
    "verticalscrollindicator": false,
    "wType": "FlexScrollContainer",
    "widgetalignment": 1,
    "zindex": 2
}