{
    "DNDConfig": null,
    "__parentReadjusting__": false,
    "_height_": {
        "type": "string",
        "value": "18%"
    },
    "_left_": {
        "type": "string",
        "value": "0%"
    },
    "_margin_": [
        0,
        0,
        0,
        0
    ],
    "_orientation_": 6,
    "_padding_": [
        0,
        0,
        0,
        0
    ],
    "_percent_": true,
    "_skin_": "s4165361bdc94bf4bcf75a23920cef6d",
    "_top_": {
        "type": "string",
        "value": "78%"
    },
    "_width_": {
        "type": "string",
        "value": "100%"
    },
    "allboxes": [],
    "autogrowmode": 0,
    "canUpdateUI": true,
    "children": [
        "lblEmployeeName",
        "lblEmployeeDesignation"
    ],
    "clipbounds": true,
    "containerweight": 100,
    "enablescrolling": true,
    "id": "flxWrapper",
    "info": null,
    "isvisible": true,
    "kuid": "ca7229797de24dc8a53f9f6068ecfa5c",
    "layouttype": 2,
    "name": "kony.ui.FlexContainer",
    "parent": "flxDetailsHeader",
    "pf": "userwidgetmodel",
    "snapgridsize": 10,
    "snaptogrid": true,
    "wType": "FlexContainer",
    "widgetalignment": 1,
    "zindex": 5
}