{
    "@class": "com.kony.gen.viz.model.component.KVizButton",
    "DNDConfig": null,
    "__parentReadjusting__": false,
    "_height_": {
        "type": "string",
        "value": "3.40%"
    },
    "_margin_": [
        6,
        6,
        6,
        6
    ],
    "_padding_": [
        0,
        0,
        0,
        0
    ],
    "_right_": {
        "type": "string",
        "value": "6%"
    },
    "_skin_": "s3b6783771d04e838f2753e81b07c178",
    "_text_": "I",
    "_top_": {
        "type": "string",
        "value": "30.40%"
    },
    "_width_": {
        "type": "string",
        "value": "56%"
    },
    "canUpdateUI": true,
    "containerweight": 100,
    "contentalignment": 5,
    "displaytext": true,
    "focusskin": "s3b6783771d04e838f2753e81b07c178",
    "id": "I",
    "ide_onClick": "AS_Button_a2b948b0498c449aac3bdf1deb3fc9d5",
    "info": null,
    "isvisible": true,
    "kuid": "d5204fad66584337be661cae8a9df7ee",
    "name": "kony.ui.Button",
    "parent": "flxDictionary",
    "pf": "userwidgetmodel",
    "wType": "Button"
}