{
    "@class": "com.kony.gen.viz.model.component.KVizImage2",
    "DNDConfig": null,
    "__parentReadjusting__": false,
    "_base64_": null,
    "_height_": {
        "type": "string",
        "value": "100%"
    },
    "_left_": {
        "type": "string",
        "value": "0%"
    },
    "_margin_": [
        0,
        0,
        0,
        0
    ],
    "_padding_": [
        0,
        0,
        0,
        0
    ],
    "_skin_": "s315f5cfc2cd48bd96e1a252e3e200ef",
    "_src_": "konymp_ld_cover.png",
    "_top_": {
        "type": "string",
        "value": "0%"
    },
    "_width_": {
        "type": "string",
        "value": "100%"
    },
    "canUpdateUI": true,
    "containerweight": 100,
    "context": {
        "channel": "mobile",
        "formID": "uwu1bb66c48e4a444bb3070f470153b3b1",
        "platform": "iphone",
        "templateType": "userwidgets",
        "topLevelBox": null
    },
    "id": "imgCover",
    "imagescalemode": 0,
    "imagewhenfailed": "imagedrag.png",
    "imagewhiledownloading": "imagedrag.png",
    "info": null,
    "isvisible": true,
    "kuid": "gdd931780db3493aa26864d179769b9e",
    "name": "kony.ui.Image2",
    "parent": "FlxBackGround",
    "pf": "userwidgetmodel",
    "srcType": 1,
    "wType": "Image",
    "widgetalignment": 5,
    "zindex": 4
}