{
    "@class": "com.kony.gen.viz.model.component.KVizLabel",
    "DNDConfig": null,
    "__parentReadjusting__": false,
    "_height_": {
        "type": "string",
        "value": "9%"
    },
    "_margin_": [
        1,
        1,
        1,
        1
    ],
    "_padding_": [
        0,
        0,
        0,
        0
    ],
    "_render_": true,
    "_right_": {
        "type": "string",
        "value": "9%"
    },
    "_skin_": "sdb8c3fe310b43deb578dab8c4d2564e",
    "_text_": "A",
    "_top_": {
        "type": "string",
        "value": "130dp"
    },
    "_width_": {
        "type": "string",
        "value": "13%"
    },
    "_wrapping_": 2,
    "android": {
        "render": true,
        "textStyle": {
            "letterSpacing": 0,
            "strikeThrough": false
        }
    },
    "canUpdateUI": true,
    "containerweight": 100,
    "contentalignment": 5,
    "id": "lblDisplaySelectedIndex",
    "info": null,
    "ipad": {
        "psp": {
            "wrapping": 2
        }
    },
    "iphone": {
        "psp": {
            "wrapping": 2
        },
        "render": true
    },
    "isvisible": false,
    "kuid": "b4987eb0556941d487c58ffecb44c2b0",
    "name": "kony.ui.Label",
    "parent": "flxList",
    "pf": "userwidgetmodel",
    "spaan": {
        "render": true
    },
    "spabb": {
        "render": true
    },
    "spaip": {
        "render": true
    },
    "spawinphone8": {
        "render": true
    },
    "tooltip": "",
    "wType": "Label",
    "winphone8": {
        "render": true
    },
    "zindex": 5
}