{
    "@class": "com.kony.gen.viz.model.component.KVizLabel",
    "DNDConfig": null,
    "__parentReadjusting__": false,
    "_height_": {
        "type": "ref",
        "value": "preferred"
    },
    "_left_": {
        "type": "string",
        "value": "7%"
    },
    "_margin_": [
        1,
        1,
        1,
        1
    ],
    "_padding_": [
        0,
        0,
        0,
        0
    ],
    "_skin_": "sf32ed7a10c44574837c154b5defeafb",
    "_text_": "Cycling,Trecking and Adventure",
    "_top_": {
        "type": "string",
        "value": "15dp"
    },
    "_width_": {
        "type": "string",
        "value": "80%"
    },
    "_wrapping_": 2,
    "android": {
        "textStyle": {
            "letterSpacing": 0,
            "strikeThrough": false
        }
    },
    "canUpdateUI": true,
    "containerweight": 100,
    "contentalignment": 4,
    "id": "lblGroupsValue",
    "info": null,
    "ipad": {
        "psp": {
            "wrapping": 2
        }
    },
    "iphone": {
        "psp": {
            "wrapping": 2
        }
    },
    "isvisible": true,
    "kuid": "d6f4276d13e9436bb9fdd244ff5945f8",
    "name": "kony.ui.Label",
    "parent": "groupsFlex",
    "pf": "userwidgetmodel",
    "tooltip": "",
    "wType": "Label",
    "zindex": 1
}