{
    "@class": "com.kony.gen.viz.model.component.KVizButton",
    "DNDConfig": null,
    "__parentReadjusting__": false,
    "_height_": {
        "type": "string",
        "value": "3.40%"
    },
    "_margin_": [
        6,
        6,
        6,
        6
    ],
    "_padding_": [
        0,
        0,
        0,
        0
    ],
    "_right_": {
        "type": "string",
        "value": "6%"
    },
    "_skin_": "s3b6783771d04e838f2753e81b07c178",
    "_text_": "M",
    "_top_": {
        "type": "string",
        "value": "45.60%"
    },
    "_width_": {
        "type": "string",
        "value": "56%"
    },
    "canUpdateUI": true,
    "containerweight": 100,
    "contentalignment": 5,
    "displaytext": true,
    "focusskin": "s3b6783771d04e838f2753e81b07c178",
    "id": "M",
    "ide_onClick": "AS_Button_b31b196da37a448badc4b0bb9d2cfd19",
    "info": null,
    "isvisible": true,
    "kuid": "af4c30d8fbb74366b3753f5bdaf59b3e",
    "name": "kony.ui.Button",
    "parent": "flxDictionary",
    "pf": "userwidgetmodel",
    "wType": "Button"
}