{
    "@class": "com.kony.gen.viz.model.container.KVizSegment2",
    "DNDConfig": null,
    "__parentReadjusting__": false,
    "_data_": [
        {},
        {},
        {}
    ],
    "_height_": {
        "type": "string",
        "value": "100%"
    },
    "_indicator_": "none",
    "_left_": {
        "type": "string",
        "value": "0dp"
    },
    "_margin_": [
        0,
        0,
        0,
        0
    ],
    "_orientation_": 2,
    "_padding_": [
        0,
        0,
        0,
        0
    ],
    "_top_": {
        "type": "string",
        "value": "0dp"
    },
    "_width_": {
        "type": "string",
        "value": "100%"
    },
    "autogrowmode": 0,
    "canUpdateUI": true,
    "containerweight": 100,
    "counter": "02",
    "focusedindex": null,
    "focuseditem": null,
    "groupcells": false,
    "hasSections": false,
    "id": "segEmployees",
    "ide_onRowClick": "AS_Segment_feaf4d19ded34c0ea57266096d9945a9",
    "ide_onTouchEnd": "AS_Segment_ebcc21eb5a4a48c9b9d30071b4461839",
    "ide_onTouchMove": "AS_Segment_b109dcef159046b187f83e2c78fddfab",
    "info": null,
    "ipad": {
        "psp": {
            "indicator": "rowselect"
        }
    },
    "iphone": {
        "psp": {
            "indicator": "none"
        }
    },
    "isvisible": false,
    "kuid": "gb257b2093464d50bfba8031ff5aee36",
    "masterdata": {},
    "mobile": {
        "_data_": [
            {
                "department": {
                    "@class": "com.viz.ide.model.segment.SimpleTextSegmentData",
                    "text": "Department"
                },
                "designation": {
                    "@class": "com.viz.ide.model.segment.SimpleTextSegmentData",
                    "text": "Designation"
                },
                "empimage": {
                    "@class": "com.viz.ide.model.segment.ImageSegmentData",
                    "src": "user_profile2.png"
                },
                "empname": {
                    "@class": "com.viz.ide.model.segment.SimpleTextSegmentData",
                    "text": "Acker,clara"
                },
                "lblChild": {
                    "@class": "com.viz.ide.model.segment.SimpleTextSegmentData",
                    "text": "lbl"
                },
                "lblInvisible": {
                    "@class": "com.viz.ide.model.segment.SimpleTextSegmentData",
                    "text": "a"
                }
            },
            {
                "department": {
                    "@class": "com.viz.ide.model.segment.SimpleTextSegmentData",
                    "text": "Department"
                },
                "designation": {
                    "@class": "com.viz.ide.model.segment.SimpleTextSegmentData",
                    "text": "Designation"
                },
                "empimage": {
                    "@class": "com.viz.ide.model.segment.ImageSegmentData",
                    "src": "user_profile2.png"
                },
                "empname": {
                    "@class": "com.viz.ide.model.segment.SimpleTextSegmentData",
                    "text": "Acker,clara"
                },
                "lblChild": {
                    "@class": "com.viz.ide.model.segment.SimpleTextSegmentData",
                    "text": "lbl"
                },
                "lblInvisible": {
                    "@class": "com.viz.ide.model.segment.SimpleTextSegmentData",
                    "text": "a"
                }
            },
            {
                "department": {
                    "@class": "com.viz.ide.model.segment.SimpleTextSegmentData",
                    "text": "Department"
                },
                "designation": {
                    "@class": "com.viz.ide.model.segment.SimpleTextSegmentData",
                    "text": "Designation"
                },
                "empimage": {
                    "@class": "com.viz.ide.model.segment.ImageSegmentData",
                    "src": "user_profile2.png"
                },
                "empname": {
                    "@class": "com.viz.ide.model.segment.SimpleTextSegmentData",
                    "text": "Acker,clara"
                },
                "lblChild": {
                    "@class": "com.viz.ide.model.segment.SimpleTextSegmentData",
                    "text": "lbl"
                },
                "lblInvisible": {
                    "@class": "com.viz.ide.model.segment.SimpleTextSegmentData",
                    "text": "a"
                }
            }
        ],
        "rowTemplateId": "e3727f54b3c04fc4a62e7a22287362de",
        "rowtemplate": "datacontainer",
        "selectionBehaviorConfig": {},
        "widgetdatamap": {
            "colorflx": "colorflx",
            "datacontainer": "datacontainer",
            "department": "department",
            "designation": "designation",
            "empimage": "empimage",
            "empname": "empname",
            "flxImageHolder": "flxImageHolder",
            "flxOnline": "flxOnline",
            "lblChild": "lblChild",
            "lblInvisible": "lblInvisible"
        }
    },
    "name": "kony.ui.SegmentedUI2",
    "needpageindicator": true,
    "pageoffdotimage": "pageoffdot.png",
    "pageondotimage": "pageondot.png",
    "paginationconfig": {
        "position": "bottom"
    },
    "parent": "flxSeg",
    "pf": "userwidgetmodel",
    "retainselection": false,
    "rowcounter": 2,
    "rowfocusskin": "s3c1199d91704a54aca6213b019b2d77",
    "rowskin": "sc55424b460542b59d6e24cdf40c6565",
    "rowtemplate": null,
    "screenlevelwidget": false,
    "seccounter": 0,
    "sectionheaderskin": "sa663366c78142678770cb7d4d03a87e",
    "selectedRows": null,
    "selectedState": false,
    "selectedindex": null,
    "selectedindices": null,
    "selecteditems": null,
    "selectedsectionindex": 0,
    "selectionbehavior": "default",
    "separatorcolor": "64646400",
    "separatorrequired": false,
    "separatorthickness": 0,
    "showscrollbars": false,
    "viewtype": "tableview",
    "wType": "Segment",
    "widgetalignment": 5,
    "widgetdatamap": {
        "colorflx": "colorflx",
        "datacontainer": "datacontainer",
        "department": "department",
        "designation": "designation",
        "empimage": "empimage",
        "empname": "empname",
        "flxImageHolder": "flxImageHolder",
        "flxOnline": "flxOnline",
        "lblChild": "lblChild",
        "lblInvisible": "lblInvisible"
    },
    "zindex": 2
}