{
    "@class": "com.kony.gen.viz.model.component.KVizButton",
    "DNDConfig": null,
    "__parentReadjusting__": false,
    "_height_": {
        "type": "string",
        "value": "3.40%"
    },
    "_margin_": [
        6,
        6,
        6,
        6
    ],
    "_padding_": [
        0,
        0,
        0,
        0
    ],
    "_right_": {
        "type": "string",
        "value": "6%"
    },
    "_skin_": "s3b6783771d04e838f2753e81b07c178",
    "_text_": "T",
    "_top_": {
        "type": "string",
        "value": "72.20%"
    },
    "_width_": {
        "type": "string",
        "value": "56%"
    },
    "canUpdateUI": true,
    "containerweight": 100,
    "contentalignment": 5,
    "displaytext": true,
    "focusskin": "s3b6783771d04e838f2753e81b07c178",
    "id": "T",
    "ide_onClick": "AS_Button_gdb3c93a75544e3bbcc8b0560462da65",
    "info": null,
    "isvisible": true,
    "kuid": "c189ec3456ff466db74d2998d1c97b13",
    "name": "kony.ui.Button",
    "parent": "flxDictionary",
    "pf": "userwidgetmodel",
    "wType": "Button"
}