{
    "@class": "com.kony.gen.viz.model.component.KVizTextBox2",
    "DNDConfig": null,
    "__parentReadjusting__": false,
    "_height_": {
        "type": "string",
        "value": "100%"
    },
    "_left_": {
        "type": "string",
        "value": "0%"
    },
    "_margin_": [
        0,
        0,
        0,
        0
    ],
    "_padding_": [
        10,
        0,
        0,
        0
    ],
    "_placeholder_": "",
    "_skin_": "s632c53fd0ae4055afcb0067a6c722eb",
    "_text_": "",
    "_top_": {
        "type": "string",
        "value": "0%"
    },
    "_width_": {
        "type": "string",
        "value": "100%"
    },
    "android": {},
    "autocapitalize": "none",
    "autocomplete": false,
    "autocorrect": false,
    "autofilter": false,
    "canUpdateUI": true,
    "containerheight": "",
    "containerheightmode": 1,
    "containerweight": 100,
    "contentalignment": 4,
    "focusskin": "s632c53fd0ae4055afcb0067a6c722eb",
    "id": "tbxSearch",
    "ide_onDone": "AS_TextField_jfa70935b4a144d98ad289b16b430b9b",
    "ide_onTextChange": "AS_TextField_hcd25907c3e04cad87f1e1c1390b5e98",
    "ide_onTouchStart": "AS_TextField_f5acbae24da54338aedcc6ebc18c150f",
    "info": null,
    "iphone": {
        "psp": {
            "closeButtonText": "",
            "showClearButton": false,
            "showCloseButton": false
        }
    },
    "isvisible": true,
    "keyboardtype": "A",
    "kuid": "a63c9467ac574cbaad7c502c0b585742",
    "mode": "A",
    "name": "kony.ui.TextBox2",
    "paddinginpixel": false,
    "parent": "flxSearch",
    "pf": "userwidgetmodel",
    "placeholderskin": "s632c53fd0ae4055afcb0067a6c722eb",
    "securetextentry": false,
    "showclearbutton": true,
    "textinputmode": "A",
    "viewtype": "default",
    "wType": "TextField",
    "zindex": 5
}