{
    "@class": "com.kony.gen.viz.model.container.KVizForm",
    "DNDConfig": null,
    "_margin_": [
        0,
        0,
        0,
        0
    ],
    "_orientation_": 1,
    "_padding_": [
        0,
        0,
        0,
        0
    ],
    "_percent_": true,
    "_skin_": "sd5a49a4de524b6ab2bd0212d675bfb1",
    "_title_": null,
    "addWidgetsdone": false,
    "allboxes": [],
    "canUpdateUI": true,
    "children": [
        "listdetail"
    ],
    "containerweight": 100,
    "currentLocale": "default",
    "device": "iPhoneX",
    "displayorientation": 3,
    "enabledforidletimeout": false,
    "globalUserWidgetRefs": [
        "uf2e3d61c5ce4096b684c270a8a68864",
        "u51d153c96984ad0b2a9be498d4487d7",
        "u477f31f3ecf4f189142f635e9e83d69",
        "u85509344973429cb781e5edb01d6319",
        "u52320e1c56a4144b62ffaffc077bf6c",
        "u833439f9041484ca21bd7b03b47eb63",
        "u64a5c39bf874e1bae02c71aea2d84cd",
        "u94e0f0c89474ec19038b4774f45b244",
        "u9e1f954c66e443e9d7981fdcebc0c7b"
    ],
    "id": "userwidgetmodel",
    "info": null,
    "initdone": false,
    "inputaccessoryviewtype": 4,
    "intransitionconfig": {
        "formTransition": "None"
    },
    "isvisible": true,
    "kuid": "u1bb66c48e4a444bb3070f470153b3b1",
    "layouttype": 2,
    "masterType": 1,
    "name": "kony.ui.Form2",
    "needappmenu": true,
    "outtransitionconfig": {
        "formTransition": "None"
    },
    "paddinginpixel": false,
    "platform": "iphone",
    "prevDevice": "iPhoneX",
    "prevPlatform": "iphone",
    "retainscrollposition": false,
    "shellCSS": "iOS_iPhone6",
    "titleBarSkin": "sa80ac0e90214bafa55df1a8a92a7487",
    "titlebar": true,
    "type": 3,
    "wType": "Form"
}