{
    "DNDConfig": null,
    "__parentReadjusting__": false,
    "_height_": {
        "type": "string",
        "value": "17%"
    },
    "_left_": {
        "type": "string",
        "value": "2.03%"
    },
    "_margin_": [
        0,
        0,
        0,
        0
    ],
    "_orientation_": 6,
    "_padding_": [
        0,
        0,
        0,
        0
    ],
    "_percent_": true,
    "_skin_": "s525d8337bb7467aa4098a24d8b2ae2b",
    "_top_": {
        "type": "string",
        "value": "80%"
    },
    "_width_": {
        "type": "string",
        "value": "46.01%"
    },
    "allboxes": [],
    "autogrowmode": 0,
    "canUpdateUI": true,
    "children": [
        "lblDismiss",
        "lblOK"
    ],
    "clipbounds": true,
    "containerweight": 100,
    "enablescrolling": true,
    "id": "flxDismiss",
    "ide_onClick": "AS_FlexContainer_975edc50a86d42ee8ae015d17252e8ab",
    "info": null,
    "isvisible": true,
    "kuid": "u803dddc1b8c4d538d3debeb173a3aac",
    "layouttype": 2,
    "name": "kony.ui.FlexContainer",
    "parent": "flxRate",
    "pf": "userwidgetmodel",
    "snapgridsize": 10,
    "snaptogrid": true,
    "wType": "FlexContainer",
    "widgetalignment": 1,
    "zindex": 2
}