{
    "DNDConfig": null,
    "__parentReadjusting__": false,
    "_height_": {
        "type": "string",
        "value": "45.88%"
    },
    "_left_": {
        "type": "string",
        "value": "4.27%"
    },
    "_margin_": [
        0,
        0,
        0,
        0
    ],
    "_orientation_": 6,
    "_padding_": [
        0,
        0,
        0,
        0
    ],
    "_percent_": true,
    "_skin_": "sb0cd497a9bc46ca84eb717e5eb88a8f",
    "_top_": {
        "type": "string",
        "value": "27.39%"
    },
    "_width_": {
        "type": "string",
        "value": "91.47%"
    },
    "allboxes": [],
    "autogrowmode": 0,
    "canUpdateUI": true,
    "children": [
        "lblMsg",
        "flxStar",
        "lblDesc",
        "lbl1",
        "lbl2",
        "txtFeedback",
        "flxDismiss",
        "flxSubmit"
    ],
    "clipbounds": true,
    "containerweight": 100,
    "enablescrolling": true,
    "id": "flxRate",
    "info": null,
    "isvisible": true,
    "kuid": "u4d950e778a746f4a08fefbf180264fa",
    "layouttype": 2,
    "name": "kony.ui.FlexContainer",
    "parent": "flxOverlay",
    "pf": "userwidgetmodel",
    "snapgridsize": 10,
    "snaptogrid": true,
    "wType": "FlexContainer",
    "widgetalignment": 1,
    "zindex": 1
}