{
    "DNDConfig": null,
    "__parentReadjusting__": false,
    "_height_": {
        "type": "string",
        "value": "8.39%"
    },
    "_left_": {
        "type": "string",
        "value": "20.90%"
    },
    "_margin_": [
        0,
        0,
        0,
        0
    ],
    "_orientation_": 6,
    "_padding_": [
        0,
        0,
        0,
        0
    ],
    "_percent_": true,
    "_right_": {
        "type": "string",
        "value": "20.50%"
    },
    "_skin_": "s525d8337bb7467aa4098a24d8b2ae2b",
    "_top_": {
        "type": "string",
        "value": "31.74%"
    },
    "_width_": {
        "type": "string",
        "value": "44.95%"
    },
    "allboxes": [],
    "autogrowmode": 0,
    "canUpdateUI": true,
    "centerx": {
        "type": "string",
        "value": "50%"
    },
    "children": [
        "flxStar1",
        "flxStar2",
        "flxStar3",
        "flxStar4",
        "flxStar5"
    ],
    "clipbounds": true,
    "containerweight": 100,
    "enablescrolling": true,
    "id": "flxStar",
    "info": null,
    "isvisible": true,
    "kuid": "u4fb3083376044189045a82de649e486",
    "layouttype": 3,
    "name": "kony.ui.FlexContainer",
    "parent": "flxRate",
    "pf": "userwidgetmodel",
    "snapgridsize": 10,
    "snaptogrid": true,
    "wType": "FlexContainer",
    "widgetalignment": 1,
    "zindex": 1
}