{
    "DNDConfig": null,
    "__parentReadjusting__": false,
    "_height_": {
        "type": "string",
        "value": "17%"
    },
    "_left_": {
        "type": "string",
        "value": "52.48%"
    },
    "_margin_": [
        0,
        0,
        0,
        0
    ],
    "_orientation_": 6,
    "_padding_": [
        0,
        0,
        0,
        0
    ],
    "_percent_": true,
    "_skin_": "s525d8337bb7467aa4098a24d8b2ae2b",
    "_top_": {
        "type": "string",
        "value": "80%"
    },
    "_width_": {
        "type": "string",
        "value": "46.01%"
    },
    "allboxes": [],
    "autogrowmode": 0,
    "canUpdateUI": true,
    "children": [
        "lblSubmit"
    ],
    "clipbounds": true,
    "containerweight": 100,
    "enablescrolling": true,
    "id": "flxSubmit",
    "ide_onClick": "AS_FlexContainer_0a4cb74ad24442f79326229f7b72599c",
    "info": null,
    "isvisible": true,
    "kuid": "ub7b87ecaaf546249408bc00d8a74b40",
    "layouttype": 2,
    "name": "kony.ui.FlexContainer",
    "parent": "flxRate",
    "pf": "userwidgetmodel",
    "snapgridsize": 10,
    "snaptogrid": true,
    "wType": "FlexContainer",
    "widgetalignment": 1,
    "zindex": 2
}