{
    "@class": "com.kony.gen.viz.model.component.KVizLabel",
    "DNDConfig": null,
    "__parentReadjusting__": false,
    "_height_": {
        "type": "string",
        "value": "10%"
    },
    "_left_": {
        "type": "string",
        "value": "26.68%"
    },
    "_margin_": [
        1,
        1,
        1,
        1
    ],
    "_padding_": [
        0,
        0,
        0,
        0
    ],
    "_skin_": "sbec38934aa242b79956b6d36d3de085",
    "_text_": "Please rate our App",
    "_top_": {
        "type": "string",
        "value": "18.61%"
    },
    "_width_": {
        "type": "string",
        "value": "90%"
    },
    "_wrapping_": 2,
    "android": {
        "textStyle": {
            "letterSpacing": 0,
            "strikeThrough": false
        }
    },
    "canUpdateUI": true,
    "centerx": {
        "type": "string",
        "value": "50%"
    },
    "containerweight": 100,
    "contentalignment": 5,
    "id": "lblMsg",
    "info": null,
    "ipad": {
        "psp": {
            "wrapping": 2
        }
    },
    "iphone": {
        "psp": {
            "wrapping": 2
        }
    },
    "isvisible": true,
    "kuid": "u187691bc5fa46279593036a7658fbeb",
    "maxnumberoflines": 1,
    "name": "kony.ui.Label",
    "parent": "flxRate",
    "pf": "userwidgetmodel",
    "texttruncateposition": 0,
    "tooltip": "",
    "wType": "Label",
    "zindex": 1
}