{
    "@class": "com.kony.gen.viz.model.component.KVizTextArea2",
    "DNDConfig": null,
    "__parentReadjusting__": false,
    "_height_": {
        "type": "string",
        "value": "40.20%"
    },
    "_left_": {
        "type": "string",
        "value": "5.23%"
    },
    "_margin_": [
        2,
        2,
        2,
        2
    ],
    "_padding_": [
        2,
        2,
        2,
        2
    ],
    "_placeholder_": "Enter your message",
    "_render_": true,
    "_right_": {
        "type": "string",
        "value": "5.23%"
    },
    "_skin_": "s987190672bd417785a17de6ca1f4657",
    "_text_": "",
    "_top_": {
        "type": "string",
        "value": "31.05%"
    },
    "android": {
        "render": true
    },
    "autocapitalize": "none",
    "autocomplete": false,
    "autocorrect": false,
    "autofilter": false,
    "canUpdateUI": true,
    "closebuttontext": "",
    "containerheight": "",
    "containerheightmode": 1,
    "containerweight": 100,
    "contentalignment": 1,
    "focusskin": "sc46c723a18d49d6b5cf9f74edc34e16",
    "id": "txtFeedback",
    "ide_onTextChange": "AS_TextArea_dfdb456220b34d8f87e037d1d7b0ad72",
    "info": null,
    "iphone": {
        "render": true
    },
    "isvisible": false,
    "keyboardstyle": "A",
    "keyboardtype": "A",
    "kuid": "uaf11173c85c41538160fcd956a65516",
    "mode": "A",
    "name": "kony.ui.TextArea2",
    "numberofvisiblelines": 3,
    "parent": "flxRate",
    "pf": "userwidgetmodel",
    "securetextentry": false,
    "showoprogressindicator": false,
    "showprogressindicator": false,
    "spaan": {
        "render": true
    },
    "spabb": {
        "render": true
    },
    "spaip": {
        "render": true
    },
    "spawinphone8": {
        "render": true
    },
    "textinputmode": "A",
    "viewtype": "default",
    "wType": "TextArea",
    "winphone8": {
        "render": true
    },
    "zindex": 4
}