{
    "classname": "listdetail",
    "definitions": {
        "apis": {
            "custom": [],
            "passthrough": []
        },
        "events": {
            "custom": [],
            "passthrough": [
                {
                    "access": "Enable",
                    "group": "General",
                    "kuid": "a8f4e881481c48d5847b0231606a47ab",
                    "originalPropertyKey": "onClick",
                    "propertyIndex": 1,
                    "propertyKey": "leftMenuClick",
                    "pw": {
                        "access": "readwrite",
                        "category": "action",
                        "displayName": "leftMenuClick",
                        "srcWidget": "btnMenu",
                        "type": "action",
                        "uiRepresentation": "Label-Label-Button-Button",
                        "wType": "Button"
                    },
                    "srcWgtKUID": "hd57b782496c4023a5e23a2cce4fd150"
                },
                {
                    "access": "Enable",
                    "group": "General",
                    "kuid": "id610f6d5b6442b89e87d20d74dad221",
                    "originalPropertyKey": "onClick",
                    "propertyIndex": 2,
                    "propertyKey": "rightMenuClick",
                    "pw": {
                        "access": "readwrite",
                        "category": "action",
                        "displayName": "rightMenuClick",
                        "srcWidget": "btnFilter",
                        "type": "action",
                        "uiRepresentation": "Label-Label-Button-Button",
                        "wType": "Button"
                    },
                    "srcWgtKUID": "b6c6afe6bc8c4c85b981f55d707c1956"
                }
            ]
        },
        "groups": {
            "apis": [],
            "events": [],
            "properties": [
                "Header",
                "Search",
                "Images",
                "Hamburger Menu",
                "Filter Menu",
                "Details Screen"
            ]
        },
        "properties": {
            "custom": [
                {
                    "access": "Write",
                    "defaultValue": true,
                    "group": "Search",
                    "kuid": "b5152fa30c1142b9a4ca8689e8b92f00",
                    "originalPropertyKey": "isSearchVisible",
                    "propertyIndex": 1,
                    "propertyKey": "isSearchVisible",
                    "pw": {
                        "displayName": "Visibility",
                        "uiRepresentation": "Label-Radiobuttongroup"
                    },
                    "srcWgtKUID": "fce0f5a731f34c17893b11298cf34797",
                    "type": "boolean",
                    "value": "true/false"
                },
                {
                    "access": "Write",
                    "defaultValue": "konymp_ld_profile.png",
                    "group": "Images",
                    "kuid": "f80b4eafd0ae44dab21a171a240ea851",
                    "originalPropertyKey": "defaultProfileSrc",
                    "propertyIndex": 1,
                    "propertyKey": "defaultProfileSrc",
                    "pw": {
                        "displayName": "Profile Image",
                        "uiRepresentation": "Label-Textbox"
                    },
                    "srcWgtKUID": "fce0f5a731f34c17893b11298cf34797",
                    "type": "string",
                    "value": ""
                },
                {
                    "access": "Write",
                    "defaultValue": true,
                    "group": "Header",
                    "kuid": "b8ff9891099849ca8c676e08f5b5cbad",
                    "originalPropertyKey": "isHeaderVisible",
                    "propertyIndex": 1,
                    "propertyKey": "isHeaderVisible",
                    "pw": {
                        "displayName": "Visibility",
                        "uiRepresentation": "Label-Radiobuttongroup"
                    },
                    "srcWgtKUID": "fce0f5a731f34c17893b11298cf34797",
                    "type": "boolean",
                    "value": "true/false"
                },
                {
                    "access": "Write",
                    "defaultValue": "konymp_ld_cover.png",
                    "group": "Images",
                    "kuid": "d99ca05b76eb4b22bd204b6f5487be2c",
                    "originalPropertyKey": "defaultCoverSrc",
                    "propertyIndex": 2,
                    "propertyKey": "defaultCoverSrc",
                    "pw": {
                        "displayName": "Cover Image",
                        "uiRepresentation": "Label-Textbox"
                    },
                    "srcWgtKUID": "fce0f5a731f34c17893b11298cf34797",
                    "type": "string",
                    "value": ""
                },
                {
                    "access": "Write",
                    "defaultValue": true,
                    "group": "General",
                    "kuid": "fbe44d654ec5446287ca65551ec147d3",
                    "originalPropertyKey": "isStatusVisible",
                    "propertyIndex": 16,
                    "propertyKey": "isStatusVisible",
                    "pw": {
                        "displayName": "Status Icon",
                        "uiRepresentation": "Label-Radiobuttongroup"
                    },
                    "srcWgtKUID": "fce0f5a731f34c17893b11298cf34797",
                    "type": "boolean",
                    "value": "true/false"
                }
            ],
            "passthrough": [
                {
                    "access": "Enable",
                    "group": "Filter Menu",
                    "kuid": "hef4803433684492ad3280d94ce8038f",
                    "originalPropertyKey": "isVisible",
                    "propertyIndex": 1,
                    "propertyKey": "isFilterVisible",
                    "pw": {
                        "access": "readwrite",
                        "category": "look",
                        "displayName": "Visibility",
                        "srcWidget": "flxFilter",
                        "type": "boolean",
                        "uiRepresentation": "Label-Radiobuttongroup",
                        "wType": "FlexContainer"
                    },
                    "srcWgtKUID": "a14d064afe09499b9b62ba826039218b"
                },
                {
                    "access": "Enable",
                    "group": "General",
                    "kuid": "c7c8d134bd814740af35b047f63190dd",
                    "originalPropertyKey": "isVisible",
                    "propertyIndex": 1,
                    "propertyKey": "isDictionaryVisible",
                    "pw": {
                        "access": "readwrite",
                        "category": "look",
                        "displayName": "Dictionary",
                        "srcWidget": "flxDictionary",
                        "type": "boolean",
                        "uiRepresentation": "Label-Radiobuttongroup",
                        "wType": "FlexContainer"
                    },
                    "srcWgtKUID": "bc47fcf7c84842a2a316b566e3ed3bea"
                },
                {
                    "access": "Enable",
                    "group": "Details Screen",
                    "kuid": "b36eb78c50d44d94bbb2b0b48944b25c",
                    "originalPropertyKey": "src",
                    "propertyIndex": 1,
                    "propertyKey": "headerBackSrc",
                    "pw": {
                        "access": "readwrite",
                        "category": "widget",
                        "displayName": "Header Back Icon",
                        "srcWidget": "imgBack",
                        "type": "string",
                        "uiConfig": {
                            "Button": {
                                "dataRetrieverId": "Imagelist",
                                "dataUpdaterId": "Imagelist",
                                "popupId": "Imagelist",
                                "type": "ImageEditBtn"
                            },
                            "Label": {}
                        },
                        "uiRepresentation": "Label-Label-Button",
                        "wType": "Image"
                    },
                    "srcWgtKUID": "b3ead12386fc40e0b2255ade68775303"
                },
                {
                    "access": "Enable",
                    "group": "Hamburger Menu",
                    "kuid": "c306bbf50d32422f9b51d842c95d8e7f",
                    "originalPropertyKey": "isVisible",
                    "propertyIndex": 1,
                    "propertyKey": "isHamburgerVisible",
                    "pw": {
                        "access": "readwrite",
                        "category": "look",
                        "displayName": "Visibility",
                        "srcWidget": "flxMenu",
                        "type": "boolean",
                        "uiRepresentation": "Label-Radiobuttongroup",
                        "wType": "FlexContainer"
                    },
                    "srcWgtKUID": "a8ceb075fc824708b22d98554088a2eb"
                },
                {
                    "access": "Enable",
                    "group": "Details Screen",
                    "kuid": "b95cef0e87a740c0a40e00d55895e7be",
                    "originalPropertyKey": "src",
                    "propertyIndex": 2,
                    "propertyKey": "callMobileSrc",
                    "pw": {
                        "access": "readwrite",
                        "category": "widget",
                        "displayName": "Call Mobile Icon",
                        "srcWidget": "imgMobile",
                        "type": "string",
                        "uiConfig": {
                            "Button": {
                                "dataRetrieverId": "Imagelist",
                                "dataUpdaterId": "Imagelist",
                                "popupId": "Imagelist",
                                "type": "ImageEditBtn"
                            },
                            "Label": {}
                        },
                        "uiRepresentation": "Label-Label-Button",
                        "wType": "Image"
                    },
                    "srcWgtKUID": "eb94a4596a534b3aa2152e5a8f1a6fdf"
                },
                {
                    "access": "Enable",
                    "group": "Header",
                    "kuid": "e499c55f8c7741e4a6d1295c7302c77d",
                    "originalPropertyKey": "text",
                    "propertyIndex": 2,
                    "propertyKey": "headerText",
                    "pw": {
                        "access": "readwrite",
                        "category": "look",
                        "displayName": "Text",
                        "srcWidget": "lblHeader",
                        "type": "string",
                        "uiRepresentation": "Label-Textbox",
                        "wType": "Label"
                    },
                    "srcWgtKUID": "a048f452b7fe4188856708f5cae23b94"
                },
                {
                    "access": "Enable",
                    "group": "Filter Menu",
                    "kuid": "a5373d32faa2463fb56169a4f2bf1f16",
                    "originalPropertyKey": "src",
                    "propertyIndex": 2,
                    "propertyKey": "filterSrc",
                    "pw": {
                        "access": "readwrite",
                        "category": "widget",
                        "displayName": "Icon",
                        "srcWidget": "imgFilter",
                        "type": "string",
                        "uiConfig": {
                            "Button": {
                                "dataRetrieverId": "Imagelist",
                                "dataUpdaterId": "Imagelist",
                                "popupId": "Imagelist",
                                "type": "ImageEditBtn"
                            },
                            "Label": {}
                        },
                        "uiRepresentation": "Label-Label-Button",
                        "wType": "Image"
                    },
                    "srcWgtKUID": "f18120a6310442ca9d52767c49ca9d3b"
                },
                {
                    "access": "Enable",
                    "group": "Search",
                    "kuid": "f9c043a19ae34326901121293d46f145",
                    "originalPropertyKey": "text",
                    "propertyIndex": 2,
                    "propertyKey": "searchText",
                    "pw": {
                        "access": "readwrite",
                        "category": "look",
                        "displayName": "Placeholder Text",
                        "srcWidget": "lblSearchPlaceholder",
                        "type": "string",
                        "uiRepresentation": "Label-Textbox",
                        "wType": "Label"
                    },
                    "srcWgtKUID": "e9116b0981e04fa89f72d19c3598fb5e"
                },
                {
                    "access": "Enable",
                    "group": "Hamburger Menu",
                    "kuid": "h2b06e69fb734dd49b996fe67b8eb011",
                    "originalPropertyKey": "src",
                    "propertyIndex": 2,
                    "propertyKey": "hamburgerSrc",
                    "pw": {
                        "access": "readwrite",
                        "category": "widget",
                        "displayName": "Icon",
                        "srcWidget": "imgMenu",
                        "type": "string",
                        "uiConfig": {
                            "Button": {
                                "dataRetrieverId": "Imagelist",
                                "dataUpdaterId": "Imagelist",
                                "popupId": "Imagelist",
                                "type": "ImageEditBtn"
                            },
                            "Label": {}
                        },
                        "uiRepresentation": "Label-Label-Button",
                        "wType": "Image"
                    },
                    "srcWgtKUID": "jac3fe4a2fd6482c86cbcc7ef9651471"
                },
                {
                    "access": "Enable",
                    "group": "Search",
                    "kuid": "f29b46457db447649716d92def8e5fc4",
                    "originalPropertyKey": "src",
                    "propertyIndex": 3,
                    "propertyKey": "searchInactiveSrc",
                    "pw": {
                        "access": "readwrite",
                        "category": "widget",
                        "displayName": "Inactive Icon",
                        "srcWidget": "imgSearchCenter",
                        "type": "string",
                        "uiConfig": {
                            "Button": {
                                "dataRetrieverId": "Imagelist",
                                "dataUpdaterId": "Imagelist",
                                "popupId": "Imagelist",
                                "type": "ImageEditBtn"
                            },
                            "Label": {}
                        },
                        "uiRepresentation": "Label-Label-Button",
                        "wType": "Image"
                    },
                    "srcWgtKUID": "j27719ebeda748dcada1a0b0f0065e9c"
                },
                {
                    "access": "Enable",
                    "group": "Details Screen",
                    "kuid": "c46836663990496a9308b7e2cdac4cb6",
                    "originalPropertyKey": "src",
                    "propertyIndex": 3,
                    "propertyKey": "callWorkSrc",
                    "pw": {
                        "access": "readwrite",
                        "category": "widget",
                        "displayName": "Call Work Icon",
                        "srcWidget": "imgWork",
                        "type": "string",
                        "uiConfig": {
                            "Button": {
                                "dataRetrieverId": "Imagelist",
                                "dataUpdaterId": "Imagelist",
                                "popupId": "Imagelist",
                                "type": "ImageEditBtn"
                            },
                            "Label": {}
                        },
                        "uiRepresentation": "Label-Label-Button",
                        "wType": "Image"
                    },
                    "srcWgtKUID": "b0db60b9c2a4429dbbacb33b11f0867b"
                },
                {
                    "access": "Enable",
                    "group": "Search",
                    "kuid": "jaa03aeabe4b4e20bef10b42bec66645",
                    "originalPropertyKey": "src",
                    "propertyIndex": 4,
                    "propertyKey": "searchActiveSrc",
                    "pw": {
                        "access": "readwrite",
                        "category": "widget",
                        "displayName": "Active Icon",
                        "srcWidget": "imgSearchLeft",
                        "type": "string",
                        "uiConfig": {
                            "Button": {
                                "dataRetrieverId": "Imagelist",
                                "dataUpdaterId": "Imagelist",
                                "popupId": "Imagelist",
                                "type": "ImageEditBtn"
                            },
                            "Label": {}
                        },
                        "uiRepresentation": "Label-Label-Button",
                        "wType": "Image"
                    },
                    "srcWgtKUID": "ae2d42ef01b3480e87ae94ea7e35bce7"
                },
                {
                    "access": "Enable",
                    "group": "Details Screen",
                    "kuid": "bc8a993ccf3a4212963e54adfcb55f4d",
                    "originalPropertyKey": "src",
                    "propertyIndex": 4,
                    "propertyKey": "mailSrc",
                    "pw": {
                        "access": "readwrite",
                        "category": "widget",
                        "displayName": "Email Icon",
                        "srcWidget": "imgEmail",
                        "type": "string",
                        "uiConfig": {
                            "Button": {
                                "dataRetrieverId": "Imagelist",
                                "dataUpdaterId": "Imagelist",
                                "popupId": "Imagelist",
                                "type": "ImageEditBtn"
                            },
                            "Label": {}
                        },
                        "uiRepresentation": "Label-Label-Button",
                        "wType": "Image"
                    },
                    "srcWgtKUID": "baa8be33dc304a0ca88cbce8f517df1c"
                },
                {
                    "access": "Enable",
                    "group": "Search",
                    "kuid": "jba53ab83b1f4f63925f1fdde0e1e9a6",
                    "originalPropertyKey": "text",
                    "propertyIndex": 5,
                    "propertyKey": "cancelText",
                    "pw": {
                        "access": "readwrite",
                        "category": "look",
                        "displayName": "Cancel Text",
                        "srcWidget": "btnSearchCancel",
                        "type": "string",
                        "uiRepresentation": "Label-Textbox",
                        "wType": "Button"
                    },
                    "srcWgtKUID": "f8db3cb58ebd443a90887533b7876e33"
                },
                {
                    "access": "Enable",
                    "group": "General",
                    "kuid": "jf41cf8488c2407689cb92e181951c8a",
                    "originalPropertyKey": "skin",
                    "propertyIndex": 17,
                    "propertyKey": "headerSkin",
                    "pw": {
                        "access": "readwrite",
                        "category": "skin",
                        "displayName": "Header Skin",
                        "srcWidget": "flxHeader",
                        "wType": "FlexContainer"
                    },
                    "srcWgtKUID": "cfaa25ace616474e89b6e32aac2b752e"
                },
                {
                    "access": "Enable",
                    "group": "General",
                    "kuid": "c96e35b1b0e04cd185cfbea4f046d557",
                    "originalPropertyKey": "skin",
                    "propertyIndex": 18,
                    "propertyKey": "alphabetFocusSkin",
                    "pw": {
                        "access": "readwrite",
                        "category": "skin",
                        "displayName": "Dictionary Alphabet Focus",
                        "srcWidget": "btnSecret",
                        "wType": "Button"
                    },
                    "srcWgtKUID": "h5a445d0a21747a9b136bf8f140a7c12"
                },
                {
                    "access": "Enable",
                    "group": "General",
                    "kuid": "j8ac33f8a2274c07adb7dfebfd469cce",
                    "originalPropertyKey": "skin",
                    "propertyIndex": 19,
                    "propertyKey": "selectedIndexSkin",
                    "pw": {
                        "access": "readwrite",
                        "category": "skin",
                        "displayName": "Dictionary Selected Index",
                        "srcWidget": "lblDisplaySelectedIndex",
                        "wType": "Label"
                    },
                    "srcWgtKUID": "b4987eb0556941d487c58ffecb44c2b0"
                }
            ]
        },
        "widgets": {
            "expose": [],
            "passthrough": []
        }
    },
    "namespace": "com.konymp",
    "version": "1.0.0"
}