{
  "android": {
    "font_name": "Nunito-Regular",
    "font_size": 157,
    "isForked": false
  },
  "background_color": "ffffffff",
  "bg_type": "one",
  "border_color": "018ad100",
  "border_style": "plain",
  "border_type": 0,
  "border_width": 0,
  "desktopweb": {
    "font_name": "Helvetica",
    "font_size": 157,
    "isForked": false
  },
  "fontSizeInPx": false,
  "font_color": "018ad1ff",
  "font_name": "Helvetica",
  "font_size": 157,
  "font_style": "normal",
  "font_weight": "normal",
  "ipad": {
    "font_name": "Nunito-Regular",
    "font_size": 157,
    "isForked": false
  },
  "iphone": {
    "font_name": "Nunito-Regular",
    "font_size": 157,
    "isForked": false
  },
  "isDefaultSkin": false,
  "kiosk": {
    "font_name": "GenericMonospace",
    "font_size": 157,
    "isForked": false
  },
  "kuid": "s7942be9f07946dea4072c33ddce170b",
  "spaan": {
    "font_name": "Helvetica",
    "font_size": 157,
    "isForked": false
  },
  "spaandroidtablet": {
    "font_name": "Helvetica",
    "font_size": 157,
    "isForked": false
  },
  "spabb": {
    "font_name": "Helvetica",
    "font_size": 157,
    "isForked": false
  },
  "spaip": {
    "font_name": "Helvetica",
    "font_size": 157,
    "isForked": false
  },
  "spaipad": {
    "font_name": "Helvetica",
    "font_size": 157,
    "isForked": false
  },
  "spawindowstablet": {
    "font_name": "Helvetica",
    "font_size": 157,
    "isForked": false
  },
  "spawinphone8": {
    "font_name": "Helvetica",
    "font_size": 157,
    "isForked": false
  },
  "tabrcandroid": {
    "font_name": "Nunito-Regular",
    "font_size": 157,
    "isForked": false
  },
  "wType": "Label",
  "watchos": {
    "font_name": "Helvetica",
    "font_size": 157,
    "isForked": false
  },
  "windows8": {
    "font_name": "Nunito-Regular",
    "font_size": 157,
    "isForked": false
  },
  "winphone8": {
    "font_name": "Nunito-Regular",
    "font_size": 157,
    "isForked": false
  }
}