{
    "android": {
        "font_name": "Roboto-Light", 
        "font_size": 86, 
        "isForked": false
    }, 
    "background_color": "00000000", 
    "bg_type": "one", 
    "border_color": "424242ff", 
    "border_style": "plain", 
    "border_type": 0, 
    "border_width": 0, 
    "desktopweb": {
        "font_name": "Helvetica", 
        "font_size": 86, 
        "isForked": false
    }, 
    "fontSizeInPx": false, 
    "font_color": "7f8c8dff", 
    "font_name": "Helvetica", 
    "font_size": 86, 
    "font_style": "normal", 
    "font_weight": "normal", 
    "ipad": {
        "font_name": "Helvetica", 
        "font_size": 86, 
        "isForked": false
    }, 
    "iphone": {
        "font_name": "OpenSans-Light", 
        "font_size": 86, 
        "isForked": false
    }, 
    "isDefaultSkin": false, 
    "kiosk": {
        "font_name": "GenericMonospace", 
        "font_size": 86, 
        "isForked": false
    }, 
    "kuid": "s66fa75a99704f8b87a47a6a643e2f25", 
    "spaan": {
        "font_name": "Helvetica", 
        "font_size": 86, 
        "isForked": false
    }, 
    "spaandroidtablet": {
        "font_name": "Helvetica", 
        "font_size": 86, 
        "isForked": false
    }, 
    "spabb": {
        "font_name": "Helvetica", 
        "font_size": 86, 
        "isForked": false
    }, 
    "spaip": {
        "font_name": "Helvetica", 
        "font_size": 86, 
        "isForked": false
    }, 
    "spaipad": {
        "font_name": "Helvetica", 
        "font_size": 86, 
        "isForked": false
    }, 
    "spawindowstablet": {
        "font_name": "Helvetica", 
        "font_size": 86, 
        "isForked": false
    }, 
    "spawinphone8": {
        "font_name": "Helvetica", 
        "font_size": 86, 
        "isForked": false
    }, 
    "tabrcandroid": {
        "font_name": "Helvetica", 
        "font_size": 86, 
        "isForked": false
    }, 
    "wType": "Label", 
    "watchos": {
        "font_name": "Helvetica", 
        "font_size": 86, 
        "isForked": false
    }, 
    "windows8": {
        "font_name": "GenericMonospace", 
        "font_size": 86, 
        "isForked": false
    }, 
    "winphone8": {
        "font_name": "Nunito-Light", 
        "font_size": 86, 
        "isForked": false
    }
}