{
    "android": {
        "font_name": "Roboto-Regular", 
        "font_size": 91, 
        "isForked": false
    }, 
    "background_color": "018ad1ff", 
    "bg_type": "one", 
    "border_color": "018ad1ff", 
    "border_radius": 100, 
    "border_style": "custom", 
    "border_type": 0, 
    "border_width": 1, 
    "desktopweb": {
        "font_name": "Helvetica", 
        "font_size": 91, 
        "isForked": false
    }, 
    "fontSizeInPx": false, 
    "font_color": "ffffffff", 
    "font_name": "Helvetica", 
    "font_size": 91, 
    "font_style": "normal", 
    "font_weight": "normal", 
    "ipad": {
        "font_name": "Nunito-Regular", 
        "font_size": 91, 
        "isForked": false
    }, 
    "iphone": {
        "font_name": "OpenSans-Regular", 
        "font_size": 91, 
        "isForked": false
    }, 
    "isDefaultSkin": false, 
    "kiosk": {
        "font_name": "GenericMonospace", 
        "font_size": 91, 
        "isForked": false
    }, 
    "kuid": "sefa2796db6349d6aecf4860a1094243", 
    "spaan": {
        "font_name": "Helvetica", 
        "font_size": 91, 
        "isForked": false
    }, 
    "spaandroidtablet": {
        "font_name": "Helvetica", 
        "font_size": 91, 
        "isForked": false
    }, 
    "spabb": {
        "font_name": "Helvetica", 
        "font_size": 91, 
        "isForked": false
    }, 
    "spaip": {
        "font_name": "Helvetica", 
        "font_size": 91, 
        "isForked": false
    }, 
    "spaipad": {
        "font_name": "Helvetica", 
        "font_size": 91, 
        "isForked": false
    }, 
    "spawindowstablet": {
        "font_name": "Helvetica", 
        "font_size": 91, 
        "isForked": false
    }, 
    "spawinphone8": {
        "font_name": "Helvetica", 
        "font_size": 91, 
        "isForked": false
    }, 
    "tabrcandroid": {
        "font_name": "Nunito-Regular", 
        "font_size": 91, 
        "isForked": false
    }, 
    "wType": "Label", 
    "watchos": {
        "font_name": "Helvetica", 
        "font_size": 91, 
        "isForked": false
    }, 
    "windows8": {
        "font_name": "Nunito-Regular", 
        "font_size": 91, 
        "isForked": false
    }, 
    "winphone8": {
        "font_name": "Nunito-Regular", 
        "font_size": 91, 
        "isForked": false
    }
}