{
    "AS_Button_b9f4a0b622b7445ba4cae0de8de8b274": {
        "id": "AS_Button_b9f4a0b622b7445ba4cae0de8de8b274",
        "type": "ACTION_SEQUENCE",
        "params": [{
            "datatype": "collection",
            "name": "eventobject"
        }],
        "language": "js",
        "actions": [{
            "id": "ADD_SNIPPET_ide_onClick_aee77523378a4531a51aa9654e735629",
            "type": "ADD_SNIPPET",
            "codeSnippet": "this.scrollSegmentToSelectedAlphabetIndex(this.view.V);",
            "callbackType": null
        }]
    }
}