{
    "AS_Button_d476330db9cf4daabd88301e9ed407d6": {
        "id": "AS_Button_d476330db9cf4daabd88301e9ed407d6",
        "type": "ACTION_SEQUENCE",
        "params": [{
            "datatype": "collection",
            "name": "eventobject"
        }],
        "language": "js",
        "actions": [{
            "id": "ADD_SNIPPET_ide_onClick_d22823546c0248b29c48ae210d05202c",
            "type": "ADD_SNIPPET",
            "codeSnippet": "this.scrollSegmentToSelectedAlphabetIndex(this.view.E);",
            "callbackType": null
        }]
    }
}