{
    "AS_Button_ib7542cf2c4b4e3cad142df82e688c0f": {
        "id": "AS_Button_ib7542cf2c4b4e3cad142df82e688c0f",
        "type": "ACTION_SEQUENCE",
        "params": [{
            "datatype": "collection",
            "name": "eventobject"
        }],
        "language": "js",
        "actions": [{
            "id": "ADD_SNIPPET_ide_onClick_aa9fe4f885f549129c8dbf23308a8c92",
            "type": "ADD_SNIPPET",
            "codeSnippet": "this.scrollSegmentToSelectedAlphabetIndex(this.view.N);",
            "callbackType": null
        }]
    }
}