{
    "AS_Button_b31b196da37a448badc4b0bb9d2cfd19": {
        "id": "AS_Button_b31b196da37a448badc4b0bb9d2cfd19",
        "type": "ACTION_SEQUENCE",
        "params": [{
            "datatype": "collection",
            "name": "eventobject"
        }],
        "language": "js",
        "actions": [{
            "id": "ADD_SNIPPET_ide_onClick_gd2179f786194c11a9c0a64337702dc2",
            "type": "ADD_SNIPPET",
            "codeSnippet": "this.scrollSegmentToSelectedAlphabetIndex(this.view.M);",
            "callbackType": null
        }]
    }
}