{
    "AS_Button_d13fc8bfa1ca4d3eb1beab014d0af5f8": {
        "id": "AS_Button_d13fc8bfa1ca4d3eb1beab014d0af5f8",
        "type": "ACTION_SEQUENCE",
        "params": [{
            "datatype": "collection",
            "name": "eventobject"
        }],
        "language": "js",
        "actions": [{
            "id": "ADD_SNIPPET_ide_onClick_c220b1013f90425eb65abd92996e36b1",
            "type": "ADD_SNIPPET",
            "codeSnippet": "this.scrollSegmentToSelectedAlphabetIndex(this.view.L);",
            "callbackType": null
        }]
    }
}