{
    "AS_Button_a66c07e6344148e388d89ca3da3f7ff9": {
        "id": "AS_Button_a66c07e6344148e388d89ca3da3f7ff9",
        "type": "ACTION_SEQUENCE",
        "params": [{
            "datatype": "collection",
            "name": "eventobject"
        }],
        "language": "js",
        "actions": [{
            "id": "ADD_SNIPPET_ide_onClick_f331aafba3264c728f8d2ac1ea21cced",
            "type": "ADD_SNIPPET",
            "codeSnippet": "this.scrollSegmentToSelectedAlphabetIndex(this.view.D);",
            "callbackType": null
        }]
    }
}