{
    "AS_Button_gdb3c93a75544e3bbcc8b0560462da65": {
        "id": "AS_Button_gdb3c93a75544e3bbcc8b0560462da65",
        "type": "ACTION_SEQUENCE",
        "params": [{
            "datatype": "collection",
            "name": "eventobject"
        }],
        "language": "js",
        "actions": [{
            "id": "ADD_SNIPPET_ide_onClick_fd4fe5029d604e7292993577f5d08853",
            "type": "ADD_SNIPPET",
            "codeSnippet": "this.scrollSegmentToSelectedAlphabetIndex(this.view.T);",
            "callbackType": null
        }]
    }
}