{
    "AS_Button_i9fbc65d6f9a4e0c93de31af854552c1": {
        "id": "AS_Button_i9fbc65d6f9a4e0c93de31af854552c1",
        "type": "ACTION_SEQUENCE",
        "params": [{
            "datatype": "collection",
            "name": "eventobject"
        }],
        "language": "js",
        "actions": [{
            "id": "ADD_SNIPPET_ide_onClick_ccfb12cc347a4c5aa9e22ac827d02506",
            "type": "ADD_SNIPPET",
            "codeSnippet": "this.scrollSegmentToSelectedAlphabetIndex(this.view.C);",
            "callbackType": null
        }]
    }
}