{
    "AS_Button_f81abe2f93ac412aab46b47f027d30c1": {
        "id": "AS_Button_f81abe2f93ac412aab46b47f027d30c1",
        "type": "ACTION_SEQUENCE",
        "params": [{
            "datatype": "collection",
            "name": "eventobject"
        }],
        "language": "js",
        "actions": [{
            "id": "ADD_SNIPPET_ide_onClick_g81117fae99b467eb2d3458cad8ab12c",
            "type": "ADD_SNIPPET",
            "codeSnippet": "this.scrollSegmentToSelectedAlphabetIndex(this.view.A);",
            "callbackType": null
        }]
    }
}