{
    "AS_Button_i06481a655f846848217b3db8f37dd63": {
        "id": "AS_Button_i06481a655f846848217b3db8f37dd63",
        "type": "ACTION_SEQUENCE",
        "params": [{
            "datatype": "collection",
            "name": "eventobject"
        }],
        "language": "js",
        "actions": [{
            "id": "ADD_SNIPPET_ide_onClick_a2fd970d36ba4fde90dee11d69d1b7a5",
            "type": "ADD_SNIPPET",
            "codeSnippet": "this.scrollSegmentToSelectedAlphabetIndex(this.view.B);",
            "callbackType": null
        }]
    }
}