{
    "AS_Button_gacf69f11c4d49dc865b12d619545ac7": {
        "id": "AS_Button_gacf69f11c4d49dc865b12d619545ac7",
        "type": "ACTION_SEQUENCE",
        "params": [{
            "datatype": "collection",
            "name": "eventobject"
        }],
        "language": "js",
        "actions": [{
            "id": "ADD_SNIPPET_ide_onClick_b1647043d23b4920bda3896793755fba",
            "type": "ADD_SNIPPET",
            "codeSnippet": "this._segClickFlag = 0;\nthis.navigateFlex(this,\"100%\");\nthis.reanimateTheWidgetsInDetailsPage();\nthis.view.forceLayout();",
            "callbackType": null
        }]
    }
}