{
    "AS_Button_ja605b7fd5f24a0f8874fe8626753e26": {
        "id": "AS_Button_ja605b7fd5f24a0f8874fe8626753e26",
        "type": "ACTION_SEQUENCE",
        "params": [{
            "datatype": "collection",
            "name": "eventobject"
        }],
        "language": "js",
        "actions": [{
            "id": "ADD_SNIPPET_ide_onClick_d866d9f1d2ec440a9d694fd29727e97e",
            "type": "ADD_SNIPPET",
            "codeSnippet": "this.scrollSegmentToSelectedAlphabetIndex(this.view.Z);",
            "callbackType": null
        }]
    }
}