{
    "AS_Button_cdeaa44886a44fd3994e34b563bcd868": {
        "id": "AS_Button_cdeaa44886a44fd3994e34b563bcd868",
        "type": "ACTION_SEQUENCE",
        "params": [{
            "datatype": "collection",
            "name": "eventobject"
        }],
        "language": "js",
        "actions": [{
            "id": "ADD_SNIPPET_ide_onClick_ed81a84ef05b4771a5ecd056329045b2",
            "type": "ADD_SNIPPET",
            "codeSnippet": "this.scrollSegmentToSelectedAlphabetIndex(this.view.U);",
            "callbackType": null
        }]
    }
}