{
    "AS_Button_a2b948b0498c449aac3bdf1deb3fc9d5": {
        "id": "AS_Button_a2b948b0498c449aac3bdf1deb3fc9d5",
        "type": "ACTION_SEQUENCE",
        "params": [{
            "datatype": "collection",
            "name": "eventobject"
        }],
        "language": "js",
        "actions": [{
            "id": "ADD_SNIPPET_ide_onClick_g0a3a3fd1b924401b13e4d915ca69863",
            "type": "ADD_SNIPPET",
            "codeSnippet": "this.scrollSegmentToSelectedAlphabetIndex(this.view.I);",
            "callbackType": null
        }]
    }
}