{
    "AS_Button_c03e4b9148eb4768bc7e7824a6768244": {
        "id": "AS_Button_c03e4b9148eb4768bc7e7824a6768244",
        "type": "ACTION_SEQUENCE",
        "params": [{
            "datatype": "collection",
            "name": "eventobject"
        }],
        "language": "js",
        "actions": [{
            "id": "ADD_SNIPPET_ide_onClick_de2d9cbbe31d42298abb07c37121404b",
            "type": "ADD_SNIPPET",
            "codeSnippet": "this.scrollSegmentToSelectedAlphabetIndex(this.view.J);",
            "callbackType": null
        }]
    }
}