{
    "AS_FlexContainer_acf4022b9656467b950658802b03dc81": {
        "id": "AS_FlexContainer_acf4022b9656467b950658802b03dc81",
        "type": "ACTION_SEQUENCE",
        "params": [{
            "datatype": "collection",
            "name": "eventobject"
        }],
        "language": "js",
        "actions": [{
            "id": "ADD_SNIPPET_ide_onClick_b3811a4f543f46f1825c08ae070eefc7",
            "type": "ADD_SNIPPET",
            "codeSnippet": "this.onClickOfCallFlex(this.view.lblCallWorkValue.text);",
            "callbackType": null
        }]
    }
}