{
    "AS_FlexContainer_e9f18a5b1c164cb2a658ac1276515040": {
        "id": "AS_FlexContainer_e9f18a5b1c164cb2a658ac1276515040",
        "type": "ACTION_SEQUENCE",
        "params": [{
            "datatype": "collection",
            "name": "eventobject"
        }],
        "language": "js",
        "actions": [{
            "id": "ADD_SNIPPET_ide_onClick_de90f297f0a346adafd402535f84cb26",
            "type": "ADD_SNIPPET",
            "codeSnippet": "this.onClickOfCallFlex(this.view.lblCallMobileValue.text);",
            "callbackType": null
        }]
    }
}