{
    "AS_FlexContainer_c2ca92b3b7ce4f23bca4a08746ab875c": {
        "id": "AS_FlexContainer_c2ca92b3b7ce4f23bca4a08746ab875c",
        "type": "ACTION_SEQUENCE",
        "params": [{
            "datatype": "collection",
            "name": "eventobject"
        }, {
            "datatype": "string",
            "name": "x"
        }, {
            "datatype": "string",
            "name": "y"
        }],
        "language": "js",
        "actions": [{
            "id": "ADD_SNIPPET_ide_onTouchEnd_ef9fa7a08eb845dcbd41d3ec50fe2845",
            "type": "ADD_SNIPPET",
            "codeSnippet": "this.view.lblDisplaySelectedIndex.isVisible = false;\nthis.view.forceLayout();",
            "callbackType": null
        }]
    }
}