{
    "AS_FlexContainer_b98f3b76d4ac41b38775b14e18ba768e": {
        "id": "AS_FlexContainer_b98f3b76d4ac41b38775b14e18ba768e",
        "type": "ACTION_SEQUENCE",
        "params": [{
            "datatype": "collection",
            "name": "eventobject"
        }],
        "contextObj": {
            "name": "uwu1bb66c48e4a444bb3070f470153b3b1",
            "type": "userwidgets",
            "KUID": "u1bb66c48e4a444bb3070f470153b3b1"
        },
        "language": "js",
        "actions": [{
            "id": "ADD_SNIPPET__c77e9cc35d08411b823100488ebef903",
            "type": "ADD_SNIPPET",
            "codeSnippet": "this.fetchAllDetails();",
            "parentId": null,
            "callbackType": null
        }]
    }
}