{
    "DNDConfig": null,
    "__markedForDelete__": true,
    "__parentReadjusting__": false,
    "_height_": {
        "type": "ref",
        "value": "preferred"
    },
    "_left_": {
        "type": "string",
        "value": "-0.06%"
    },
    "_margin_": [
        0,
        0,
        0,
        0
    ],
    "_orientation_": 6,
    "_padding_": [
        0,
        0,
        0,
        0
    ],
    "_percent_": true,
    "_skin_": "s9f77cafe36343e0be648c7e4080a0a3",
    "_top_": {
        "type": "number",
        "value": "0"
    },
    "_width_": {
        "type": "string",
        "value": "50%"
    },
    "allboxes": [],
    "autogrowmode": 1,
    "canUpdateUI": true,
    "children": [
        "imgCall",
        "lblCall"
    ],
    "clipbounds": true,
    "containerId": true,
    "containerweight": 100,
    "enablescrolling": true,
    "id": "flxCall",
    "ide_onClick": "AS_FlexContainer_f350ef68ccd047fe936eef0fbdbb647f",
    "info": null,
    "isvisible": true,
    "kuid": "bb4c727f8679445e9a6b4089de50bffb",
    "layouttype": 2,
    "name": "kony.ui.FlexContainer",
    "parent": "flxBottomCard",
    "pf": "tempMapViewCallout",
    "snapgridsize": 10,
    "snaptogrid": true,
    "wType": "FlexContainer",
    "widgetalignment": 1,
    "zindex": 1
}