{
    "DNDConfig": null,
    "__markedForDelete__": true,
    "__parentReadjusting__": false,
    "_height_": {
        "type": "ref",
        "value": "preferred"
    },
    "_margin_": [
        0,
        0,
        0,
        0
    ],
    "_orientation_": 6,
    "_padding_": [
        0,
        0,
        0,
        0
    ],
    "_percent_": true,
    "_right_": {
        "type": "string",
        "value": "1%"
    },
    "_skin_": "s9f77cafe36343e0be648c7e4080a0a3",
    "_top_": {
        "type": "number",
        "value": "0"
    },
    "_width_": {
        "type": "string",
        "value": "50%"
    },
    "allboxes": [],
    "autogrowmode": 1,
    "canUpdateUI": true,
    "children": [
        "imgGetDirections",
        "lblGetDirections"
    ],
    "clipbounds": true,
    "containerId": true,
    "containerweight": 100,
    "enablescrolling": true,
    "id": "flxDirections",
    "ide_onClick": "AS_FlexContainer_d9acbf6b75bf4bf9b228517e9133a99f",
    "info": null,
    "isvisible": true,
    "kuid": "d4443b5f37694c338cef09ae96b22425",
    "layouttype": 2,
    "name": "kony.ui.FlexContainer",
    "parent": "flxBottomCard",
    "pf": "tempMapViewCallout",
    "snapgridsize": 10,
    "snaptogrid": true,
    "wType": "FlexContainer",
    "widgetalignment": 1,
    "zindex": 1
}