{
    "DNDConfig": null,
    "__parentReadjusting__": false,
    "_height_": {
        "type": "ref",
        "value": "preferred"
    },
    "_left_": {
        "type": "string",
        "value": "0%"
    },
    "_margin_": [
        0,
        0,
        0,
        0
    ],
    "_orientation_": 6,
    "_padding_": [
        0,
        0,
        0,
        0
    ],
    "_percent_": true,
    "_skin_": "s9c3c4f7bae84d62bc23c030fb0536b4",
    "_top_": {
        "type": "number",
        "value": "4"
    },
    "_width_": {
        "type": "string",
        "value": "100%"
    },
    "allboxes": [],
    "autogrowmode": 1,
    "canUpdateUI": true,
    "children": [
        "imgItem",
        "flxContainer"
    ],
    "clipbounds": true,
    "containerId": true,
    "containerweight": 100,
    "enablescrolling": true,
    "id": "flxHolder1",
    "info": null,
    "isvisible": true,
    "kuid": "adf6794109c44c32b1459483c41219e4",
    "layouttype": 3,
    "name": "kony.ui.FlexContainer",
    "parent": "flxHolder",
    "pf": "tempMapViewCallout",
    "snapgridsize": 10,
    "snaptogrid": true,
    "wType": "FlexContainer",
    "widgetalignment": 1,
    "zindex": 1
}