{
    "@class": "com.kony.gen.viz.model.component.KVizLabel",
    "DNDConfig": null,
    "__markedForDelete__": true,
    "__parentReadjusting__": false,
    "_height_": {
        "type": "ref",
        "value": "preferred"
    },
    "_margin_": [
        1,
        1,
        1,
        1
    ],
    "_padding_": [
        0,
        0,
        0,
        3
    ],
    "_right_": {
        "type": "string",
        "value": "5%"
    },
    "_skin_": "s0933085f74a4eb08ec98eeae6f68340",
    "_text_": "Distance",
    "_top_": {
        "type": "number",
        "value": "2"
    },
    "_width_": {
        "type": "string",
        "value": "96%"
    },
    "_wrapping_": 2,
    "android": {
        "textStyle": {
            "letterSpacing": 0,
            "strikeThrough": false
        }
    },
    "canUpdateUI": true,
    "containerId": true,
    "containerweight": 100,
    "contentalignment": 6,
    "id": "lblDistance",
    "info": null,
    "ipad": {
        "psp": {
            "wrapping": 2
        }
    },
    "iphone": {
        "psp": {
            "wrapping": 2
        }
    },
    "isvisible": true,
    "kuid": "d24f04191d6f4b86835a573d8fb91689",
    "name": "kony.ui.Label",
    "paddinginpixel": false,
    "parent": "flexRightPane",
    "pf": "tempMapViewCallout",
    "tooltip": "",
    "wType": "Label",
    "zindex": 1
}