{
    "@class": "com.kony.gen.viz.model.component.KVizLabel",
    "DNDConfig": null,
    "__markedForDelete__": true,
    "__parentReadjusting__": false,
    "_height_": {
        "type": "ref",
        "value": "preferred"
    },
    "_left_": {
        "type": "string",
        "value": "3%"
    },
    "_margin_": [
        1,
        1,
        1,
        1
    ],
    "_padding_": [
        0,
        0,
        0,
        1
    ],
    "_skin_": "s913d15e531147a9a4c5e0c293d826de",
    "_text_": "PlaceName",
    "_top_": {
        "type": "number",
        "value": "5"
    },
    "_width_": {
        "type": "string",
        "value": "90%"
    },
    "_wrapping_": 2,
    "android": {
        "textStyle": {
            "letterSpacing": 0,
            "lineSpacing": 4,
            "strikeThrough": false
        }
    },
    "canUpdateUI": true,
    "containerId": true,
    "containerweight": 100,
    "contentalignment": 4,
    "id": "lblPlaceName",
    "info": null,
    "ipad": {
        "psp": {
            "wrapping": 2
        }
    },
    "iphone": {
        "psp": {
            "wrapping": 2
        },
        "textStyle": {
            "baseline": 0,
            "letterSpacing": 0,
            "strikeThrough": false
        }
    },
    "isvisible": true,
    "kuid": "cc3ddbe0be11401dba7487efb37a7b1f",
    "maxnumberoflines": 2,
    "name": "kony.ui.Label",
    "paddinginpixel": false,
    "parent": "flexLeftPane",
    "pf": "tempMapViewCallout",
    "textStyle": {
        "baseline": 0,
        "letterSpacing": 0,
        "strikeThrough": false
    },
    "texttruncateposition": 3,
    "tooltip": "",
    "wType": "Label",
    "zindex": 1
}