{
    "NativeFunctionAPI": {
        "iOS": {
            "10.0": {},
            "11.0": {
                "Kony_SyncV2-iOS-11.0": {
                    "title": "Kony_SyncV2",
                    "platform": "iOS",
                    "os": "11.0",
                    "url": "D:\\KonyVisualizerEnterprise8.0.0GA\\Kony_Visualizer_Enterprise\\configuration\\org.eclipse.osgi\\bundles\\484\\1\\.cp\\resources\\sdk\\nativeBindings\\Kony_SyncV2-iOS-11.0.zip",
                    "filepath": "D:\\wxps\\wxpDemo\\SlidingMenu\\nativebindings\\iOS\\11.0\\Kony_SyncV2-iOS-11.0.zip",
                    "enable": true
                }
            }
        },
        "Android": {
            "4.0": {
                "Kony_SyncV2-Android-4.0": {
                    "title": "Kony_SyncV2",
                    "platform": "Android",
                    "os": "4.0",
                    "url": "D:\\KonyVisualizerEnterprise8.0.0GA\\Kony_Visualizer_Enterprise\\configuration\\org.eclipse.osgi\\bundles\\484\\1\\.cp\\resources\\sdk\\nativeBindings\\Kony_SyncV2-Android-4.0.zip",
                    "filepath": "D:\\wxps\\wxpDemo\\SlidingMenu\\nativebindings\\Android\\4.0\\Kony_SyncV2-Android-4.0.zip",
                    "enable": true
                }
            }
        }
    }
}