{
    "android": {
        "background_color": "61616100", 
        "bg_type": "one", 
        "border_color": "ffffffff", 
        "border_style": "plain", 
        "border_type": 0, 
        "border_width": 0, 
        "font_color": "f2f2f2ff", 
        "font_name": "Roboto-Regular", 
        "font_size": 100, 
        "isForked": true, 
        "text_shadow": {
            "br": 0, 
            "color": "000000ff", 
            "nm": 0, 
            "x": 0, 
            "y": 0
        }
    }, 
    "background_color": "56a9dd00", 
    "bg_type": "one", 
    "border_color": "ffffffff", 
    "border_style": "plain", 
    "border_type": 0, 
    "border_width": 0, 
    "delinkedPltfrms": {
        "desktop": [], 
        "mobile": [], 
        "tablet": [], 
        "watch": []
    }, 
    "desktopweb": {
        "background_color": "61616100", 
        "bg_type": "one", 
        "bottom_left_border_color": "ffffffff", 
        "bottom_left_border_style": "plain", 
        "bottom_left_border_width": 0, 
        "bottom_right_border_color": "ffffffff", 
        "bottom_right_border_style": "plain", 
        "bottom_right_border_width": 0, 
        "font_color": "f2f2f2ff", 
        "font_name": "Helvetica", 
        "font_size": 100, 
        "isForked": true, 
        "shadow": {
            "br": 2, 
            "color": "000000ff", 
            "inner": false, 
            "nm": 0, 
            "x": 0, 
            "y": 2
        }, 
        "text_shadow": {
            "br": 0, 
            "color": "000000ff", 
            "nm": 0, 
            "x": 0, 
            "y": 0
        }, 
        "top_left_border_color": "ffffffff", 
        "top_left_border_style": "plain", 
        "top_left_border_width": 0, 
        "top_right_border_color": "ffffffff", 
        "top_right_border_style": "plain", 
        "top_right_border_width": 0
    }, 
    "fontSizeInPx": false, 
    "font_color": "1d1d26ff", 
    "font_name": "Helvetica", 
    "font_size": 100, 
    "font_style": "normal", 
    "font_weight": "normal", 
    "ipad": {
        "background_color": "61616100", 
        "bg_type": "one", 
        "border_color": "ffffffff", 
        "border_style": "plain", 
        "border_type": 0, 
        "border_width": 0, 
        "font_color": "f2f2f2ff", 
        "font_name": "ClanPro-Book", 
        "font_size": 100, 
        "isForked": true, 
        "text_shadow": {
            "br": 0, 
            "color": "000000ff", 
            "nm": 0, 
            "x": 0, 
            "y": 0
        }
    }, 
    "iphone": {
        "background_color": "61616100", 
        "bg_type": "one", 
        "border_color": "ffffffff", 
        "border_style": "plain", 
        "border_type": 0, 
        "font_color": "f2f2f2ff", 
        "font_name": "OpenSans-Regular", 
        "font_size": 100, 
        "isForked": true, 
        "text_shadow": {
            "br": 0, 
            "color": "000000ff", 
            "nm": 0, 
            "x": 0, 
            "y": 0
        }
    }, 
    "isDefaultSkin": false, 
    "kiosk": {
        "background_color": "61616100", 
        "bg_type": "one", 
        "border_color": "ffffffff", 
        "border_style": "plain", 
        "border_type": 0, 
        "border_width": 0, 
        "font_color": "f2f2f2ff", 
        "font_name": "GenericMonospace", 
        "font_size": 100, 
        "isForked": true
    }, 
    "kuid": "s4ee2fb7037842b9ae90cd0c09209931", 
    "spaan": {
        "background_color": "61616100", 
        "bg_type": "one", 
        "bottom_left_border_color": "ffffffff", 
        "bottom_left_border_style": "plain", 
        "bottom_left_border_width": 0, 
        "bottom_right_border_color": "ffffffff", 
        "bottom_right_border_style": "plain", 
        "bottom_right_border_width": 0, 
        "font_color": "f2f2f2ff", 
        "font_name": "Nunito-Regular", 
        "font_size": 100, 
        "isForked": true, 
        "shadow": {
            "br": 2, 
            "color": "000000ff", 
            "inner": false, 
            "nm": 0, 
            "x": 0, 
            "y": 2
        }, 
        "text_shadow": {
            "br": 0, 
            "color": "000000ff", 
            "nm": 0, 
            "x": 0, 
            "y": 0
        }, 
        "top_left_border_color": "ffffffff", 
        "top_left_border_style": "plain", 
        "top_left_border_width": 0, 
        "top_right_border_color": "ffffffff", 
        "top_right_border_style": "plain", 
        "top_right_border_width": 0
    }, 
    "spaandroidtablet": {
        "background_color": "61616100", 
        "bg_type": "one", 
        "bottom_left_border_color": "ffffffff", 
        "bottom_left_border_style": "plain", 
        "bottom_left_border_width": 0, 
        "bottom_right_border_color": "ffffffff", 
        "bottom_right_border_style": "plain", 
        "bottom_right_border_width": 0, 
        "font_color": "f2f2f2ff", 
        "font_name": "Helvetica", 
        "font_size": 100, 
        "isForked": true, 
        "shadow": {
            "br": 2, 
            "color": "000000ff", 
            "inner": false, 
            "nm": 0, 
            "x": 0, 
            "y": 2
        }, 
        "text_shadow": {
            "br": 0, 
            "color": "000000ff", 
            "nm": 0, 
            "x": 0, 
            "y": 0
        }, 
        "top_left_border_color": "ffffffff", 
        "top_left_border_style": "plain", 
        "top_left_border_width": 0, 
        "top_right_border_color": "ffffffff", 
        "top_right_border_style": "plain", 
        "top_right_border_width": 0
    }, 
    "spabb": {
        "background_color": "61616100", 
        "bg_type": "one", 
        "bottom_left_border_color": "ffffffff", 
        "bottom_left_border_style": "plain", 
        "bottom_left_border_width": 0, 
        "bottom_right_border_color": "ffffffff", 
        "bottom_right_border_style": "plain", 
        "bottom_right_border_width": 0, 
        "font_color": "f2f2f2ff", 
        "font_name": "Helvetica", 
        "font_size": 100, 
        "isForked": true, 
        "shadow": {
            "br": 2, 
            "color": "000000ff", 
            "inner": false, 
            "nm": 0, 
            "x": 0, 
            "y": 2
        }, 
        "text_shadow": {
            "br": 0, 
            "color": "000000ff", 
            "nm": 0, 
            "x": 0, 
            "y": 0
        }, 
        "top_left_border_color": "ffffffff", 
        "top_left_border_style": "plain", 
        "top_left_border_width": 0, 
        "top_right_border_color": "ffffffff", 
        "top_right_border_style": "plain", 
        "top_right_border_width": 0
    }, 
    "spaip": {
        "background_color": "61616100", 
        "bg_type": "one", 
        "bottom_left_border_color": "ffffffff", 
        "bottom_left_border_style": "plain", 
        "bottom_left_border_width": 0, 
        "bottom_right_border_color": "ffffffff", 
        "bottom_right_border_style": "plain", 
        "bottom_right_border_width": 0, 
        "font_color": "f2f2f2ff", 
        "font_name": "Nunito-Regular", 
        "font_size": 100, 
        "isForked": true, 
        "shadow": {
            "br": 2, 
            "color": "000000ff", 
            "inner": false, 
            "nm": 0, 
            "x": 0, 
            "y": 2
        }, 
        "text_shadow": {
            "br": 0, 
            "color": "000000ff", 
            "nm": 0, 
            "x": 0, 
            "y": 0
        }, 
        "top_left_border_color": "ffffffff", 
        "top_left_border_style": "plain", 
        "top_left_border_width": 0, 
        "top_right_border_color": "ffffffff", 
        "top_right_border_style": "plain", 
        "top_right_border_width": 0
    }, 
    "spaipad": {
        "background_color": "61616100", 
        "bg_type": "one", 
        "bottom_left_border_color": "ffffffff", 
        "bottom_left_border_style": "plain", 
        "bottom_left_border_width": 0, 
        "bottom_right_border_color": "ffffffff", 
        "bottom_right_border_style": "plain", 
        "bottom_right_border_width": 0, 
        "font_color": "f2f2f2ff", 
        "font_name": "Helvetica", 
        "font_size": 100, 
        "isForked": true, 
        "shadow": {
            "br": 2, 
            "color": "000000ff", 
            "inner": false, 
            "nm": 0, 
            "x": 0, 
            "y": 2
        }, 
        "text_shadow": {
            "br": 0, 
            "color": "000000ff", 
            "nm": 0, 
            "x": 0, 
            "y": 0
        }, 
        "top_left_border_color": "ffffffff", 
        "top_left_border_style": "plain", 
        "top_left_border_width": 0, 
        "top_right_border_color": "ffffffff", 
        "top_right_border_style": "plain", 
        "top_right_border_width": 0
    }, 
    "spawindowstablet": {
        "background_color": "61616100", 
        "bg_type": "one", 
        "bottom_left_border_color": "ffffffff", 
        "bottom_left_border_style": "plain", 
        "bottom_left_border_width": 0, 
        "bottom_right_border_color": "ffffffff", 
        "bottom_right_border_style": "plain", 
        "bottom_right_border_width": 0, 
        "font_color": "f2f2f2ff", 
        "font_name": "Helvetica", 
        "font_size": 100, 
        "isForked": true, 
        "shadow": {
            "br": 2, 
            "color": "000000ff", 
            "inner": false, 
            "nm": 0, 
            "x": 0, 
            "y": 2
        }, 
        "text_shadow": {
            "br": 0, 
            "color": "000000ff", 
            "nm": 0, 
            "x": 0, 
            "y": 0
        }, 
        "top_left_border_color": "ffffffff", 
        "top_left_border_style": "plain", 
        "top_left_border_width": 0, 
        "top_right_border_color": "ffffffff", 
        "top_right_border_style": "plain", 
        "top_right_border_width": 0
    }, 
    "spawinphone8": {
        "background_color": "61616100", 
        "bg_type": "one", 
        "bottom_left_border_color": "ffffffff", 
        "bottom_left_border_style": "plain", 
        "bottom_left_border_width": 0, 
        "bottom_right_border_color": "ffffffff", 
        "bottom_right_border_style": "plain", 
        "bottom_right_border_width": 0, 
        "font_color": "f2f2f2ff", 
        "font_name": "Nunito-Regular", 
        "font_size": 100, 
        "isForked": true, 
        "shadow": {
            "br": 2, 
            "color": "000000ff", 
            "inner": false, 
            "nm": 0, 
            "x": 0, 
            "y": 2
        }, 
        "text_shadow": {
            "br": 0, 
            "color": "000000ff", 
            "nm": 0, 
            "x": 0, 
            "y": 0
        }, 
        "top_left_border_color": "ffffffff", 
        "top_left_border_style": "plain", 
        "top_left_border_width": 0, 
        "top_right_border_color": "ffffffff", 
        "top_right_border_style": "plain", 
        "top_right_border_width": 0
    }, 
    "tabrcandroid": {
        "background_color": "61616100", 
        "bg_type": "one", 
        "border_color": "ffffffff", 
        "border_style": "plain", 
        "border_type": 0, 
        "border_width": 0, 
        "font_color": "f2f2f2ff", 
        "font_name": "ClanPro-Book", 
        "font_size": 100, 
        "isForked": true, 
        "text_shadow": {
            "br": 0, 
            "color": "000000ff", 
            "nm": 0, 
            "x": 0, 
            "y": 0
        }
    }, 
    "wType": "Button", 
    "watchos": {
        "background_color": "61616100", 
        "bg_type": "one", 
        "font_color": "f2f2f2ff", 
        "font_name": "Helvetica", 
        "font_size": 100, 
        "isForked": true
    }, 
    "windows8": {
        "background_color": "61616100", 
        "bg_type": "one", 
        "border_color": "ffffffff", 
        "border_style": "plain", 
        "border_type": 0, 
        "border_width": 0, 
        "font_color": "f2f2f2ff", 
        "font_name": "GenericMonospace", 
        "font_size": 100, 
        "isForked": true
    }, 
    "winphone8": {
        "background_color": "61616100", 
        "bg_type": "one", 
        "border_color": "ffffffff", 
        "border_style": "plain", 
        "border_type": 0, 
        "border_width": 0, 
        "font_color": "f2f2f2ff", 
        "font_name": "Nunito-Regular", 
        "font_size": 100, 
        "isForked": true
    }
}