{
    "android": {
        "background_color": "ffffff00", 
        "bg_type": "one", 
        "font_color": "90a4aeff", 
        "font_name": "Roboto-Light", 
        "font_size": 110, 
        "isForked": true, 
        "text_shadow": {
            "br": 0, 
            "color": "000000ff", 
            "nm": 0, 
            "x": 0, 
            "y": 0
        }
    }, 
    "background_color": "56a9ddff", 
    "bg_type": "one", 
    "border_color": "ffffffff", 
    "border_style": "plain", 
    "border_type": 0, 
    "border_width": 0, 
    "desktopweb": {
        "background_color": "ffffff00", 
        "bg_type": "one", 
        "bottom_left_border_color": "ffffffff", 
        "bottom_left_border_style": "plain", 
        "bottom_left_border_width": 0, 
        "bottom_right_border_color": "ffffffff", 
        "bottom_right_border_style": "plain", 
        "bottom_right_border_width": 0, 
        "font_color": "90a4aeff", 
        "font_name": "Helvetica", 
        "font_size": 110, 
        "isForked": true, 
        "shadow": {
            "br": 2, 
            "color": "000000ff", 
            "inner": false, 
            "nm": 0, 
            "x": 0, 
            "y": 2
        }, 
        "text_shadow": {
            "br": 0, 
            "color": "000000ff", 
            "nm": 0, 
            "x": 0, 
            "y": 0
        }, 
        "top_left_border_color": "ffffffff", 
        "top_left_border_style": "plain", 
        "top_left_border_width": 0, 
        "top_right_border_color": "ffffffff", 
        "top_right_border_style": "plain", 
        "top_right_border_width": 0
    }, 
    "fontSizeInPx": false, 
    "font_color": "ffffffff", 
    "font_name": "Helvetica", 
    "font_size": 148, 
    "font_style": "normal", 
    "font_weight": "normal", 
    "ipad": {
        "background_color": "ffffff00", 
        "bg_type": "one", 
        "font_color": "90a4aeff", 
        "font_name": "ClanPro-News", 
        "font_size": 110, 
        "isForked": true, 
        "text_shadow": {
            "br": 0, 
            "color": "000000ff", 
            "nm": 0, 
            "x": 0, 
            "y": 0
        }
    }, 
    "iphone": {
        "background_color": "ffffff00", 
        "bg_type": "one", 
        "font_color": "90a4aeff", 
        "font_name": "OpenSans-Light", 
        "font_size": 110, 
        "isForked": true, 
        "text_shadow": {
            "br": 0, 
            "color": "000000ff", 
            "nm": 0, 
            "x": 0, 
            "y": 0
        }
    }, 
    "isDefaultSkin": false, 
    "kiosk": {
        "background_color": "ffffff00", 
        "bg_type": "one", 
        "font_color": "90a4aeff", 
        "font_name": "GenericMonospace", 
        "font_size": 110, 
        "isForked": true
    }, 
    "kuid": "s3518876acde4e8a95bf9ab0a748dd28", 
    "spaan": {
        "background_color": "ffffff00", 
        "bg_type": "one", 
        "bottom_left_border_color": "ffffffff", 
        "bottom_left_border_style": "plain", 
        "bottom_left_border_width": 0, 
        "bottom_right_border_color": "ffffffff", 
        "bottom_right_border_style": "plain", 
        "bottom_right_border_width": 0, 
        "font_color": "90a4aeff", 
        "font_name": "Nunito-Regular", 
        "font_size": 110, 
        "isForked": true, 
        "shadow": {
            "br": 2, 
            "color": "000000ff", 
            "inner": false, 
            "nm": 0, 
            "x": 0, 
            "y": 2
        }, 
        "text_shadow": {
            "br": 0, 
            "color": "000000ff", 
            "nm": 0, 
            "x": 0, 
            "y": 0
        }, 
        "top_left_border_color": "ffffffff", 
        "top_left_border_style": "plain", 
        "top_left_border_width": 0, 
        "top_right_border_color": "ffffffff", 
        "top_right_border_style": "plain", 
        "top_right_border_width": 0
    }, 
    "spaandroidtablet": {
        "background_color": "ffffff00", 
        "bg_type": "one", 
        "bottom_left_border_color": "ffffffff", 
        "bottom_left_border_style": "plain", 
        "bottom_left_border_width": 0, 
        "bottom_right_border_color": "ffffffff", 
        "bottom_right_border_style": "plain", 
        "bottom_right_border_width": 0, 
        "font_color": "90a4aeff", 
        "font_name": "Helvetica", 
        "font_size": 110, 
        "isForked": true, 
        "shadow": {
            "br": 2, 
            "color": "000000ff", 
            "inner": false, 
            "nm": 0, 
            "x": 0, 
            "y": 2
        }, 
        "text_shadow": {
            "br": 0, 
            "color": "000000ff", 
            "nm": 0, 
            "x": 0, 
            "y": 0
        }, 
        "top_left_border_color": "ffffffff", 
        "top_left_border_style": "plain", 
        "top_left_border_width": 0, 
        "top_right_border_color": "ffffffff", 
        "top_right_border_style": "plain", 
        "top_right_border_width": 0
    }, 
    "spabb": {
        "background_color": "ffffff00", 
        "bg_type": "one", 
        "bottom_left_border_color": "ffffffff", 
        "bottom_left_border_style": "plain", 
        "bottom_left_border_width": 0, 
        "bottom_right_border_color": "ffffffff", 
        "bottom_right_border_style": "plain", 
        "bottom_right_border_width": 0, 
        "font_color": "90a4aeff", 
        "font_name": "Helvetica", 
        "font_size": 110, 
        "isForked": true, 
        "shadow": {
            "br": 2, 
            "color": "000000ff", 
            "inner": false, 
            "nm": 0, 
            "x": 0, 
            "y": 2
        }, 
        "text_shadow": {
            "br": 0, 
            "color": "000000ff", 
            "nm": 0, 
            "x": 0, 
            "y": 0
        }, 
        "top_left_border_color": "ffffffff", 
        "top_left_border_style": "plain", 
        "top_left_border_width": 0, 
        "top_right_border_color": "ffffffff", 
        "top_right_border_style": "plain", 
        "top_right_border_width": 0
    }, 
    "spaip": {
        "background_color": "ffffff00", 
        "bg_type": "one", 
        "bottom_left_border_color": "ffffffff", 
        "bottom_left_border_style": "plain", 
        "bottom_left_border_width": 0, 
        "bottom_right_border_color": "ffffffff", 
        "bottom_right_border_style": "plain", 
        "bottom_right_border_width": 0, 
        "font_color": "90a4aeff", 
        "font_name": "Nunito-Regular", 
        "font_size": 110, 
        "isForked": true, 
        "shadow": {
            "br": 2, 
            "color": "000000ff", 
            "inner": false, 
            "nm": 0, 
            "x": 0, 
            "y": 2
        }, 
        "text_shadow": {
            "br": 0, 
            "color": "000000ff", 
            "nm": 0, 
            "x": 0, 
            "y": 0
        }, 
        "top_left_border_color": "ffffffff", 
        "top_left_border_style": "plain", 
        "top_left_border_width": 0, 
        "top_right_border_color": "ffffffff", 
        "top_right_border_style": "plain", 
        "top_right_border_width": 0
    }, 
    "spaipad": {
        "background_color": "ffffff00", 
        "bg_type": "one", 
        "bottom_left_border_color": "ffffffff", 
        "bottom_left_border_style": "plain", 
        "bottom_left_border_width": 0, 
        "bottom_right_border_color": "ffffffff", 
        "bottom_right_border_style": "plain", 
        "bottom_right_border_width": 0, 
        "font_color": "90a4aeff", 
        "font_name": "Helvetica", 
        "font_size": 110, 
        "isForked": true, 
        "shadow": {
            "br": 2, 
            "color": "000000ff", 
            "inner": false, 
            "nm": 0, 
            "x": 0, 
            "y": 2
        }, 
        "text_shadow": {
            "br": 0, 
            "color": "000000ff", 
            "nm": 0, 
            "x": 0, 
            "y": 0
        }, 
        "top_left_border_color": "ffffffff", 
        "top_left_border_style": "plain", 
        "top_left_border_width": 0, 
        "top_right_border_color": "ffffffff", 
        "top_right_border_style": "plain", 
        "top_right_border_width": 0
    }, 
    "spawindowstablet": {
        "background_color": "ffffff00", 
        "bg_type": "one", 
        "bottom_left_border_color": "ffffffff", 
        "bottom_left_border_style": "plain", 
        "bottom_left_border_width": 0, 
        "bottom_right_border_color": "ffffffff", 
        "bottom_right_border_style": "plain", 
        "bottom_right_border_width": 0, 
        "font_color": "90a4aeff", 
        "font_name": "Helvetica", 
        "font_size": 110, 
        "isForked": true, 
        "shadow": {
            "br": 2, 
            "color": "000000ff", 
            "inner": false, 
            "nm": 0, 
            "x": 0, 
            "y": 2
        }, 
        "text_shadow": {
            "br": 0, 
            "color": "000000ff", 
            "nm": 0, 
            "x": 0, 
            "y": 0
        }, 
        "top_left_border_color": "ffffffff", 
        "top_left_border_style": "plain", 
        "top_left_border_width": 0, 
        "top_right_border_color": "ffffffff", 
        "top_right_border_style": "plain", 
        "top_right_border_width": 0
    }, 
    "spawinphone8": {
        "background_color": "ffffff00", 
        "bg_type": "one", 
        "bottom_left_border_color": "ffffffff", 
        "bottom_left_border_style": "plain", 
        "bottom_left_border_width": 0, 
        "bottom_right_border_color": "ffffffff", 
        "bottom_right_border_style": "plain", 
        "bottom_right_border_width": 0, 
        "font_color": "90a4aeff", 
        "font_name": "Nunito-Regular", 
        "font_size": 110, 
        "isForked": true, 
        "shadow": {
            "br": 2, 
            "color": "000000ff", 
            "inner": false, 
            "nm": 0, 
            "x": 0, 
            "y": 2
        }, 
        "text_shadow": {
            "br": 0, 
            "color": "000000ff", 
            "nm": 0, 
            "x": 0, 
            "y": 0
        }, 
        "top_left_border_color": "ffffffff", 
        "top_left_border_style": "plain", 
        "top_left_border_width": 0, 
        "top_right_border_color": "ffffffff", 
        "top_right_border_style": "plain", 
        "top_right_border_width": 0
    }, 
    "tabrcandroid": {
        "background_color": "ffffff00", 
        "bg_type": "one", 
        "font_color": "90a4aeff", 
        "font_name": "ClanPro-News", 
        "font_size": 110, 
        "isForked": true, 
        "text_shadow": {
            "br": 0, 
            "color": "000000ff", 
            "nm": 0, 
            "x": 0, 
            "y": 0
        }
    }, 
    "wType": "Button", 
    "watchos": {
        "background_color": "ffffff00", 
        "bg_type": "one", 
        "font_color": "90a4aeff", 
        "font_name": "Helvetica", 
        "font_size": 110, 
        "isForked": true
    }, 
    "windows8": {
        "background_color": "ffffff00", 
        "bg_type": "one", 
        "font_color": "90a4aeff", 
        "font_name": "GenericMonospace", 
        "font_size": 110, 
        "isForked": true
    }, 
    "winphone8": {
        "background_color": "ffffff00", 
        "bg_type": "one", 
        "font_color": "90a4aeff", 
        "font_name": "Nunito-Light", 
        "font_size": 110, 
        "isForked": true
    }
}