{
    "android": {
        "border_color": "00000000", 
        "border_style": "plain", 
        "border_type": 0, 
        "border_width": 0, 
        "isForked": true
    }, 
    "background_color": "f2f2f2ff", 
    "bg_type": "one", 
    "border_color": "000000ff", 
    "border_style": "plain", 
    "border_type": 0, 
    "border_width": 0, 
    "desktopweb": {
        "bottom_left_border_color": "000000ff", 
        "bottom_left_border_style": "plain", 
        "bottom_left_border_width": 0, 
        "bottom_right_border_color": "000000ff", 
        "bottom_right_border_style": "plain", 
        "bottom_right_border_width": 0, 
        "isForked": true, 
        "shadow": {
            "br": 0, 
            "color": "000000", 
            "inner": false, 
            "nm": 0, 
            "x": 0, 
            "y": 0
        }, 
        "top_left_border_color": "000000ff", 
        "top_left_border_style": "plain", 
        "top_left_border_width": 0, 
        "top_right_border_color": "000000ff", 
        "top_right_border_style": "plain", 
        "top_right_border_width": 0
    }, 
    "ipad": {
        "border_color": "00000000", 
        "border_style": "plain", 
        "border_type": 0, 
        "border_width": 0, 
        "isForked": true, 
        "shadow": {
            "br": 0, 
            "color": "000000", 
            "inner": false, 
            "nm": 0, 
            "x": 0, 
            "y": 0
        }
    }, 
    "iphone": {
        "border_color": "00000000", 
        "border_style": "plain", 
        "border_type": 0, 
        "border_width": 0, 
        "isForked": true, 
        "shadow": {
            "br": 0, 
            "color": "000000", 
            "inner": false, 
            "nm": 0, 
            "x": 0, 
            "y": 0
        }
    }, 
    "isDefaultSkin": false, 
    "kiosk": {
        "border_color": "00000000", 
        "border_style": "plain", 
        "border_type": 0, 
        "border_width": 0, 
        "isForked": true
    }, 
    "kuid": "sfa8cf11be9640378a23842127a5ba84", 
    "spaan": {
        "bottom_left_border_color": "000000ff", 
        "bottom_left_border_style": "plain", 
        "bottom_left_border_width": 0, 
        "bottom_right_border_color": "000000ff", 
        "bottom_right_border_style": "plain", 
        "bottom_right_border_width": 0, 
        "isForked": true, 
        "shadow": {
            "br": 0, 
            "color": "000000", 
            "inner": false, 
            "nm": 0, 
            "x": 0, 
            "y": 0
        }, 
        "top_left_border_color": "000000ff", 
        "top_left_border_style": "plain", 
        "top_left_border_width": 0, 
        "top_right_border_color": "000000ff", 
        "top_right_border_style": "plain", 
        "top_right_border_width": 0
    }, 
    "spaandroidtablet": {
        "bottom_left_border_color": "000000ff", 
        "bottom_left_border_style": "plain", 
        "bottom_left_border_width": 0, 
        "bottom_right_border_color": "000000ff", 
        "bottom_right_border_style": "plain", 
        "bottom_right_border_width": 0, 
        "isForked": true, 
        "shadow": {
            "br": 0, 
            "color": "000000", 
            "inner": false, 
            "nm": 0, 
            "x": 0, 
            "y": 0
        }, 
        "top_left_border_color": "000000ff", 
        "top_left_border_style": "plain", 
        "top_left_border_width": 0, 
        "top_right_border_color": "000000ff", 
        "top_right_border_style": "plain", 
        "top_right_border_width": 0
    }, 
    "spabb": {
        "bottom_left_border_color": "000000ff", 
        "bottom_left_border_style": "plain", 
        "bottom_left_border_width": 0, 
        "bottom_right_border_color": "000000ff", 
        "bottom_right_border_style": "plain", 
        "bottom_right_border_width": 0, 
        "isForked": true, 
        "shadow": {
            "br": 0, 
            "color": "000000", 
            "inner": false, 
            "nm": 0, 
            "x": 0, 
            "y": 0
        }, 
        "top_left_border_color": "000000ff", 
        "top_left_border_style": "plain", 
        "top_left_border_width": 0, 
        "top_right_border_color": "000000ff", 
        "top_right_border_style": "plain", 
        "top_right_border_width": 0
    }, 
    "spaip": {
        "bottom_left_border_color": "000000ff", 
        "bottom_left_border_style": "plain", 
        "bottom_left_border_width": 0, 
        "bottom_right_border_color": "000000ff", 
        "bottom_right_border_style": "plain", 
        "bottom_right_border_width": 0, 
        "isForked": true, 
        "shadow": {
            "br": 0, 
            "color": "000000", 
            "inner": false, 
            "nm": 0, 
            "x": 0, 
            "y": 0
        }, 
        "top_left_border_color": "000000ff", 
        "top_left_border_style": "plain", 
        "top_left_border_width": 0, 
        "top_right_border_color": "000000ff", 
        "top_right_border_style": "plain", 
        "top_right_border_width": 0
    }, 
    "spaipad": {
        "bottom_left_border_color": "000000ff", 
        "bottom_left_border_style": "plain", 
        "bottom_left_border_width": 0, 
        "bottom_right_border_color": "000000ff", 
        "bottom_right_border_style": "plain", 
        "bottom_right_border_width": 0, 
        "isForked": true, 
        "shadow": {
            "br": 0, 
            "color": "000000", 
            "inner": false, 
            "nm": 0, 
            "x": 0, 
            "y": 0
        }, 
        "top_left_border_color": "000000ff", 
        "top_left_border_style": "plain", 
        "top_left_border_width": 0, 
        "top_right_border_color": "000000ff", 
        "top_right_border_style": "plain", 
        "top_right_border_width": 0
    }, 
    "spawindowstablet": {
        "bottom_left_border_color": "000000ff", 
        "bottom_left_border_style": "plain", 
        "bottom_left_border_width": 0, 
        "bottom_right_border_color": "000000ff", 
        "bottom_right_border_style": "plain", 
        "bottom_right_border_width": 0, 
        "isForked": true, 
        "shadow": {
            "br": 0, 
            "color": "000000", 
            "inner": false, 
            "nm": 0, 
            "x": 0, 
            "y": 0
        }, 
        "top_left_border_color": "000000ff", 
        "top_left_border_style": "plain", 
        "top_left_border_width": 0, 
        "top_right_border_color": "000000ff", 
        "top_right_border_style": "plain", 
        "top_right_border_width": 0
    }, 
    "spawinphone8": {
        "bottom_left_border_color": "000000ff", 
        "bottom_left_border_style": "plain", 
        "bottom_left_border_width": 0, 
        "bottom_right_border_color": "000000ff", 
        "bottom_right_border_style": "plain", 
        "bottom_right_border_width": 0, 
        "isForked": true, 
        "shadow": {
            "br": 0, 
            "color": "000000", 
            "inner": false, 
            "nm": 0, 
            "x": 0, 
            "y": 0
        }, 
        "top_left_border_color": "000000ff", 
        "top_left_border_style": "plain", 
        "top_left_border_width": 0, 
        "top_right_border_color": "000000ff", 
        "top_right_border_style": "plain", 
        "top_right_border_width": 0
    }, 
    "tabrcandroid": {
        "border_color": "00000000", 
        "border_style": "plain", 
        "border_type": 0, 
        "border_width": 0, 
        "isForked": true
    }, 
    "wType": "FlexContainer", 
    "windows8": {
        "border_color": "00000000", 
        "border_style": "plain", 
        "border_type": 0, 
        "border_width": 0, 
        "isForked": true
    }, 
    "winphone8": {
        "border_color": "00000000", 
        "border_style": "plain", 
        "border_type": 0, 
        "border_width": 0, 
        "isForked": true
    }
}