{
    "android": {
        "font_name": "Roboto-Medium", 
        "font_size": 110, 
        "isForked": false
    }, 
    "background_color": "00000000", 
    "bg_type": "one", 
    "border_color": "424242ff", 
    "border_style": "plain", 
    "border_type": 0, 
    "border_width": 0, 
    "desktopweb": {
        "font_color": "33386dff", 
        "font_name": "Helvetica", 
        "font_size": 100, 
        "isForked": true
    }, 
    "fontSizeInPx": false, 
    "font_color": "1d1d26ff", 
    "font_name": "Helvetica", 
    "font_size": 110, 
    "font_style": "normal", 
    "font_weight": "normal", 
    "ipad": {
        "font_color": "33386dff", 
        "font_name": "ClanPro-News", 
        "font_size": 100, 
        "isForked": true
    }, 
    "iphone": {
        "font_name": "OpenSans-Regular", 
        "font_size": 110, 
        "isForked": false
    }, 
    "isDefaultSkin": false, 
    "kiosk": {
        "font_color": "33386dff", 
        "font_name": "GenericMonospace", 
        "font_size": 100, 
        "isForked": true
    }, 
    "kuid": "s4cb3a4d37184d65bc98a837730b5d76", 
    "spaan": {
        "font_name": "Nunito-Medium", 
        "font_size": 110, 
        "isForked": false
    }, 
    "spaandroidtablet": {
        "font_color": "33386dff", 
        "font_name": "Helvetica", 
        "font_size": 100, 
        "isForked": true
    }, 
    "spabb": {
        "font_name": "Helvetica", 
        "font_size": 110, 
        "isForked": false
    }, 
    "spaip": {
        "font_name": "Nunito-Medium", 
        "font_size": 110, 
        "isForked": false
    }, 
    "spaipad": {
        "font_color": "33386dff", 
        "font_name": "Helvetica", 
        "font_size": 100, 
        "isForked": true
    }, 
    "spawindowstablet": {
        "font_color": "33386dff", 
        "font_name": "Helvetica", 
        "font_size": 100, 
        "isForked": true
    }, 
    "spawinphone8": {
        "font_name": "Helvetica", 
        "font_size": 110, 
        "isForked": false
    }, 
    "tabrcandroid": {
        "font_color": "33386dff", 
        "font_name": "ClanPro-News", 
        "font_size": 100, 
        "isForked": true
    }, 
    "wType": "Label", 
    "watchos": {
        "font_color": "33386dff", 
        "font_name": "Helvetica", 
        "font_size": 100, 
        "isForked": true
    }, 
    "windows8": {
        "font_color": "33386dff", 
        "font_name": "GenericMonospace", 
        "font_size": 100, 
        "isForked": true
    }, 
    "winphone8": {
        "font_name": "GenericMonospace", 
        "font_size": 110, 
        "isForked": false
    }
}