{
    "background_color": "00000000", 
    "bg_type": "one", 
    "border_color": "ffffffff", 
    "border_style": "plain", 
    "border_type": 0, 
    "border_width": 0, 
    "desktopweb": {
        "background_color": "ffffff00", 
        "bg_type": "one", 
        "bottom_left_border_color": "ffffffff", 
        "bottom_left_border_style": "plain", 
        "bottom_left_border_width": 0, 
        "bottom_right_border_color": "ffffffff", 
        "bottom_right_border_style": "plain", 
        "bottom_right_border_width": 0, 
        "isForked": true, 
        "shadow": {
            "br": 2, 
            "color": "000000ff", 
            "inner": false, 
            "nm": 0, 
            "x": 0, 
            "y": 2
        }, 
        "text_shadow": {
            "br": 0, 
            "color": "000000ff", 
            "x": 0, 
            "y": -1
        }, 
        "top_left_border_color": "ffffffff", 
        "top_left_border_style": "plain", 
        "top_left_border_width": 0, 
        "top_right_border_color": "ffffffff", 
        "top_right_border_style": "plain", 
        "top_right_border_width": 0
    }, 
    "font_color": "ffffffff", 
    "font_name": "Helvetica", 
    "font_size": 148, 
    "font_style": "normal", 
    "font_weight": "normal", 
    "ipad": {
        "background_color": "ffffff00", 
        "bg_type": "one", 
        "isForked": true, 
        "text_shadow": {
            "br": 0, 
            "color": "000000ff", 
            "x": 0, 
            "y": -1
        }
    }, 
    "isDefaultSkin": false, 
    "kiosk": {
        "background_color": "ffffff00", 
        "bg_type": "one", 
        "isForked": true
    }, 
    "kuid": "s655fc02c5834aad8ba1040e021785a9", 
    "spaandroidtablet": {
        "background_color": "ffffff00", 
        "bg_type": "one", 
        "bottom_left_border_color": "ffffffff", 
        "bottom_left_border_style": "plain", 
        "bottom_left_border_width": 0, 
        "bottom_right_border_color": "ffffffff", 
        "bottom_right_border_style": "plain", 
        "bottom_right_border_width": 0, 
        "isForked": true, 
        "shadow": {
            "br": 2, 
            "color": "000000ff", 
            "inner": false, 
            "nm": 0, 
            "x": 0, 
            "y": 2
        }, 
        "text_shadow": {
            "br": 0, 
            "color": "000000ff", 
            "x": 0, 
            "y": -1
        }, 
        "top_left_border_color": "ffffffff", 
        "top_left_border_style": "plain", 
        "top_left_border_width": 0, 
        "top_right_border_color": "ffffffff", 
        "top_right_border_style": "plain", 
        "top_right_border_width": 0
    }, 
    "spaipad": {
        "background_color": "ffffff00", 
        "bg_type": "one", 
        "bottom_left_border_color": "ffffffff", 
        "bottom_left_border_style": "plain", 
        "bottom_left_border_width": 0, 
        "bottom_right_border_color": "ffffffff", 
        "bottom_right_border_style": "plain", 
        "bottom_right_border_width": 0, 
        "isForked": true, 
        "shadow": {
            "br": 2, 
            "color": "000000ff", 
            "inner": false, 
            "nm": 0, 
            "x": 0, 
            "y": 2
        }, 
        "text_shadow": {
            "br": 0, 
            "color": "000000ff", 
            "x": 0, 
            "y": -1
        }, 
        "top_left_border_color": "ffffffff", 
        "top_left_border_style": "plain", 
        "top_left_border_width": 0, 
        "top_right_border_color": "ffffffff", 
        "top_right_border_style": "plain", 
        "top_right_border_width": 0
    }, 
    "spawindowstablet": {
        "background_color": "ffffff00", 
        "bg_type": "one", 
        "bottom_left_border_color": "ffffffff", 
        "bottom_left_border_style": "plain", 
        "bottom_left_border_width": 0, 
        "bottom_right_border_color": "ffffffff", 
        "bottom_right_border_style": "plain", 
        "bottom_right_border_width": 0, 
        "isForked": true, 
        "shadow": {
            "br": 2, 
            "color": "000000ff", 
            "inner": false, 
            "nm": 0, 
            "x": 0, 
            "y": 2
        }, 
        "text_shadow": {
            "br": 0, 
            "color": "000000ff", 
            "x": 0, 
            "y": -1
        }, 
        "top_left_border_color": "ffffffff", 
        "top_left_border_style": "plain", 
        "top_left_border_width": 0, 
        "top_right_border_color": "ffffffff", 
        "top_right_border_style": "plain", 
        "top_right_border_width": 0
    }, 
    "tabrcandroid": {
        "background_color": "ffffff00", 
        "bg_type": "one", 
        "isForked": true, 
        "text_shadow": {
            "br": 0, 
            "color": "000000ff", 
            "x": 0, 
            "y": -1
        }
    }, 
    "wType": "Button", 
    "watchos": {
        "background_color": "ffffff00", 
        "bg_type": "one", 
        "isForked": true
    }, 
    "windows8": {
        "background_color": "ffffff00", 
        "bg_type": "one", 
        "isForked": true
    }
}