{
    "NativeFunctionAPI": {
        "iOS": {
            "11.0": {
                "Kony_SyncV2-iOS-11.0": {
                    "title": "Kony_SyncV2",
                    "platform": "iOS",
                    "os": "11.0",
                    "url": "D:\\kony\\kony8.0\\Kony_Visualizer_Enterprise\\configuration\\org.eclipse.osgi\\bundles\\482\\1\\.cp\\resources\\sdk\\nativeBindings\\Kony_SyncV2-iOS-11.0.zip",
                    "filepath": "D:\\kony\\Kony8.0wrkEnter\\Offlinepdf\\nativebindings\\iOS\\11.0\\Kony_SyncV2-iOS-11.0.zip",
                    "enable": true
                },
                "Foundation-iOS-11.0": {
                    "title": "Foundation",
                    "platform": "iOS",
                    "os": "11.0",
                    "url": "D:\\kony\\Kony8.0wrkEnter\\.imports\\.temp\\import452798900\\nativebindings\\iOS\\11.0\\Foundation-iOS-11.0.zip",
                    "filepath": "D:\\kony\\Kony8.0wrkEnter\\Offlinepdf\\nativebindings\\iOS\\11.0\\Foundation-iOS-11.0.zip",
                    "enable": true
                },
                "UIKit-iOS-11.0": {
                    "title": "UIKit",
                    "platform": "iOS",
                    "os": "11.0",
                    "url": "/visualizer/nativeframeworks/ios/7.0/UIKit-iOS-11.0.zip",
                    "checksum": "6effc8bb47bc4871c124071357b0406b523c2a0e",
                    "projectName": "onlinePDF",
                    "filepath": "D:\\kony\\Kony8.0wrkEnter\\Offlinepdf\\nativebindings\\iOS\\11.0\\UIKit-iOS-11.0.zip",
                    "enable": true
                }
            },
            "10.0": {
                "UIKit-iOS-10.0": {
                    "title": "UIKit",
                    "platform": "iOS",
                    "os": "10.0",
                    "url": "D:\\kony\\Kony8.0wrkEnter\\.nativebindings\\iOS\\10.0\\UIKit-iOS-10.0.zip",
                    "filepath": "D:\\kony\\Kony8.0wrkEnter\\Offlinepdf\\nativebindings\\iOS\\10.0\\UIKit-iOS-10.0.zip",
                    "enable": false
                },
                "Foundation-iOS-10.0": {
                    "title": "Foundation",
                    "platform": "iOS",
                    "os": "10.0",
                    "url": "D:\\kony\\Kony8.0wrkEnter\\.nativebindings\\iOS\\10.0\\Foundation-iOS-10.0.zip",
                    "filepath": "D:\\kony\\Kony8.0wrkEnter\\Offlinepdf\\nativebindings\\iOS\\10.0\\Foundation-iOS-10.0.zip",
                    "enable": false
                },
                "Kony_SyncV2-iOS-10.0": {
                    "title": "Kony_SyncV2",
                    "platform": "iOS",
                    "os": "10.0",
                    "url": "D:\\kony\\Kony8.0wrkEnter\\.nativebindings\\iOS\\10.0\\Kony_SyncV2-iOS-10.0.zip",
                    "filepath": "D:\\kony\\Kony8.0wrkEnter\\Offlinepdf\\nativebindings\\iOS\\10.0\\Kony_SyncV2-iOS-10.0.zip",
                    "enable": false
                }
            }
        },
        "Android": {
            "4.0": {
                "Kony_SyncV2-Android-4.0": {
                    "title": "Kony_SyncV2",
                    "platform": "Android",
                    "os": "4.0",
                    "url": "D:\\kony\\kony8.0\\Kony_Visualizer_Enterprise\\configuration\\org.eclipse.osgi\\bundles\\482\\1\\.cp\\resources\\sdk\\nativeBindings\\Kony_SyncV2-Android-4.0.zip",
                    "filepath": "D:\\kony\\Kony8.0wrkEnter\\Offlinepdf\\nativebindings\\Android\\4.0\\Kony_SyncV2-Android-4.0.zip",
                    "enable": true
                },
                "android.webkit-Android-4.0": {
                    "title": "android.webkit",
                    "platform": "Android",
                    "os": "4.0",
                    "url": "D:\\kony\\Kony8.0wrkEnter\\.nativebindings\\Android\\4.0\\android.webkit-Android-4.0.zip",
                    "filepath": "D:\\kony\\Kony8.0wrkEnter\\Offlinepdf\\nativebindings\\Android\\4.0\\android.webkit-Android-4.0.zip",
                    "enable": true
                }
            }
        }
    }
}