{
    "DNDConfig": null,
    "__parentReadjusting__": false,
    "_height_": {
        "type": "string",
        "value": "62%"
    },
    "_left_": {
        "type": "string",
        "value": "0dp"
    },
    "_margin_": [
        0,
        0,
        0,
        0
    ],
    "_orientation_": 6,
    "_padding_": [
        0,
        0,
        0,
        0
    ],
    "_percent_": true,
    "_skin_": "s0843070d0204adda16cf20c042f67a8",
    "_top_": {
        "type": "string",
        "value": "-73%"
    },
    "_width_": {
        "type": "string",
        "value": "80%"
    },
    "allboxes": [],
    "autogrowmode": 0,
    "canUpdateUI": true,
    "children": [],
    "clipbounds": true,
    "containerweight": 100,
    "enablescrolling": true,
    "id": "flxBlockContext",
    "ide_onClick": "AS_FlexContainer_h10c1e22d2a646d2b9560cf1ff891231",
    "info": null,
    "iscustomlayout": false,
    "isvisible": false,
    "kuid": "de93ddd3e899434d8b900b4cff6ca414",
    "layouttype": 2,
    "name": "kony.ui.FlexContainer",
    "parent": "flxMainSlidingMenu",
    "pf": "userwidgetmodel",
    "retaincontentalignment": false,
    "retainflexpositionproperties": false,
    "snapgridsize": 10,
    "snaptogrid": true,
    "wType": "FlexContainer",
    "widgetalignment": 1,
    "zindex": 10
}