{
    "DNDConfig": null,
    "__parentReadjusting__": false,
    "_height_": {
        "type": "string",
        "value": "23%"
    },
    "_left_": {
        "type": "string",
        "value": "30.00%"
    },
    "_margin_": [
        0,
        0,
        0,
        0
    ],
    "_orientation_": 6,
    "_padding_": [
        0,
        0,
        0,
        0
    ],
    "_percent_": true,
    "_skin_": "s0843070d0204adda16cf20c042f67a8",
    "_top_": {
        "type": "string",
        "value": "0dp"
    },
    "_width_": {
        "type": "string",
        "value": "70%"
    },
    "allboxes": [],
    "autogrowmode": 0,
    "canUpdateUI": true,
    "children": [
        "flxImage",
        "lblHeaderText1",
        "lblHeaderText2"
    ],
    "clipbounds": true,
    "containerweight": 100,
    "enablescrolling": true,
    "id": "flxHeader",
    "info": null,
    "isvisible": true,
    "kuid": "f87c553438dc433d8339ef08642f021f",
    "layouttype": 2,
    "name": "kony.ui.FlexContainer",
    "parent": "flxMainSlidingMenu",
    "pf": "userwidgetmodel",
    "snapgridsize": 10,
    "snaptogrid": true,
    "wType": "FlexContainer",
    "widgetalignment": 1,
    "zindex": 1
}