{
    "DNDConfig": null,
    "__parentReadjusting__": false,
    "_height_": {
        "type": "string",
        "value": "62%"
    },
    "_left_": {
        "type": "string",
        "value": "0%"
    },
    "_margin_": [
        0,
        0,
        0,
        0
    ],
    "_orientation_": 6,
    "_padding_": [
        0,
        0,
        0,
        0
    ],
    "_percent_": true,
    "_skin_": "s8ef3fc4482c4e6e8743c87122cd23ef",
    "_top_": {
        "type": "string",
        "value": "5%"
    },
    "_width_": {
        "type": "string",
        "value": "80%"
    },
    "allboxes": [],
    "allowhorizontalbounce": true,
    "allowverticalbounce": true,
    "bounces": false,
    "canUpdateUI": true,
    "children": [
        "lblMenuContent"
    ],
    "clipbounds": true,
    "containerweight": 100,
    "decelerat": false,
    "defaultunit": 3,
    "dragg": false,
    "enablescrolling": true,
    "horizontalscrollindicator": true,
    "id": "flxMenuControl",
    "info": null,
    "isvisible": true,
    "kuid": "ba04bad93e8041b4b395719fd6a819fb",
    "layouttype": 2,
    "name": "kony.ui.FlexScrollContainer",
    "pagingenabled": false,
    "parent": "flxMainSlidingMenu",
    "pf": "userwidgetmodel",
    "scrolldirection": 2,
    "snapgridsize": 10,
    "snaptogrid": true,
    "track": false,
    "verticalscrollindicator": true,
    "vizProps": {},
    "wType": "FlexScrollContainer",
    "widgetalignment": 1,
    "zindex": 1
}