{
    "DNDConfig": null,
    "__parentReadjusting__": false,
    "_height_": {
        "type": "string",
        "value": "100%"
    },
    "_left_": {
        "type": "string",
        "value": "-29.50%"
    },
    "_margin_": [
        0,
        0,
        0,
        0
    ],
    "_orientation_": 6,
    "_padding_": [
        0,
        0,
        0,
        0
    ],
    "_percent_": true,
    "_skin_": "s67724e8c01546e9902d4dd95c95086e",
    "_top_": {
        "type": "string",
        "value": "0dp"
    },
    "_width_": {
        "type": "string",
        "value": "100%"
    },
    "allboxes": [],
    "autogrowmode": 0,
    "canUpdateUI": true,
    "children": [
        "flxHeader",
        "flxMenuControl",
        "flxBotom",
        "flxBlockContext"
    ],
    "clipbounds": true,
    "containerweight": 100,
    "enablescrolling": true,
    "id": "flxMainSlidingMenu",
    "ide_onClick": "AS_FlexContainer_h3185d7a0a644d3cab78484054d42a48",
    "info": null,
    "isvisible": true,
    "kuid": "ee2f361ec6024cc48e36ce11a55799f1",
    "layouttype": 4,
    "name": "kony.ui.FlexContainer",
    "parent": "slidingmenu",
    "pf": "userwidgetmodel",
    "snapgridsize": 10,
    "snaptogrid": true,
    "wType": "FlexContainer",
    "widgetalignment": 1,
    "zindex": 3
}