{
    "@class": "com.kony.gen.viz.model.component.KVizImage2",
    "DNDConfig": null,
    "__parentReadjusting__": false,
    "_base64_": null,
    "_height_": {
        "type": "string",
        "value": "1dp"
    },
    "_left_": {
        "type": "string",
        "value": "73dp"
    },
    "_margin_": [
        0,
        0,
        0,
        0
    ],
    "_padding_": [
        0,
        0,
        0,
        0
    ],
    "_skin_": "se92e54a41a54d459c9ee8bd58bfe852",
    "_src_": "konymp_sm_chevron_right.png",
    "_top_": {
        "type": "string",
        "value": "244dp"
    },
    "_width_": {
        "type": "string",
        "value": "1dp"
    },
    "canUpdateUI": true,
    "containerweight": 100,
    "context": {
        "channel": "mobile",
        "formID": "uwu4aefd4ccd4f43c288e73b769abc427f",
        "platform": "iphone",
        "templateType": "userwidgets",
        "topLevelBox": null
    },
    "id": "imgChevron",
    "imagescalemode": 1,
    "info": null,
    "isvisible": false,
    "kuid": "c18b15afe1904356815cc9344a8d69a8",
    "name": "kony.ui.Image2",
    "parent": "flxCover",
    "pf": "userwidgetmodel",
    "srcType": 1,
    "wType": "Image",
    "widgetalignment": 5,
    "zindex": 1
}