{
    "AS_FlexContainer_d9acbf6b75bf4bf9b228517e9133a99f": {
        "id": "AS_FlexContainer_d9acbf6b75bf4bf9b228517e9133a99f",
        "type": "ACTION_SEQUENCE",
        "params": [{
            "datatype": "collection",
            "name": "eventobject"
        }, {
            "datatype": "collection",
            "name": "context"
        }],
        "language": "js",
        "actions": [{
            "id": "ADD_SNIPPET_ide_onClick_ad6b48f3e66a46ff81ecb9825828c41b",
            "type": "ADD_SNIPPET",
            "codeSnippet": "this.view.executeOnParent(\"getDirectionsInvoked\",context);",
            "callbackType": null
        }]
    }
}