{
    "AS_FlexContainer_c7d65e066da844a497dc8b62d4b1bb60": {
        "id": "AS_FlexContainer_c7d65e066da844a497dc8b62d4b1bb60",
        "type": "ACTION_SEQUENCE",
        "params": [{
            "datatype": "collection",
            "name": "eventobject"
        }, {
            "datatype": "collection",
            "name": "context"
        }],
        "language": "js",
        "actions": [{
            "id": "ADD_SNIPPET_ide_onClick_fa0cecb25f444d74bce233328d6771cb",
            "type": "ADD_SNIPPET",
            "codeSnippet": "this.view.executeOnParent(\"getDirectionsInvoked\",context);",
            "callbackType": null
        }]
    }
}