{
    "AS_Button_de7fb28826cf4b04b3fcc2adfa5de697": {
        "id": "AS_Button_de7fb28826cf4b04b3fcc2adfa5de697",
        "type": "ACTION_SEQUENCE",
        "params": [{
            "datatype": "collection",
            "name": "eventobject"
        }],
        "language": "js",
        "actions": [{
            "id": "ADD_SNIPPET_ide_onClick_afe14ce7c0c14847975044882a4d0f7d",
            "type": "ADD_SNIPPET",
            "codeSnippet": "this.cancelDirections();",
            "callbackType": null
        }]
    }
}