{
    "AS_Button_ifde78509a734e2dbcc2c0ed6f091ca2": {
        "id": "AS_Button_ifde78509a734e2dbcc2c0ed6f091ca2",
        "type": "ACTION_SEQUENCE",
        "params": [{
            "datatype": "collection",
            "name": "eventobject"
        }],
        "language": "js",
        "actions": [{
            "id": "ADD_SNIPPET_ide_onClick_e3a1307fcd40420d8664a6a4d04c9214",
            "type": "ADD_SNIPPET",
            "codeSnippet": "this.openGoogleMaps();",
            "callbackType": null
        }]
    }
}