{
    "AS_Button_jca4f53738964532b3d54cb7a2fcabeb": {
        "id": "AS_Button_jca4f53738964532b3d54cb7a2fcabeb",
        "type": "ACTION_SEQUENCE",
        "params": [{
            "datatype": "collection",
            "name": "eventobject"
        }],
        "language": "js",
        "actions": [{
            "id": "ADD_SNIPPET_ide_onClick_d00d2dd4a4704b66b692241091f7474b",
            "type": "ADD_SNIPPET",
            "codeSnippet": "this.openAppleMaps();",
            "callbackType": null
        }]
    }
}