{
    "AS_FlexContainer_cffcc6c473ad41f38f2fb56677fd1487": {
        "id": "AS_FlexContainer_cffcc6c473ad41f38f2fb56677fd1487",
        "type": "ACTION_SEQUENCE",
        "params": [{
            "datatype": "collection",
            "name": "eventobject"
        }],
        "contextObj": {
            "name": "uwuc96dbde39684300bf87de81f7ac7372",
            "type": "userwidgets",
            "KUID": "uc96dbde39684300bf87de81f7ac7372"
        },
        "language": "js",
        "actions": [{
            "id": "ADD_SNIPPET__da2a190afe524dd393864444ccfde675",
            "type": "ADD_SNIPPET",
            "codeSnippet": "//No Action to be performed",
            "parentId": null,
            "callbackType": null
        }]
    }
}