{
    "AS_FlexContainer_a5ef4136774245c998c0f733e6994b18": {
        "id": "AS_FlexContainer_a5ef4136774245c998c0f733e6994b18",
        "type": "ACTION_SEQUENCE",
        "params": [{
            "datatype": "collection",
            "name": "eventobject"
        }],
        "contextObj": {
            "name": "uwuda473f207e44468bc0d86c01f9277cd",
            "type": "userwidgets",
            "KUID": "uda473f207e44468bc0d86c01f9277cd"
        },
        "language": "js",
        "actions": [{
            "id": "ADD_SNIPPET__j12a291945fa46f3992f28415577a3b7",
            "type": "ADD_SNIPPET",
            "codeSnippet": "this.changeOfLocationStart();",
            "parentId": null,
            "callbackType": null
        }]
    }
}