{
    "AS_FlexContainer_i7b83802d9a842fabe2ef7d82b603f54": {
        "id": "AS_FlexContainer_i7b83802d9a842fabe2ef7d82b603f54",
        "type": "ACTION_SEQUENCE",
        "params": [{
            "datatype": "collection",
            "name": "eventobject"
        }],
        "contextObj": {
            "name": "uwuda473f207e44468bc0d86c01f9277cd",
            "type": "userwidgets",
            "KUID": "uda473f207e44468bc0d86c01f9277cd"
        },
        "language": "js",
        "actions": [{
            "id": "ADD_SNIPPET__j6a3143ed62c43e0a7a79b5296c2c689",
            "type": "ADD_SNIPPET",
            "codeSnippet": "this.createDynamicMenu(null);",
            "parentId": null,
            "callbackType": null
        }]
    }
}