{
    "AS_FlexContainer_d212826943a34b24bbf2f72aea6405b7": {
        "id": "AS_FlexContainer_d212826943a34b24bbf2f72aea6405b7",
        "type": "ACTION_SEQUENCE",
        "params": [{
            "datatype": "collection",
            "name": "eventobject"
        }],
        "contextObj": {
            "name": "uwuda473f207e44468bc0d86c01f9277cd",
            "type": "userwidgets",
            "KUID": "uda473f207e44468bc0d86c01f9277cd"
        },
        "language": "js",
        "actions": [{
            "id": "ADD_SNIPPET__c93a961b47164a23ad9c5a21b6de4788",
            "type": "ADD_SNIPPET",
            "codeSnippet": "this.clearSelectedFilterOptions();",
            "parentId": null,
            "callbackType": null
        }]
    }
}