{
    "AS_Image_g222167ec5f14be3824778b4305cc61b": {
        "id": "AS_Image_g222167ec5f14be3824778b4305cc61b",
        "type": "ACTION_SEQUENCE",
        "params": [{
            "datatype": "collection",
            "name": "eventobject"
        }, {
            "datatype": "string",
            "name": "x"
        }, {
            "datatype": "string",
            "name": "y"
        }],
        "language": "js",
        "actions": [{
            "id": "ADD_SNIPPET_ide_onTouchEnd_ge7128acf0f345dfae45cd994134c3ab",
            "type": "ADD_SNIPPET",
            "codeSnippet": "this.starRating(eventobject);",
            "callbackType": null
        }]
    }
}