{
    "AS_Image_a4aece6ddc134609a627e4248c8d58bd": {
        "id": "AS_Image_a4aece6ddc134609a627e4248c8d58bd",
        "type": "ACTION_SEQUENCE",
        "params": [{
            "datatype": "collection",
            "name": "eventobject"
        }, {
            "datatype": "string",
            "name": "x"
        }, {
            "datatype": "string",
            "name": "y"
        }],
        "contextObj": {
            "name": "uwuda473f207e44468bc0d86c01f9277cd",
            "type": "userwidgets",
            "KUID": "uda473f207e44468bc0d86c01f9277cd"
        },
        "language": "js",
        "actions": [{
            "id": "ADD_SNIPPET__b8bc4143b883473bb5922bdfa81afa26",
            "type": "ADD_SNIPPET",
            "codeSnippet": "this.enableFilterView();",
            "parentId": null,
            "callbackType": null
        }]
    }
}