{
    "AS_Image_f5b484deab4a47038779c10e1da70197": {
        "id": "AS_Image_f5b484deab4a47038779c10e1da70197",
        "type": "ACTION_SEQUENCE",
        "params": [{
            "datatype": "collection",
            "name": "eventobject"
        }, {
            "datatype": "string",
            "name": "x"
        }, {
            "datatype": "string",
            "name": "y"
        }],
        "language": "js",
        "actions": [{
            "id": "ADD_SNIPPET_ide_onTouchEnd_a6df0f0940724eb0ae843571183cfa8f",
            "type": "ADD_SNIPPET",
            "codeSnippet": "this.starRating(eventobject);",
            "callbackType": null
        }]
    }
}