{
    "AS_Image_gffdade6b75245f6b8a1b5fe2e65a227": {
        "id": "AS_Image_gffdade6b75245f6b8a1b5fe2e65a227",
        "type": "ACTION_SEQUENCE",
        "params": [{
            "datatype": "collection",
            "name": "eventobject"
        }, {
            "datatype": "string",
            "name": "x"
        }, {
            "datatype": "string",
            "name": "y"
        }],
        "contextObj": {
            "name": "uwuda473f207e44468bc0d86c01f9277cd",
            "type": "userwidgets",
            "KUID": "uda473f207e44468bc0d86c01f9277cd"
        },
        "language": "js",
        "actions": [{
            "id": "ADD_SNIPPET__f320842118d04b2d8dabd327045f1621",
            "type": "ADD_SNIPPET",
            "codeSnippet": "this.viewShift();",
            "parentId": null,
            "callbackType": null
        }]
    }
}