{
    "AS_Label_b2718babf6d74b94a8c41b05324562bc": {
        "id": "AS_Label_b2718babf6d74b94a8c41b05324562bc",
        "type": "ACTION_SEQUENCE",
        "params": [{
            "datatype": "collection",
            "name": "eventobject"
        }, {
            "datatype": "string",
            "name": "x"
        }, {
            "datatype": "string",
            "name": "y"
        }],
        "contextObj": {
            "name": "uwuc96dbde39684300bf87de81f7ac7372",
            "type": "userwidgets",
            "KUID": "uc96dbde39684300bf87de81f7ac7372"
        },
        "language": "js",
        "actions": [{
            "id": "ADD_SNIPPET__c13dc0495f4141a1a1687da3915aa0e7",
            "type": "ADD_SNIPPET",
            "codeSnippet": "this.priceFilter(eventobject);",
            "parentId": null,
            "callbackType": null
        }]
    }
}