{
    "AS_Label_d429eb6e26254302a6bff4ddbc5933b1": {
        "id": "AS_Label_d429eb6e26254302a6bff4ddbc5933b1",
        "type": "ACTION_SEQUENCE",
        "params": [{
            "datatype": "collection",
            "name": "eventobject"
        }, {
            "datatype": "string",
            "name": "x"
        }, {
            "datatype": "string",
            "name": "y"
        }],
        "contextObj": {
            "name": "uwuda473f207e44468bc0d86c01f9277cd",
            "type": "userwidgets",
            "KUID": "uda473f207e44468bc0d86c01f9277cd"
        },
        "language": "js",
        "actions": [{
            "id": "ADD_SNIPPET__hbe4eabcdd714a51a1d2227b5225e7a6",
            "type": "ADD_SNIPPET",
            "codeSnippet": "this.enableFilterView();",
            "parentId": null,
            "callbackType": null
        }]
    }
}