{
    "AS_Label_cbac5a461fe341b187814d2cca9326b3": {
        "id": "AS_Label_cbac5a461fe341b187814d2cca9326b3",
        "type": "ACTION_SEQUENCE",
        "params": [{
            "datatype": "collection",
            "name": "eventobject"
        }, {
            "datatype": "string",
            "name": "x"
        }, {
            "datatype": "string",
            "name": "y"
        }],
        "contextObj": {
            "name": "uwuc96dbde39684300bf87de81f7ac7372",
            "type": "userwidgets",
            "KUID": "uc96dbde39684300bf87de81f7ac7372"
        },
        "language": "js",
        "actions": [{
            "id": "ADD_SNIPPET__c8a68c85725040c9aefe3910c13ecf22",
            "type": "ADD_SNIPPET",
            "codeSnippet": "this.priceFilter(eventobject);",
            "parentId": null,
            "callbackType": null
        }]
    }
}