{
    "AS_Label_jb1f38ab004744619112ff5948e58cd6": {
        "id": "AS_Label_jb1f38ab004744619112ff5948e58cd6",
        "type": "ACTION_SEQUENCE",
        "params": [{
            "datatype": "collection",
            "name": "eventobject"
        }, {
            "datatype": "string",
            "name": "x"
        }, {
            "datatype": "string",
            "name": "y"
        }],
        "contextObj": {
            "name": "uwuc96dbde39684300bf87de81f7ac7372",
            "type": "userwidgets",
            "KUID": "uc96dbde39684300bf87de81f7ac7372"
        },
        "language": "js",
        "actions": [{
            "id": "ADD_SNIPPET__ee350f71237e432d930068e51ab23b36",
            "type": "ADD_SNIPPET",
            "codeSnippet": "this.resetFilters();",
            "parentId": null,
            "callbackType": null
        }]
    }
}