{
    "AS_Label_aa5a58edaf5e4846944153a2bd4fb897": {
        "id": "AS_Label_aa5a58edaf5e4846944153a2bd4fb897",
        "type": "ACTION_SEQUENCE",
        "params": [{
            "datatype": "collection",
            "name": "eventobject"
        }, {
            "datatype": "string",
            "name": "x"
        }, {
            "datatype": "string",
            "name": "y"
        }],
        "contextObj": {
            "name": "uwuc96dbde39684300bf87de81f7ac7372",
            "type": "userwidgets",
            "KUID": "uc96dbde39684300bf87de81f7ac7372"
        },
        "language": "js",
        "actions": [{
            "id": "ADD_SNIPPET__g7c530b60f0f4e41b7a98c4eb72af16b",
            "type": "ADD_SNIPPET",
            "codeSnippet": "this.changeSortSelection(eventobject);",
            "parentId": null,
            "callbackType": null
        }]
    }
}