{
    "AS_Segment_g7b2863fdcb34044af7261f0603759da": {
        "id": "AS_Segment_g7b2863fdcb34044af7261f0603759da",
        "type": "ACTION_SEQUENCE",
        "params": [{
            "datatype": "collection",
            "name": "eventobject"
        }],
        "contextObj": {
            "name": "uwu10ed851c8be432abcc486da652268dd",
            "type": "userwidgets",
            "KUID": "u10ed851c8be432abcc486da652268dd"
        },
        "language": "js",
        "actions": [{
            "id": "ADD_SNIPPET__g80d6062a9ae41deba107bd747aef128",
            "type": "ADD_SNIPPET",
            "codeSnippet": "if(this.onPushOfSegment!=null && this.onPushOfSegment!=undefined){\nkony.application.showLoadingScreen(\"\", \"\", constants.LOADING_SCREEN_POSITION_FULL_SCREEN, true, true, {});\nthis.onPushOfSegment();\n}",
            "parentId": null,
            "callbackType": null
        }]
    }
}