{
    "AS_Segment_a68493c65e584978a6f1d2dbf2749f29": {
        "id": "AS_Segment_a68493c65e584978a6f1d2dbf2749f29",
        "type": "ACTION_SEQUENCE",
        "params": [{
            "datatype": "collection",
            "name": "eventobject"
        }, {
            "datatype": "string",
            "name": "x"
        }, {
            "datatype": "string",
            "name": "y"
        }],
        "contextObj": {
            "name": "uwu10ed851c8be432abcc486da652268dd",
            "type": "userwidgets",
            "KUID": "u10ed851c8be432abcc486da652268dd"
        },
        "language": "js",
        "actions": [{
            "id": "ADD_SNIPPET__g72ada4623904125b1565bc71f2fe843",
            "type": "ADD_SNIPPET",
            "codeSnippet": "if(parseInt(y) - this.initialDirectionPosition > 0)\n{\n  if(this.view.segListView.height == \"88%\"){\n    this.view.segListView.height = \"100%\";\n  }\n  this.view.forceLayout();\n}",
            "parentId": null,
            "callbackType": null
        }]
    }
}