{
    "AS_Segment_ccd12039e9484ce6b1c9b49a586fd24e": {
        "id": "AS_Segment_ccd12039e9484ce6b1c9b49a586fd24e",
        "type": "ACTION_SEQUENCE",
        "params": [{
            "datatype": "collection",
            "name": "eventobject"
        }, {
            "datatype": "number",
            "name": "sectionNumber"
        }, {
            "datatype": "number",
            "name": "rowNumber"
        }],
        "contextObj": {
            "name": "uwu10ed851c8be432abcc486da652268dd",
            "type": "userwidgets",
            "KUID": "u10ed851c8be432abcc486da652268dd"
        },
        "language": "js",
        "actions": [{
            "id": "ADD_SNIPPET__j8f1b800cd054ecaa850fca41e75c6e0",
            "type": "ADD_SNIPPET",
            "codeSnippet": "this.placeSelected(rowNumber);\n",
            "parentId": null,
            "callbackType": null
        }]
    }
}