{
    "AS_Segment_d2860d1168ac46e5b0a0058b15cee625": {
        "id": "AS_Segment_d2860d1168ac46e5b0a0058b15cee625",
        "type": "ACTION_SEQUENCE",
        "params": [{
            "datatype": "collection",
            "name": "eventobject"
        }, {
            "datatype": "string",
            "name": "x"
        }, {
            "datatype": "string",
            "name": "y"
        }],
        "contextObj": {
            "name": "uwu10ed851c8be432abcc486da652268dd",
            "type": "userwidgets",
            "KUID": "u10ed851c8be432abcc486da652268dd"
        },
        "language": "js",
        "actions": [{
            "id": "ADD_SNIPPET__cabff094cbf34d3eaa04ecb8bd4dd200",
            "type": "ADD_SNIPPET",
            "codeSnippet": "this.initialDirectionPosition = parseInt(y);",
            "parentId": null,
            "callbackType": null
        }]
    }
}