{
    "AS_Segment_g7265778e4ae47508609ae0db722b9eb": {
        "id": "AS_Segment_g7265778e4ae47508609ae0db722b9eb",
        "type": "ACTION_SEQUENCE",
        "params": [{
            "datatype": "collection",
            "name": "eventobject"
        }],
        "contextObj": {
            "name": "uwu10ed851c8be432abcc486da652268dd",
            "type": "userwidgets",
            "KUID": "u10ed851c8be432abcc486da652268dd"
        },
        "language": "js",
        "actions": [{
            "id": "ADD_SNIPPET__c436ab74fbf347849b7a262ae72a16b8",
            "type": "ADD_SNIPPET",
            "codeSnippet": "this.view.segListView.height = \"88%\";\nthis.view.segListView.selectedRowIndex = [0, this.view.segListView.data.length-1];\nthis.view.forceLayout();",
            "parentId": null,
            "callbackType": null
        }]
    }
}