{
    "AS_TextField_jeaa0c3e9b614c8faa88a4c1cb50efea": {
        "id": "AS_TextField_jeaa0c3e9b614c8faa88a4c1cb50efea",
        "type": "ACTION_SEQUENCE",
        "params": [{
            "datatype": "collection",
            "name": "eventobject"
        }, {
            "datatype": "string",
            "name": "x"
        }, {
            "datatype": "string",
            "name": "y"
        }],
        "contextObj": {
            "name": "uwu3f5fabf457b48cf9aac22c5593fe11e",
            "type": "userwidgets",
            "KUID": "u3f5fabf457b48cf9aac22c5593fe11e"
        },
        "language": "js",
        "actions": [{
            "id": "ADD_SNIPPET__c4deaadc65b64dabb177bcca072d8a75",
            "type": "ADD_SNIPPET",
            "codeSnippet": "this.changeCategoryStart();",
            "parentId": null,
            "callbackType": null
        }]
    }
}