{
    "AS_TextField_fcabf0661af645f48ca7e4a198dfde07": {
        "id": "AS_TextField_fcabf0661af645f48ca7e4a198dfde07",
        "type": "ACTION_SEQUENCE",
        "params": [{
            "datatype": "collection",
            "name": "eventobject"
        }, {
            "datatype": "string",
            "name": "changedtext"
        }],
        "contextObj": {
            "name": "uwu3f5fabf457b48cf9aac22c5593fe11e",
            "type": "userwidgets",
            "KUID": "u3f5fabf457b48cf9aac22c5593fe11e"
        },
        "language": "js",
        "actions": [{
            "id": "ADD_SNIPPET__f1e741dc5d6b42db86c189ce0adc8c09",
            "type": "ADD_SNIPPET",
            "codeSnippet": "this.searchPlaceOrCategory();",
            "parentId": null,
            "callbackType": null
        }]
    }
}