{
    "AS_UWI_b412f0c212d641fd82d925412efe7996": {
        "id": "AS_UWI_b412f0c212d641fd82d925412efe7996",
        "type": "ACTION_SEQUENCE",
        "params": [],
        "contextObj": {
            "name": "uwuda473f207e44468bc0d86c01f9277cd",
            "type": "userwidgets",
            "KUID": "uda473f207e44468bc0d86c01f9277cd"
        },
        "language": "js",
        "actions": [{
            "id": "ADD_SNIPPET__e0103a1ae5654bf59e02d98162f1e683",
            "type": "ADD_SNIPPET",
            "codeSnippet": "this.loadMoreNearbyPlaces();",
            "parentId": null,
            "callbackType": null
        }]
    }
}