{
    "classname": "placelocator",
    "definitions": {
        "apis": {
            "custom": [
                {
                    "kuid": "i07bc30d081542c78f9a7aa9fca9f549",
                    "paramList": [
                        {
                            "name": "menuData"
                        }
                    ],
                    "propertyKey": "createDynamicMenu",
                    "pw": {
                        "displayName": "createDynamicMenu",
                        "uiRepresentation": "Label-Label-Button-Button"
                    },
                    "srcWgtKUID": "mea6ed971f214c2db805fe7ec8b0dc6b",
                    "type": "event"
                },
                {
                    "kuid": "i4f32a1334e44e1bb1d670e935f09ede",
                    "paramList": [
                        {
                            "name": "selectedIndex"
                        }
                    ],
                    "propertyIndex": 27,
                    "propertyKey": "getDirection",
                    "pw": {
                        "displayName": "getDirection",
                        "uiRepresentation": "Label-Label-Button-Button"
                    },
                    "srcWgtKUID": "mea6ed971f214c2db805fe7ec8b0dc6b",
                    "type": "event"
                },
                {
                    "kuid": "d585c6dc0ca34f3598e803d171f8ddaf",
                    "paramList": [
                        {
                            "name": "selectedIndex"
                        }
                    ],
                    "propertyKey": "callInvoked",
                    "pw": {
                        "displayName": "callInvoked",
                        "uiRepresentation": "Label-Label-Button-Button"
                    },
                    "srcWgtKUID": "mea6ed971f214c2db805fe7ec8b0dc6b",
                    "type": "event"
                },
                {
                    "kuid": "e653cf9e24de4fafa4ced12b79f60be0",
                    "paramList": [],
                    "propertyKey": "loadMoreNearbyPlaces",
                    "pw": {
                        "displayName": "loadMoreNearbyPlaces",
                        "uiRepresentation": "Label-Label-Button-Button"
                    },
                    "srcWgtKUID": "mea6ed971f214c2db805fe7ec8b0dc6b",
                    "type": "event"
                }
            ],
            "passthrough": []
        },
        "events": {
            "custom": [
                {
                    "kuid": "e20566ed337b441b9bf65f9f97bccb1c",
                    "paramList": [
                        {
                            "name": "placeDetails"
                        }
                    ],
                    "propertyKey": "getPlaceDetails",
                    "pw": {
                        "displayName": "getPlaceDetails",
                        "uiRepresentation": "Label-Label-Button-Button"
                    },
                    "srcWgtKUID": "mea6ed971f214c2db805fe7ec8b0dc6b",
                    "type": "event"
                }
            ],
            "passthrough": []
        },
        "groups": {
            "apis": [],
            "events": [],
            "properties": [
                "Location Selection Screen",
                "Map Screen",
                "Location Display Options",
                "Filter and Sort"
            ],
            "widgets": []
        },
        "properties": {
            "custom": [
                {
                    "access": "Write",
                    "defaultValue": true,
                    "group": "Location Selection Screen",
                    "kuid": "gecb46495eee428a86f3b68a95327f1b",
                    "originalPropertyKey": "recentSearches",
                    "propertyIndex": 1,
                    "propertyKey": "recentSearches",
                    "pw": {
                        "displayName": "Enable Recent Searches",
                        "uiRepresentation": "Label-Radiobuttongroup"
                    },
                    "srcWgtKUID": "mea6ed971f214c2db805fe7ec8b0dc6b",
                    "type": "boolean",
                    "value": "true/false"
                },
                {
                    "access": "Write",
                    "defaultValue": "2000",
                    "group": "General",
                    "kuid": "a59c6085b58f4d129e4353a63b6f91e9",
                    "originalPropertyKey": "defaultSearchRadius",
                    "propertyIndex": 1,
                    "propertyKey": "defaultSearchRadius",
                    "pw": {
                        "displayName": "Default Search Radius in meters",
                        "uiRepresentation": "Label-Textbox"
                    },
                    "srcWgtKUID": "mea6ed971f214c2db805fe7ec8b0dc6b",
                    "type": "string",
                    "value": ""
                },
                {
                    "access": "Write",
                    "defaultValue": "null",
                    "group": "General",
                    "kuid": "j5794bc6ec704f1b98f11f877b12cff3",
                    "originalPropertyKey": "googleAPIKey",
                    "propertyIndex": 1,
                    "propertyKey": "googleAPIKey",
                    "pw": {
                        "displayName": "Google API Key",
                        "uiRepresentation": "Label-Textbox"
                    },
                    "srcWgtKUID": "mea6ed971f214c2db805fe7ec8b0dc6b",
                    "type": "string",
                    "value": ""
                },
                {
                    "access": "Write",
                    "defaultValue": true,
                    "group": "Location Display Options",
                    "kuid": "a0bf877c15ce413cbcba932dcf4eeb0f",
                    "originalPropertyKey": "distanceVisibility",
                    "propertyIndex": 1,
                    "propertyKey": "distanceVisibility",
                    "pw": {
                        "displayName": "Display Distance",
                        "uiRepresentation": "Label-Radiobuttongroup"
                    },
                    "srcWgtKUID": "mea6ed971f214c2db805fe7ec8b0dc6b",
                    "type": "boolean",
                    "value": "true/false"
                },
                {
                    "access": "Write",
                    "defaultValue": "star_empty.png",
                    "group": "Filter and Sort",
                    "kuid": "f0c287096cc34e019672f3826fe9dbeb",
                    "originalPropertyKey": "inactiveIcon",
                    "propertyIndex": 1,
                    "propertyKey": "inactiveIcon",
                    "pw": {
                        "displayName": "Inactive Rating Icon",
                        "uiRepresentation": "Label-Textbox"
                    },
                    "srcWgtKUID": "mea6ed971f214c2db805fe7ec8b0dc6b",
                    "type": "string",
                    "value": ""
                },
                {
                    "access": "Write",
                    "defaultValue": true,
                    "group": "Location Display Options",
                    "kuid": "jcbd080720a841e8888bc4a89f6c97f1",
                    "originalPropertyKey": "phoneVisibility",
                    "propertyIndex": 2,
                    "propertyKey": "phoneVisibility",
                    "pw": {
                        "displayName": "Display Call option",
                        "uiRepresentation": "Label-Radiobuttongroup"
                    },
                    "srcWgtKUID": "mea6ed971f214c2db805fe7ec8b0dc6b",
                    "type": "boolean",
                    "value": "true/false"
                },
                {
                    "access": "Write",
                    "defaultValue": "star_half.png",
                    "group": "Filter and Sort",
                    "kuid": "f14cb41cb33444c88b4cea6f6e7d57b4",
                    "originalPropertyKey": "halfIcon",
                    "propertyIndex": 2,
                    "propertyKey": "halfIcon",
                    "pw": {
                        "displayName": "Half Rating Icon",
                        "uiRepresentation": "Label-Textbox"
                    },
                    "srcWgtKUID": "mea6ed971f214c2db805fe7ec8b0dc6b",
                    "type": "string",
                    "value": ""
                },
                {
                    "access": "Write",
                    "defaultValue": "km",
                    "group": "General",
                    "kuid": "cbf63c3182664154a1762169098a1482",
                    "originalPropertyKey": "distanceUnits",
                    "propertyIndex": 2,
                    "propertyKey": "distanceUnits",
                    "pw": {
                        "displayName": "Distance Unit",
                        "uiRepresentation": "Label-Textbox"
                    },
                    "srcWgtKUID": "mea6ed971f214c2db805fe7ec8b0dc6b",
                    "type": "string",
                    "value": ""
                },
                {
                    "access": "Write",
                    "defaultValue": "star_full.png",
                    "group": "Filter and Sort",
                    "kuid": "aa875cf8885444c68e7f2f35330c7aa6",
                    "originalPropertyKey": "activeIcon",
                    "propertyIndex": 3,
                    "propertyKey": "activeIcon",
                    "pw": {
                        "displayName": "Active Rating Icon",
                        "uiRepresentation": "Label-Textbox"
                    },
                    "srcWgtKUID": "mea6ed971f214c2db805fe7ec8b0dc6b",
                    "type": "string",
                    "value": ""
                },
                {
                    "access": "Write",
                    "defaultValue": "phone_icon.png",
                    "group": "Location Display Options",
                    "kuid": "af29cd6b498a4190b3725a24fc027fbb",
                    "originalPropertyKey": "callIcon",
                    "propertyIndex": 3,
                    "propertyKey": "callIcon",
                    "pw": {
                        "displayName": "Call Icon",
                        "uiRepresentation": "Label-Textbox"
                    },
                    "srcWgtKUID": "mea6ed971f214c2db805fe7ec8b0dc6b",
                    "type": "string",
                    "value": ""
                },
                {
                    "access": "Write",
                    "defaultValue": "directions_icon.png",
                    "group": "Location Display Options",
                    "kuid": "c054791f0de0402595af30a9ad0f1d3d",
                    "originalPropertyKey": "getDirectionsIcon",
                    "propertyIndex": 4,
                    "propertyKey": "getDirectionsIcon",
                    "pw": {
                        "displayName": "Get Directions Icon",
                        "uiRepresentation": "Label-Textbox"
                    },
                    "srcWgtKUID": "mea6ed971f214c2db805fe7ec8b0dc6b",
                    "type": "string",
                    "value": ""
                },
                {
                    "access": "Write",
                    "defaultValue": true,
                    "group": "Map Screen",
                    "kuid": "ea2469d53a094d57a3e17b1cdcb25f8c",
                    "originalPropertyKey": "filterVisibility",
                    "propertyIndex": 4,
                    "propertyKey": "filterVisibility",
                    "pw": {
                        "displayName": "Enable Filters",
                        "uiRepresentation": "Label-Radiobuttongroup"
                    },
                    "srcWgtKUID": "mea6ed971f214c2db805fe7ec8b0dc6b",
                    "type": "boolean",
                    "value": "true/false"
                },
                {
                    "access": "Write",
                    "defaultValue": true,
                    "group": "Location Display Options",
                    "kuid": "i5421da9bd5a4acfb5a04cfb138899c0",
                    "originalPropertyKey": "addressVisibility",
                    "propertyIndex": 5,
                    "propertyKey": "addressVisibility",
                    "pw": {
                        "displayName": "Display Address",
                        "uiRepresentation": "Label-Radiobuttongroup"
                    },
                    "srcWgtKUID": "mea6ed971f214c2db805fe7ec8b0dc6b",
                    "type": "boolean",
                    "value": "true/false"
                },
                {
                    "access": "Write",
                    "defaultValue": "current_location_mark.png",
                    "group": "Map Screen",
                    "kuid": "cf37a6228260453c80ff3f3fbdd5d384",
                    "originalPropertyKey": "currentLocationImage",
                    "propertyIndex": 5,
                    "propertyKey": "currentLocationImage",
                    "pw": {
                        "displayName": "Current Location map Pin Icon",
                        "uiRepresentation": "Label-Textbox"
                    },
                    "srcWgtKUID": "mea6ed971f214c2db805fe7ec8b0dc6b",
                    "type": "string",
                    "value": ""
                },
                {
                    "access": "Write",
                    "defaultValue": "Current Location",
                    "group": "Location Selection Screen",
                    "kuid": "d62af7c07efb4192ab6c2e52e1f72659",
                    "originalPropertyKey": "currentLocationLabelText",
                    "propertyIndex": 6,
                    "propertyKey": "currentLocationLabelText",
                    "pw": {
                        "displayName": "Search Suggestion Current Location Placeholder text",
                        "uiRepresentation": "Label-Textbox"
                    },
                    "srcWgtKUID": "mea6ed971f214c2db805fe7ec8b0dc6b",
                    "type": "string",
                    "value": ""
                },
                {
                    "access": "Write",
                    "defaultValue": true,
                    "group": "Location Display Options",
                    "kuid": "a0462b922f094318bf005086f0b65531",
                    "originalPropertyKey": "timingVisibility",
                    "propertyIndex": 6,
                    "propertyKey": "timingVisibility",
                    "pw": {
                        "displayName": "Display Timings",
                        "uiRepresentation": "Label-Radiobuttongroup"
                    },
                    "srcWgtKUID": "mea6ed971f214c2db805fe7ec8b0dc6b",
                    "type": "boolean",
                    "value": "true/false"
                },
                {
                    "access": "Write",
                    "defaultValue": true,
                    "group": "Location Display Options",
                    "kuid": "e4ab82a3e5a245f0ae17cc4fb58898e6",
                    "originalPropertyKey": "imageVisibility",
                    "propertyIndex": 7,
                    "propertyKey": "imageVisibility",
                    "pw": {
                        "displayName": "Display Place Image",
                        "uiRepresentation": "Label-Radiobuttongroup"
                    },
                    "srcWgtKUID": "mea6ed971f214c2db805fe7ec8b0dc6b",
                    "type": "boolean",
                    "value": "true/false"
                },
                {
                    "access": "Write",
                    "defaultValue": true,
                    "group": "Location Display Options",
                    "kuid": "e529e391f6f549feb97658a80867d3af",
                    "originalPropertyKey": "ratingVisibility",
                    "propertyIndex": 8,
                    "propertyKey": "ratingVisibility",
                    "pw": {
                        "displayName": "Display Rating",
                        "uiRepresentation": "Label-Radiobuttongroup"
                    },
                    "srcWgtKUID": "mea6ed971f214c2db805fe7ec8b0dc6b",
                    "type": "boolean",
                    "value": "true/false"
                },
                {
                    "access": "Write",
                    "defaultValue": true,
                    "group": "Location Display Options",
                    "kuid": "cb16d2908da54e58a9bb391986d3d92b",
                    "originalPropertyKey": "directionsVisibility",
                    "propertyIndex": 9,
                    "propertyKey": "directionsVisibility",
                    "pw": {
                        "displayName": "Display Get Directions",
                        "uiRepresentation": "Label-Radiobuttongroup"
                    },
                    "srcWgtKUID": "mea6ed971f214c2db805fe7ec8b0dc6b",
                    "type": "boolean",
                    "value": "true/false"
                }
            ],
            "passthrough": [
                {
                    "access": "Enable",
                    "group": "Map Screen",
                    "kuid": "bee8830612fa4e369417edaa98c0fa2f",
                    "originalPropertyKey": "mapViewSearchThisAreaText",
                    "propertyIndex": 1,
                    "propertyKey": "mapViewSearchThisAreaText",
                    "pw": {
                        "access": "readwrite",
                        "category": "look",
                        "displayName": "Search this area Text",
                        "srcWidget": "listMapView",
                        "type": "string",
                        "uiRepresentation": "Label-Textbox",
                        "wType": "UserWidgetInstance"
                    },
                    "srcWgtKUID": "d876740b66b24f348f7ddd4b78184f70"
                },
                {
                    "access": "Enable",
                    "group": "Location Selection Screen",
                    "kuid": "fe7ef6b72a2b46b59f01e5a2816e50f1",
                    "originalPropertyKey": "locationIcon",
                    "propertyIndex": 2,
                    "propertyKey": "locationIcon",
                    "pw": {
                        "access": "readwrite",
                        "category": "widget",
                        "displayName": "Location Inputbox Icon",
                        "srcWidget": "searchHeader",
                        "type": "string",
                        "uiConfig": {
                            "Button": {
                                "dataRetrieverId": "Imagelist",
                                "dataUpdaterId": "Imagelist",
                                "popupId": "Imagelist",
                                "type": "ImageEditBtn"
                            },
                            "Label": {}
                        },
                        "uiRepresentation": "Label-Label-Button",
                        "wType": "UserWidgetInstance"
                    },
                    "srcWgtKUID": "ecf9192cfcb84a7bb636c34d7f8e69cd"
                },
                {
                    "access": "Enable",
                    "group": "Map Screen",
                    "kuid": "cb7786155fa94bb28634c4a4918a1952",
                    "originalPropertyKey": "mapViewSearchThisAreaIcon",
                    "propertyIndex": 2,
                    "propertyKey": "mapViewSearchThisAreaIcon",
                    "pw": {
                        "access": "readwrite",
                        "category": "widget",
                        "displayName": "Search this area Icon",
                        "srcWidget": "listMapView",
                        "type": "string",
                        "uiConfig": {
                            "Button": {
                                "dataRetrieverId": "Imagelist",
                                "dataUpdaterId": "Imagelist",
                                "popupId": "Imagelist",
                                "type": "ImageEditBtn"
                            },
                            "Label": {}
                        },
                        "uiRepresentation": "Label-Label-Button",
                        "wType": "UserWidgetInstance"
                    },
                    "srcWgtKUID": "d876740b66b24f348f7ddd4b78184f70"
                },
                {
                    "access": "Enable",
                    "group": "Map Screen",
                    "kuid": "f051a7b543b64ec09f2446ee45a11b86",
                    "originalPropertyKey": "mapViewNavigateIcon",
                    "propertyIndex": 3,
                    "propertyKey": "mapViewNavigateIcon",
                    "pw": {
                        "access": "readwrite",
                        "category": "widget",
                        "displayName": "Navigate to current location Icon",
                        "srcWidget": "listMapView",
                        "type": "string",
                        "uiConfig": {
                            "Button": {
                                "dataRetrieverId": "Imagelist",
                                "dataUpdaterId": "Imagelist",
                                "popupId": "Imagelist",
                                "type": "ImageEditBtn"
                            },
                            "Label": {}
                        },
                        "uiRepresentation": "Label-Label-Button",
                        "wType": "UserWidgetInstance"
                    },
                    "srcWgtKUID": "d876740b66b24f348f7ddd4b78184f70"
                },
                {
                    "access": "Enable",
                    "group": "Location Selection Screen",
                    "kuid": "df27b0635cc14612b86af1aeab96b42c",
                    "originalPropertyKey": "searchButtonText",
                    "propertyIndex": 3,
                    "propertyKey": "searchButtonText",
                    "pw": {
                        "access": "readwrite",
                        "category": "look",
                        "displayName": "Search Button Text",
                        "srcWidget": "menuComponent",
                        "type": "string",
                        "uiRepresentation": "Label-Textbox",
                        "wType": "UserWidgetInstance"
                    },
                    "srcWgtKUID": "i72533ec33ab4512bcc93b169a09e155"
                },
                {
                    "access": "Enable",
                    "group": "Filter and Sort",
                    "kuid": "e9f1cdf2be5b487596aea408253723d5",
                    "originalPropertyKey": "ratingsVisibility",
                    "propertyIndex": 4,
                    "propertyKey": "ratingsVisibility",
                    "pw": {
                        "access": "readwrite",
                        "category": "look",
                        "displayName": "Enable Filter by Rating",
                        "srcWidget": "filterScreen",
                        "type": "boolean",
                        "uiRepresentation": "Label-Radiobuttongroup",
                        "wType": "UserWidgetInstance"
                    },
                    "srcWgtKUID": "a59f3b19dc3d463b85a70a02ca3ddda9"
                },
                {
                    "access": "Enable",
                    "group": "Location Selection Screen",
                    "kuid": "bb6c34d92aaf4b3bbbb0ce63a909788f",
                    "originalPropertyKey": "titleText",
                    "propertyIndex": 4,
                    "propertyKey": "suggestedPlaceTypesHeading",
                    "pw": {
                        "access": "readwrite",
                        "category": "look",
                        "displayName": "Place Categories heading",
                        "srcWidget": "menuComponent",
                        "type": "string",
                        "uiRepresentation": "Label-Textbox",
                        "wType": "UserWidgetInstance"
                    },
                    "srcWgtKUID": "i72533ec33ab4512bcc93b169a09e155"
                },
                {
                    "access": "Enable",
                    "group": "Location Selection Screen",
                    "kuid": "b2b02e2837174db2a5e84c919fe831bc",
                    "originalPropertyKey": "searchSuggestionIcon",
                    "propertyIndex": 5,
                    "propertyKey": "searchSuggestionIcon",
                    "pw": {
                        "access": "readwrite",
                        "category": "widget",
                        "displayName": "Search Suggestion Current Location Icon",
                        "srcWidget": "autoSuggest",
                        "type": "string",
                        "uiConfig": {
                            "Button": {
                                "dataRetrieverId": "Imagelist",
                                "dataUpdaterId": "Imagelist",
                                "popupId": "Imagelist",
                                "type": "ImageEditBtn"
                            },
                            "Label": {}
                        },
                        "uiRepresentation": "Label-Label-Button",
                        "wType": "UserWidgetInstance"
                    },
                    "srcWgtKUID": "hf5709032eb94c0b98a941b23de273a3"
                },
                {
                    "access": "Enable",
                    "group": "Filter and Sort",
                    "kuid": "d794cd85159843a2b823334f1e91d9c8",
                    "originalPropertyKey": "timingsVisibility",
                    "propertyIndex": 5,
                    "propertyKey": "timingsVisibility",
                    "pw": {
                        "access": "readwrite",
                        "category": "look",
                        "displayName": "Enable Filter by Open now",
                        "srcWidget": "filterScreen",
                        "type": "boolean",
                        "uiRepresentation": "Label-Radiobuttongroup",
                        "wType": "UserWidgetInstance"
                    },
                    "srcWgtKUID": "a59f3b19dc3d463b85a70a02ca3ddda9"
                },
                {
                    "access": "Enable",
                    "defaultValue": "toggle_off.png",
                    "group": "Filter and Sort",
                    "kuid": "j08604fd141a4befb671ae8ea6789e2f",
                    "originalPropertyKey": "inactiveTimingsIcon",
                    "propertyIndex": 6,
                    "propertyKey": "inactiveTimingsIcon",
                    "pw": {
                        "access": "readwrite",
                        "displayName": "Filter by Open now inactive Icon",
                        "srcWidget": "filterScreen",
                        "uiRepresentation": "Label-Textbox",
                        "wType": "UserWidgetInstance"
                    },
                    "srcWgtKUID": "a59f3b19dc3d463b85a70a02ca3ddda9",
                    "type": "string",
                    "value": ""
                },
                {
                    "access": "Enable",
                    "defaultValue": "toggle_on.png",
                    "group": "Filter and Sort",
                    "kuid": "c0183915ab884475828a8e2a62435b44",
                    "originalPropertyKey": "activeTimingsIcon",
                    "propertyIndex": 7,
                    "propertyKey": "activeTimingsIcon",
                    "pw": {
                        "access": "readwrite",
                        "displayName": "Filter by Open now active Icon",
                        "srcWidget": "filterScreen",
                        "uiRepresentation": "Label-Textbox",
                        "wType": "UserWidgetInstance"
                    },
                    "srcWgtKUID": "a59f3b19dc3d463b85a70a02ca3ddda9",
                    "type": "string",
                    "value": ""
                },
                {
                    "access": "Enable",
                    "group": "Filter and Sort",
                    "kuid": "ja7779d46be04cf49b34fe6e7a6ceaec",
                    "originalPropertyKey": "sortVisibility",
                    "propertyIndex": 8,
                    "propertyKey": "sortVisibility",
                    "pw": {
                        "access": "readwrite",
                        "category": "look",
                        "displayName": "Display Sorting options in Filter",
                        "srcWidget": "filterScreen",
                        "type": "boolean",
                        "uiRepresentation": "Label-Radiobuttongroup",
                        "wType": "UserWidgetInstance"
                    },
                    "srcWgtKUID": "a59f3b19dc3d463b85a70a02ca3ddda9"
                },
                {
                    "access": "Enable",
                    "group": "Filter and Sort",
                    "kuid": "f8e23b27268e4a7ea1dbf83733109549",
                    "originalPropertyKey": "sortByDistance",
                    "propertyIndex": 9,
                    "propertyKey": "sortByDistance",
                    "pw": {
                        "access": "readwrite",
                        "category": "look",
                        "displayName": "Enable Sort by Distance",
                        "srcWidget": "filterScreen",
                        "type": "boolean",
                        "uiRepresentation": "Label-Radiobuttongroup",
                        "wType": "UserWidgetInstance"
                    },
                    "srcWgtKUID": "a59f3b19dc3d463b85a70a02ca3ddda9"
                },
                {
                    "access": "Enable",
                    "group": "Filter and Sort",
                    "kuid": "f0bc10c4a0484d6b9ac194c5c9dc35d7",
                    "originalPropertyKey": "sortByRating",
                    "propertyIndex": 10,
                    "propertyKey": "sortByRating",
                    "pw": {
                        "access": "readwrite",
                        "category": "look",
                        "displayName": "Enable Sort by Rating",
                        "srcWidget": "filterScreen",
                        "type": "boolean",
                        "uiRepresentation": "Label-Radiobuttongroup",
                        "wType": "UserWidgetInstance"
                    },
                    "srcWgtKUID": "a59f3b19dc3d463b85a70a02ca3ddda9"
                },
                {
                    "access": "Enable",
                    "group": "Filter and Sort",
                    "kuid": "d7ec70a34ac24a32b860fc92717d0804",
                    "originalPropertyKey": "sortByAZ",
                    "propertyIndex": 11,
                    "propertyKey": "sortByAZ",
                    "pw": {
                        "access": "readwrite",
                        "category": "look",
                        "displayName": "Enable Sort by AtoZ",
                        "srcWidget": "filterScreen",
                        "type": "boolean",
                        "uiRepresentation": "Label-Radiobuttongroup",
                        "wType": "UserWidgetInstance"
                    },
                    "srcWgtKUID": "a59f3b19dc3d463b85a70a02ca3ddda9"
                }
            ]
        },
        "widgets": {
            "expose": [],
            "passthrough": []
        }
    },
    "namespace": "com.konymp",
    "version": "1.0.0"
}