{
    "classname": "basiclogin",
    "definitions": {
        "apis": {
            "custom": [
                {
                    "group": "General",
                    "kuid": "i9988bb1418a46ec87ef9953070254ee",
                    "paramList": [],
                    "propertyKey": "getUsername",
                    "pw": {
                        "displayName": "getUsername",
                        "uiRepresentation": "Label-Label-Button-Button"
                    },
                    "srcWgtKUID": "cd4834da3fd340b8a65f483ef9d593a7",
                    "type": "event"
                },
                {
                    "group": "General",
                    "kuid": "hf2e8d570b2244e2a8cc4b4ccfcb7c06",
                    "paramList": [],
                    "propertyKey": "getPassword",
                    "pw": {
                        "displayName": "getPassword",
                        "uiRepresentation": "Label-Label-Button-Button"
                    },
                    "srcWgtKUID": "cd4834da3fd340b8a65f483ef9d593a7",
                    "type": "event"
                }
            ],
            "passthrough": []
        },
        "events": {
            "custom": [
                {
                    "group": "Input Options",
                    "kuid": "a43f9b3f3ec94f5aab435b7599469f65",
                    "paramList": [],
                    "propertyIndex": 1,
                    "propertyKey": "usernameOnDone",
                    "pw": {
                        "displayName": "usernameOnDone",
                        "uiRepresentation": "Label-Label-Button-Button"
                    },
                    "srcWgtKUID": "cd4834da3fd340b8a65f483ef9d593a7",
                    "type": "event"
                },
                {
                    "group": "Input Options",
                    "kuid": "d5b17c81eb4a4c9ba4053a6341d655ae",
                    "paramList": [],
                    "propertyIndex": 2,
                    "propertyKey": "passwordOnDone",
                    "pw": {
                        "displayName": "passwordOnDone",
                        "uiRepresentation": "Label-Label-Button-Button"
                    },
                    "srcWgtKUID": "cd4834da3fd340b8a65f483ef9d593a7",
                    "type": "event"
                },
                {
                    "group": "Login Option",
                    "kuid": "j5172d4d94fd4e7c92523cc1e4826db5",
                    "paramList": [
                        {
                            "name": "response"
                        }
                    ],
                    "propertyIndex": 2,
                    "propertyKey": "loginSuccessEvent",
                    "pw": {
                        "displayName": "loginSuccessEvent",
                        "uiRepresentation": "Label-Label-Button-Button"
                    },
                    "srcWgtKUID": "cd4834da3fd340b8a65f483ef9d593a7",
                    "type": "event"
                },
                {
                    "group": "Login Option",
                    "kuid": "i10bdf8ff1b64de7bffe465f6abfd4a1",
                    "paramList": [],
                    "propertyIndex": 3,
                    "propertyKey": "loginFailureEvent",
                    "pw": {
                        "displayName": "loginFailureEvent",
                        "uiRepresentation": "Label-Label-Button-Button"
                    },
                    "srcWgtKUID": "cd4834da3fd340b8a65f483ef9d593a7",
                    "type": "event"
                },
                {
                    "group": "Login Option",
                    "kuid": "a42a698ceed946e88131ca045dc8b2a6",
                    "paramList": [],
                    "propertyIndex": 4,
                    "propertyKey": "remembermeOnSelection",
                    "pw": {
                        "displayName": "remembermeOnSelection",
                        "uiRepresentation": "Label-Label-Button-Button"
                    },
                    "srcWgtKUID": "cd4834da3fd340b8a65f483ef9d593a7",
                    "type": "event"
                },
                {
                    "group": "Login Option",
                    "kuid": "e15bbc8912d9464ba4e147e30671778a",
                    "paramList": [],
                    "propertyIndex": 5,
                    "propertyKey": "submitOnClick",
                    "pw": {
                        "displayName": "submitOnClick",
                        "uiRepresentation": "Label-Label-Button-Button"
                    },
                    "srcWgtKUID": "cd4834da3fd340b8a65f483ef9d593a7",
                    "type": "event"
                }
            ],
            "passthrough": [
                {
                    "access": "Enable",
                    "group": "Login Option",
                    "kuid": "dc56fba178324bcc898f6a827aa83bd5",
                    "originalPropertyKey": "onClick",
                    "propertyIndex": 1,
                    "propertyKey": "forgotPasswordOnClick",
                    "pw": {
                        "access": "readwrite",
                        "category": "action",
                        "displayName": "forgotPasswordOnClick",
                        "srcWidget": "btnForgotPassword",
                        "type": "action",
                        "uiRepresentation": "Label-Label-Button-Button",
                        "wType": "Button"
                    },
                    "srcWgtKUID": "b2de6f8330d14c2489a31088725ac514"
                }
            ]
        },
        "groups": {
            "apis": [
                "General"
            ],
            "events": [
                "Input Options",
                "Login Option"
            ],
            "properties": [
                "General/Genric",
                "Logo Properties",
                "Username Properties",
                "Password Properties",
                "Signin Properties",
                "Backend service configurations"
            ]
        },
        "properties": {
            "custom": [
                {
                    "access": "Write",
                    "defaultValue": "userstore",
                    "group": "Backend service configurations",
                    "kuid": "aa6f3653065f4f2e9923baa905c40dac",
                    "originalPropertyKey": "providerName",
                    "propertyIndex": 1,
                    "propertyKey": "providerName",
                    "pw": {
                        "displayName": "Identity service name",
                        "uiRepresentation": "Label-Textbox"
                    },
                    "srcWgtKUID": "cd4834da3fd340b8a65f483ef9d593a7",
                    "type": "string",
                    "value": ""
                },
                {
                    "access": "Write",
                    "defaultValue": true,
                    "group": "Signin Properties",
                    "kuid": "b38885ec21c140d5a7457c6d74cd0de0",
                    "originalPropertyKey": "encryptCredentials",
                    "propertyIndex": 3,
                    "propertyKey": "encryptCredentials",
                    "pw": {
                        "displayName": "Encrypt Credentials",
                        "uiRepresentation": "Label-Radiobuttongroup"
                    },
                    "srcWgtKUID": "cd4834da3fd340b8a65f483ef9d593a7",
                    "type": "boolean",
                    "value": "true/false"
                },
                {
                    "access": "Write",
                    "defaultValue": "8",
                    "group": "Password Properties",
                    "kuid": "b94f8e102b46472395a5732b5117b220",
                    "originalPropertyKey": "passwordMinimumChar",
                    "propertyIndex": 3,
                    "propertyKey": "passwordMinimumChar",
                    "pw": {
                        "displayName": "Password Min Characters",
                        "uiRepresentation": "Label-Textbox"
                    },
                    "srcWgtKUID": "cd4834da3fd340b8a65f483ef9d593a7",
                    "type": "string",
                    "value": ""
                },
                {
                    "access": "Write",
                    "defaultValue": "8",
                    "group": "Username Properties",
                    "kuid": "jeded110f477488ea8402ca6b2191b01",
                    "originalPropertyKey": "usernameMinimumChar",
                    "propertyIndex": 3,
                    "propertyKey": "usernameMinimumChar",
                    "pw": {
                        "displayName": "Username Min Characters",
                        "uiRepresentation": "Label-Textbox"
                    },
                    "srcWgtKUID": "cd4834da3fd340b8a65f483ef9d593a7",
                    "type": "string",
                    "value": ""
                },
                {
                    "access": "Write",
                    "defaultValue": "Password Too Small",
                    "group": "Password Properties",
                    "kuid": "abc34c3eb3c0408d8d8561317e9021a9",
                    "originalPropertyKey": "passwordValidationMsg",
                    "propertyIndex": 5,
                    "propertyKey": "passwordValidationMsg",
                    "pw": {
                        "displayName": "Password Validation Message",
                        "uiRepresentation": "Label-Textbox"
                    },
                    "srcWgtKUID": "cd4834da3fd340b8a65f483ef9d593a7",
                    "type": "string",
                    "value": ""
                },
                {
                    "access": "Write",
                    "defaultValue": "Username Too Small",
                    "group": "Username Properties",
                    "kuid": "i8673c457f624d3f89d2462acf2eada0",
                    "originalPropertyKey": "usernameValidationMsg",
                    "propertyIndex": 5,
                    "propertyKey": "usernameValidationMsg",
                    "pw": {
                        "displayName": "Username Validation Message",
                        "uiRepresentation": "Label-Textbox"
                    },
                    "srcWgtKUID": "cd4834da3fd340b8a65f483ef9d593a7",
                    "type": "string",
                    "value": ""
                }
            ],
            "passthrough": [
                {
                    "access": "Enable",
                    "group": "Logo Properties",
                    "kuid": "ha73536e66e741cb83539a82fdd5d7da",
                    "originalPropertyKey": "src",
                    "propertyIndex": 1,
                    "propertyKey": "logoSource",
                    "pw": {
                        "access": "readwrite",
                        "category": "widget",
                        "displayName": "Logo Image",
                        "srcWidget": "imgLogo",
                        "type": "string",
                        "uiConfig": {
                            "Button": {
                                "dataRetrieverId": "Imagelist",
                                "dataUpdaterId": "Imagelist",
                                "popupId": "Imagelist",
                                "type": "ImageEditBtn"
                            },
                            "Label": {}
                        },
                        "uiRepresentation": "Label-Label-Button",
                        "wType": "Image"
                    },
                    "srcWgtKUID": "a4ac20b92ce749369d921131f8b509ab"
                },
                {
                    "access": "Enable",
                    "group": "Username Properties",
                    "kuid": "c409d764837c4b189647df154f38cb23",
                    "originalPropertyKey": "text",
                    "propertyIndex": 1,
                    "propertyKey": "usernamePlaceholder",
                    "pw": {
                        "access": "readwrite",
                        "category": "look",
                        "displayName": "Username Placeholder",
                        "srcWidget": "lblUsername",
                        "type": "string",
                        "uiRepresentation": "Label-Textbox",
                        "wType": "Label"
                    },
                    "srcWgtKUID": "d03f0805474d4c07a5835e5475eeaebf"
                },
                {
                    "access": "Enable",
                    "group": "General",
                    "kuid": "bac71107470649edaf75d49df776a254",
                    "originalPropertyKey": "skin",
                    "propertyIndex": 1,
                    "propertyKey": "skinBackground",
                    "pw": {
                        "access": "readwrite",
                        "category": "skin",
                        "displayName": "Component Background skin",
                        "srcWidget": "flxLogin",
                        "wType": "FlexContainer"
                    },
                    "srcWgtKUID": "a863fbc0fb204adbad4b6d908e5f96d4"
                },
                {
                    "access": "Enable",
                    "group": "Signin Properties",
                    "kuid": "c261d083cfed4196a19f5c9269412c76",
                    "originalPropertyKey": "text",
                    "propertyIndex": 1,
                    "propertyKey": "submitButtonText",
                    "pw": {
                        "access": "readwrite",
                        "category": "look",
                        "displayName": "Submit Button Text",
                        "srcWidget": "btnLogin",
                        "type": "string",
                        "uiRepresentation": "Label-Textbox",
                        "wType": "Button"
                    },
                    "srcWgtKUID": "ac33479c328846cabd62987b86200716"
                },
                {
                    "access": "Enable",
                    "group": "Password Properties",
                    "kuid": "ic39add33d7e4e74a7fd5f3e2fb90897",
                    "originalPropertyKey": "text",
                    "propertyIndex": 1,
                    "propertyKey": "passwordPlaceholder",
                    "pw": {
                        "access": "readwrite",
                        "category": "look",
                        "displayName": "Password Placeholder",
                        "srcWidget": "lblPassword",
                        "type": "string",
                        "uiRepresentation": "Label-Textbox",
                        "wType": "Label"
                    },
                    "srcWgtKUID": "d417c05db98746ec93fa492a64345c9a"
                },
                {
                    "access": "Enable",
                    "group": "Username Properties",
                    "kuid": "afce5eba9eec4557a00a27d69f130484",
                    "originalPropertyKey": "textInputMode",
                    "propertyIndex": 2,
                    "propertyKey": "usernameInputMode",
                    "pw": {
                        "access": "readwrite",
                        "category": "widget",
                        "displayName": "Username Input Mode",
                        "srcWidget": "tbxUsername",
                        "type": "enum",
                        "uiConfig": {
                            "Combobox": {
                                "masterData": [
                                    [
                                        "Any",
                                        "A"
                                    ],
                                    [
                                        "Numeric Only",
                                        "N"
                                    ]
                                ]
                            },
                            "Label": {}
                        },
                        "uiRepresentation": "Label-Combobox",
                        "wType": "TextField"
                    },
                    "srcWgtKUID": "ba4d8931f18a4668a1925e427654036d"
                },
                {
                    "access": "Enable",
                    "group": "Logo Properties",
                    "kuid": "haa028f4573c4ccbaca7537823b349f1",
                    "originalPropertyKey": "imageScaleMode",
                    "propertyIndex": 2,
                    "propertyKey": "logoScaleMode",
                    "pw": {
                        "access": "readwrite",
                        "category": "widget",
                        "displayName": "Logo Scale Mode",
                        "srcWidget": "imgLogo",
                        "type": "enum",
                        "uiRepresentation": "Label-Combobox",
                        "wType": "Image"
                    },
                    "srcWgtKUID": "a4ac20b92ce749369d921131f8b509ab"
                },
                {
                    "access": "Enable",
                    "group": "Password Properties",
                    "kuid": "f4ff7b8ff88c48d8a5b3993876778d79",
                    "originalPropertyKey": "textInputMode",
                    "propertyIndex": 2,
                    "propertyKey": "passwordInputMode",
                    "pw": {
                        "access": "readwrite",
                        "category": "widget",
                        "displayName": "Password Input Mode",
                        "srcWidget": "tbxPassword",
                        "type": "enum",
                        "uiConfig": {
                            "Combobox": {
                                "masterData": [
                                    [
                                        "Any",
                                        "A"
                                    ],
                                    [
                                        "Numeric Only",
                                        "N"
                                    ]
                                ]
                            },
                            "Label": {}
                        },
                        "uiRepresentation": "Label-Combobox",
                        "wType": "TextField"
                    },
                    "srcWgtKUID": "cef4b5d91eb6484286324bd4aa00811e"
                },
                {
                    "access": "Enable",
                    "group": "General",
                    "kuid": "c278b7045a8148598455bf2c257cef36",
                    "originalPropertyKey": "skin",
                    "propertyIndex": 2,
                    "propertyKey": "logoBackground",
                    "pw": {
                        "access": "readwrite",
                        "category": "skin",
                        "displayName": "Top Container Skin",
                        "srcWidget": "flxlogo",
                        "wType": "FlexContainer"
                    },
                    "srcWgtKUID": "h5335b2837b54092be89a1eba9c74d3c"
                },
                {
                    "access": "Enable",
                    "group": "Signin Properties",
                    "kuid": "j3dd6f2e5d3b4d33b3bd577d2da78132",
                    "originalPropertyKey": "text",
                    "propertyIndex": 2,
                    "propertyKey": "forgotPasswordText",
                    "pw": {
                        "access": "readwrite",
                        "category": "look",
                        "displayName": "Forgot Password Text",
                        "srcWidget": "btnForgotPassword",
                        "type": "string",
                        "uiRepresentation": "Label-Textbox",
                        "wType": "Button"
                    },
                    "srcWgtKUID": "b2de6f8330d14c2489a31088725ac514"
                },
                {
                    "access": "Enable",
                    "group": "Password Properties",
                    "kuid": "dba96972c7854042ade12b8f4e3c49de",
                    "originalPropertyKey": "maxTextLength",
                    "propertyIndex": 4,
                    "propertyKey": "passwordMaxChar",
                    "pw": {
                        "access": "readwrite",
                        "category": "widget",
                        "displayName": "Password Max Characters",
                        "srcWidget": "tbxPassword",
                        "type": "integer",
                        "uiRepresentation": "Label-Textbox",
                        "wType": "TextField"
                    },
                    "srcWgtKUID": "cef4b5d91eb6484286324bd4aa00811e"
                },
                {
                    "access": "Enable",
                    "group": "Signin Properties",
                    "kuid": "a7c20be1d3a24a00a61f3d2543b88ea3",
                    "originalPropertyKey": "isVisible",
                    "propertyIndex": 4,
                    "propertyKey": "remembermeProperty",
                    "pw": {
                        "access": "readwrite",
                        "category": "look",
                        "displayName": "Enable Remember Me",
                        "srcWidget": "flxRememberMe",
                        "type": "boolean",
                        "uiRepresentation": "Label-Radiobuttongroup",
                        "wType": "FlexContainer"
                    },
                    "srcWgtKUID": "ff579d5517a3414aa5cc0f2912f33f0a"
                },
                {
                    "access": "Enable",
                    "group": "Username Properties",
                    "kuid": "f9b732835c74481c9dbe4707c4aa28c0",
                    "originalPropertyKey": "maxTextLength",
                    "propertyIndex": 4,
                    "propertyKey": "usernameMaxChar",
                    "pw": {
                        "access": "readwrite",
                        "category": "widget",
                        "displayName": "Username Max Characters",
                        "srcWidget": "tbxUsername",
                        "type": "integer",
                        "uiRepresentation": "Label-Textbox",
                        "wType": "TextField"
                    },
                    "srcWgtKUID": "ba4d8931f18a4668a1925e427654036d"
                },
                {
                    "access": "Enable",
                    "group": "General",
                    "kuid": "cd6e8d5c18c54be09806c724dc62bb81",
                    "originalPropertyKey": "skin",
                    "propertyIndex": 4,
                    "propertyKey": "loginCardBackground",
                    "pw": {
                        "access": "readwrite",
                        "category": "skin",
                        "displayName": "Login Card Container Skin",
                        "srcWidget": "flxCredentials",
                        "wType": "FlexContainer"
                    },
                    "srcWgtKUID": "i18603fc53a34cff8d030e1d7ca23734"
                },
                {
                    "access": "Enable",
                    "group": "Signin Properties",
                    "kuid": "c5224c43147f4264b92619554dc580ff",
                    "originalPropertyKey": "src",
                    "propertyIndex": 5,
                    "propertyKey": "rememberMeUnSelectedSource",
                    "pw": {
                        "access": "readwrite",
                        "category": "widget",
                        "displayName": "RememberMe Unselected Image",
                        "srcWidget": "imgUnselected",
                        "type": "string",
                        "uiConfig": {
                            "Button": {
                                "dataRetrieverId": "Imagelist",
                                "dataUpdaterId": "Imagelist",
                                "popupId": "Imagelist",
                                "type": "ImageEditBtn"
                            },
                            "Label": {}
                        },
                        "uiRepresentation": "Label-Label-Button",
                        "wType": "Image"
                    },
                    "srcWgtKUID": "j3b4c73f0b00483481a025d338aa853a"
                },
                {
                    "access": "Enable",
                    "group": "General",
                    "kuid": "gf403b87089d48dc8b8cecdefa9dc5c8",
                    "originalPropertyKey": "skin",
                    "propertyIndex": 5,
                    "propertyKey": "sknPlaceholderUsername",
                    "pw": {
                        "access": "readwrite",
                        "category": "skin",
                        "displayName": "Username Placeholder Skin",
                        "srcWidget": "lblUsername",
                        "wType": "Label"
                    },
                    "srcWgtKUID": "d03f0805474d4c07a5835e5475eeaebf"
                },
                {
                    "access": "Enable",
                    "group": "General",
                    "kuid": "af70aeb323db4dedb22a7312a58f8f46",
                    "originalPropertyKey": "skin",
                    "propertyIndex": 6,
                    "propertyKey": "sknUsernameInput",
                    "pw": {
                        "access": "readwrite",
                        "category": "skin",
                        "displayName": "Username Input Skin",
                        "srcWidget": "tbxUsername",
                        "wType": "TextField"
                    },
                    "srcWgtKUID": "ba4d8931f18a4668a1925e427654036d"
                },
                {
                    "access": "Enable",
                    "group": "Signin Properties",
                    "kuid": "eb9ae937d382493a8d7672bfe8d59a7d",
                    "originalPropertyKey": "src",
                    "propertyIndex": 6,
                    "propertyKey": "rememberMeSelectedSource",
                    "pw": {
                        "access": "readwrite",
                        "category": "widget",
                        "displayName": "RememberMe Selected Image",
                        "srcWidget": "imgRememberme",
                        "type": "string",
                        "uiConfig": {
                            "Button": {
                                "dataRetrieverId": "Imagelist",
                                "dataUpdaterId": "Imagelist",
                                "popupId": "Imagelist",
                                "type": "ImageEditBtn"
                            },
                            "Label": {}
                        },
                        "uiRepresentation": "Label-Label-Button",
                        "wType": "Image"
                    },
                    "srcWgtKUID": "b6ff806b221a416e9603abc1f85f509d"
                },
                {
                    "access": "Enable",
                    "group": "General",
                    "kuid": "e37cec4983b647b8a8c7457ce975fc91",
                    "originalPropertyKey": "skin",
                    "propertyIndex": 7,
                    "propertyKey": "sknUsernameUnderline",
                    "pw": {
                        "access": "readwrite",
                        "category": "skin",
                        "displayName": "Username Underline Skin",
                        "srcWidget": "flxBottomUsername",
                        "wType": "FlexContainer"
                    },
                    "srcWgtKUID": "de222a8ac0be43c1b8f47e3ebf5e9227"
                },
                {
                    "access": "Enable",
                    "group": "General",
                    "kuid": "ia1f8a2447c74edda0dd6a0b262766a2",
                    "originalPropertyKey": "skin",
                    "propertyIndex": 8,
                    "propertyKey": "sknPasswordPlaceholder",
                    "pw": {
                        "access": "readwrite",
                        "category": "skin",
                        "displayName": "Password Placeholder",
                        "srcWidget": "lblPassword",
                        "wType": "Label"
                    },
                    "srcWgtKUID": "d417c05db98746ec93fa492a64345c9a"
                },
                {
                    "access": "Enable",
                    "group": "General",
                    "kuid": "i9a8ba4d3ee04e5fa89ff3cd07a6ba90",
                    "originalPropertyKey": "skin",
                    "propertyIndex": 9,
                    "propertyKey": "sknPasswordInput",
                    "pw": {
                        "access": "readwrite",
                        "category": "skin",
                        "displayName": "Password Input Skin",
                        "srcWidget": "tbxPassword",
                        "wType": "TextField"
                    },
                    "srcWgtKUID": "cef4b5d91eb6484286324bd4aa00811e"
                },
                {
                    "access": "Enable",
                    "group": "General",
                    "kuid": "fc4f8933c3464adb959e5d06f7420ea8",
                    "originalPropertyKey": "skin",
                    "propertyIndex": 10,
                    "propertyKey": "sknPasswordUnderline",
                    "pw": {
                        "access": "readwrite",
                        "category": "skin",
                        "displayName": "Password Underline Skin",
                        "srcWidget": "flxBottomPassword",
                        "wType": "FlexContainer"
                    },
                    "srcWgtKUID": "gb106b74f9ad4d97ac02d3d2399b9b76"
                },
                {
                    "access": "Enable",
                    "group": "General",
                    "kuid": "af280f8503d24d0b8123421ae009c6e7",
                    "originalPropertyKey": "skin",
                    "propertyIndex": 11,
                    "propertyKey": "sknbtnLogin",
                    "pw": {
                        "access": "readwrite",
                        "category": "skin",
                        "displayName": "Login Button Skin",
                        "srcWidget": "btnLogin",
                        "wType": "Button"
                    },
                    "srcWgtKUID": "ac33479c328846cabd62987b86200716"
                },
                {
                    "access": "Enable",
                    "group": "General",
                    "kuid": "bff2e9f72a6c462ba9dc8b467456cd76",
                    "originalPropertyKey": "skin",
                    "propertyIndex": 12,
                    "propertyKey": "sknForgotPassword",
                    "pw": {
                        "access": "readwrite",
                        "category": "skin",
                        "displayName": "Forgot Password Skin",
                        "srcWidget": "btnForgotPassword",
                        "wType": "Button"
                    },
                    "srcWgtKUID": "b2de6f8330d14c2489a31088725ac514"
                },
                {
                    "access": "Enable",
                    "group": "General",
                    "kuid": "f82e1030814f4262bc3afb827cf9aed1",
                    "originalPropertyKey": "skin",
                    "propertyIndex": 13,
                    "propertyKey": "sknRememberMe",
                    "pw": {
                        "access": "readwrite",
                        "category": "skin",
                        "displayName": "Remember me Skin",
                        "srcWidget": "lblRememberMe",
                        "wType": "Label"
                    },
                    "srcWgtKUID": "a4c13c1cd4b3425bbf496f39accb10fb"
                }
            ]
        },
        "widgets": {
            "expose": [
                {
                    "kuid": "bb406d4bf9954133b262a1dd1c6ad6a5",
                    "propertyKey": "flxBottomContainer",
                    "srcWgtKUID": "f20110eab463468388843979d5b75491"
                },
                {
                    "kuid": "a9c4fcb25c204d6dbeccc4205315ceaf",
                    "propertyKey": "Container",
                    "srcWgtKUID": "a863fbc0fb204adbad4b6d908e5f96d4"
                }
            ],
            "passthrough": [
                {
                    "kuid": "dab9bb8f2f274955b8df89cecad76249",
                    "propertyKey": "Container",
                    "srcWgtKUID": "a863fbc0fb204adbad4b6d908e5f96d4"
                }
            ]
        }
    },
    "namespace": "com.konymp",
    "version": "1.0.0"
}