{
  "android": {
    "font_size": 121,
    "isForked": false
  },
  "background_color": "ffffffff",
  "bg_type": "one",
  "border_color": "c7c7cdff",
  "border_style": "plain",
  "border_type": 0,
  "border_width": 2,
  "desktopweb": {
    "font_size": 121,
    "isForked": false
  },
  "fontSizeInPx": false,
  "font_color": "555555ff",
  "font_name": "Helvetica",
  "font_size": 121,
  "font_style": "normal",
  "font_weight": "normal",
  "ipad": {
    "font_size": 121,
    "isForked": false
  },
  "iphone": {
    "font_name": "OpenSans-Regular",
    "font_size": 121,
    "isForked": false
  },
  "isDefaultSkin": false,
  "kiosk": {
    "font_size": 121,
    "isForked": false
  },
  "kuid": "sc46c723a18d49d6b5cf9f74edc34e16",
  "spaan": {
    "font_size": 121,
    "isForked": false
  },
  "spaandroidtablet": {
    "font_size": 121,
    "isForked": false
  },
  "spabb": {
    "font_size": 121,
    "isForked": false
  },
  "spaip": {
    "font_size": 121,
    "isForked": false
  },
  "spaipad": {
    "font_size": 121,
    "isForked": false
  },
  "spawindowstablet": {
    "font_size": 121,
    "isForked": false
  },
  "spawinphone8": {
    "font_size": 121,
    "isForked": false
  },
  "tabrcandroid": {
    "font_size": 121,
    "isForked": false
  },
  "wType": "TextArea",
  "watchos": {
    "font_size": 121,
    "isForked": false
  },
  "windows8": {
    "font_size": 121,
    "isForked": false
  },
  "winphone8": {
    "font_size": 121,
    "isForked": false
  }
}