{
    "DNDConfig": null,
    "_height_": {
        "type": "ref",
        "value": "preferred"
    },
    "_margin_": [
        0,
        0,
        0,
        0
    ],
    "_orientation_": 6,
    "_padding_": [
        0,
        0,
        0,
        0
    ],
    "_percent_": true,
    "_skin_": "s9c3c4f7bae84d62bc23c030fb0536b4",
    "allboxes": [],
    "autogrowmode": 1,
    "canUpdateUI": true,
    "children": [
        "lblName",
        "lblLine"
    ],
    "clipbounds": true,
    "containerId": true,
    "containerweight": 100,
    "controllerInfo": {
        "default": {
            "channel": "mobile",
            "name": "flxAutoSuggestController"
        }
    },
    "enablescrolling": true,
    "id": "flxAutoSuggest",
    "info": null,
    "isTemplate": true,
    "isvisible": true,
    "kuid": "hd4d7a9af1ba467682ea80f5b78d7ad2",
    "layouttype": 2,
    "name": "kony.ui.FlexContainer",
    "parent": "tempAutoSuggest",
    "pf": "tempAutoSuggest",
    "snapgridsize": 10,
    "snaptogrid": true,
    "wType": "FlexContainer",
    "widgetalignment": 1
}