{
    "@class": "com.kony.gen.viz.model.container.KVizScrollFlexForm",
    "DNDConfig": null,
    "_margin_": [
        0,
        0,
        0,
        0
    ],
    "_orientation_": 1,
    "_padding_": [
        0,
        0,
        0,
        0
    ],
    "_percent_": true,
    "_skin_": "seb02d3523194c11a159527c47340496",
    "_title_": null,
    "addWidgetsdone": false,
    "allboxes": [],
    "canUpdateUI": true,
    "children": [
        "flxAutoSuggest"
    ],
    "containerId": true,
    "containerweight": 100,
    "currentLocale": "default",
    "device": "iPhone6",
    "displayorientation": 3,
    "enabledforidletimeout": false,
    "id": "tempAutoSuggest",
    "info": null,
    "initdone": false,
    "inputaccessoryviewtype": 4,
    "intransitionconfig": {
        "formTransition": "None"
    },
    "isvisible": true,
    "kuid": "b2520efe30754ebfa54fb24dcdbebd13",
    "name": "kony.ui.Form2",
    "needappmenu": true,
    "outtransitionconfig": {
        "formTransition": "None"
    },
    "paddinginpixel": false,
    "platform": "iphone",
    "prevDevice": "iPhone6",
    "prevPlatform": "iphone",
    "retainscrollposition": false,
    "shellCSS": "iOS_iPhone6",
    "titleBarSkin": "s49e3e90398e47baaf730b1229a20de7",
    "titlebar": true,
    "type": 3,
    "wType": "Form"
}