{
    "NativeFunctionAPI": {
        "iOS": {
            "10.0": {
                "Foundation-iOS-10.0": {
                    "title": "Foundation",
                    "platform": "iOS",
                    "os": "10.0",
                    "url": "E:\\Workspace\\8.0KonyViz\\.imports\\.temp\\import577878599\\nativebindings\\iOS\\10.0\\Foundation-iOS-10.0.zip",
                    "filepath": "E:\\Workspace\\8.0KonyViz\\BLogin\\nativebindings\\iOS\\10.0\\Foundation-iOS-10.0.zip",
                    "enable": true
                },
                "UIKit-iOS-10.0": {
                    "title": "UIKit",
                    "platform": "iOS",
                    "os": "10.0",
                    "url": "E:\\Workspace\\8.0KonyViz\\.imports\\.temp\\import577878599\\nativebindings\\iOS\\10.0\\UIKit-iOS-10.0.zip",
                    "filepath": "E:\\Workspace\\8.0KonyViz\\BLogin\\nativebindings\\iOS\\10.0\\UIKit-iOS-10.0.zip",
                    "enable": true
                },
                "Kony_SyncV2-iOS-10.0": {
                    "title": "Kony_SyncV2",
                    "platform": "iOS",
                    "os": "10.0",
                    "url": "E:\\Workspace\\8.0KonyViz\\.imports\\.temp\\import577878599\\nativebindings\\iOS\\10.0\\Kony_SyncV2-iOS-10.0.zip",
                    "filepath": "E:\\Workspace\\8.0KonyViz\\BLogin\\nativebindings\\iOS\\10.0\\Kony_SyncV2-iOS-10.0.zip",
                    "enable": true
                }
            }
        },
        "Android": {
            "4.0": {
                "Kony_SyncV2-Android-4.0": {
                    "title": "Kony_SyncV2",
                    "platform": "Android",
                    "os": "4.0",
                    "url": "E:\\KonyVisualizerEnterprise8\\Kony_Visualizer_Enterprise\\configuration\\org.eclipse.osgi\\bundles\\459\\1\\.cp\\resources\\sdk\\nativeBindings\\Kony_SyncV2-Android-4.0.zip",
                    "filepath": "E:\\Workspace\\8.0KonyViz\\BLogin\\nativebindings\\Android\\4.0\\Kony_SyncV2-Android-4.0.zip",
                    "enable": true
                },
                "android.webkit-Android-4.0": {
                    "title": "android.webkit",
                    "platform": "Android",
                    "os": "4.0",
                    "url": "E:\\Workspace\\8.0KonyViz\\.imports\\.temp\\import577878599\\nativebindings\\Android\\4.0\\android.webkit-Android-4.0.zip",
                    "filepath": "E:\\Workspace\\8.0KonyViz\\BLogin\\nativebindings\\Android\\4.0\\android.webkit-Android-4.0.zip",
                    "enable": true
                }
            }
        }
    }
}